ticker,snapshot_date,articles,scored_articles,pos_hits,neg_hits,sentiment,thin,top_positive,top_negative,eightk_30d,eightk_90d,eightk_365d,days_since_8k,pulled_at
AAPG,2026-09-21,0,0,0,0,0.0,True,,,0.0,0.0,0.0,,2026-09-21 23:52:28.683172
ABBV,2026-09-21,64,12,8,4,0.394,False,AbbVie lines up Qulipta expansion with phase 3 win in untapped menstrual migraine indication - Fierce Pharma,"AbbVie's blood cancer therapy lowers disease progression, death risk in trial - Reuters",1.0,5.0,15.0,18.0,2026-09-21 23:52:29.205154
ABCL,2026-09-21,10,0,0,0,0.0,True,,,0.0,6.0,16.0,39.0,2026-09-21 23:52:29.775971
ABOS,2026-09-21,14,0,0,0,0.0,True,,,1.0,2.0,10.0,5.0,2026-09-21 23:52:30.211161
ACET,2026-09-21,2,0,0,0,0.0,True,,,2.0,3.0,14.0,13.0,2026-09-21 23:52:30.801122
ACLX,2026-09-21,2,6,4,2,0.333,False,Arcellx (ACLX) Q4 2025 Earnings: Narrower-Than-Expected Loss as EPS Beats Estimates - Earnings Power Value - dars.gov.et,,,,,,2026-09-21 23:52:31.307236
ALDX,2026-09-21,2,2,0,2,-1.0,True,,"Aldeyra Therapeutics, Inc. (ALDX) Investigation: Bronstein, Gewirtz & Grossman, LLC Encourages Investors to Contact the Firm to Learn More About the Investigation - ACCESS Newswire",0.0,2.0,11.0,53.0,2026-09-21 23:52:31.863310
ALGS,2026-09-21,10,2,2,0,1.0,True,Why is Aligos Therapeutics stock rallying 7% today? - Investing.com,,1.0,3.0,9.0,6.0,2026-09-21 23:52:32.313588
ALZN,2026-09-21,9,9,4,5,-0.193,False,ALZN Q2 2026 Earnings: Narrower-Than-Expected Loss Beats Consensus as Shares Dip - Post-Announcement Reaction - careplusvn.com,Alzamend Neuro Inc expected to post a loss of 23 cents a share - Earnings Preview - TradingView,0.0,2.0,9.0,49.0,2026-09-21 23:52:32.826118
AMGN,2026-09-21,82,29,10,19,-0.178,False,Amgen stock gains as FDA approval and price targets land - AD HOC NEWS,Amgen Falls 10% as Novartis Trial Failure Clouds a Cholesterol Drug Class; NVS Stock Drops 14% - Yahoo Finance,0.0,2.0,10.0,48.0,2026-09-21 23:52:33.748824
ANNX,2026-09-21,6,2,2,0,1.0,True,Annexon Reports Inducement Grants to New Employees Under Nasdaq Listing Rule 5635(c)(4) - Yahoo Finance,,0.0,4.0,12.0,40.0,2026-09-21 23:52:34.254214
ANRO,2026-09-21,3,0,0,0,0.0,True,,,1.0,4.0,12.0,25.0,2026-09-21 23:52:34.780578
APOG,2026-09-21,21,9,4,5,-0.009,False,AbbVie Completes Acquisition of Apogee Therapeutics - Yahoo Finance,"Apogee Therapeutics, Inc.(NasdaqGM: APGE) dropped from S&P TMI Index - marketscreener.com",2.0,6.0,15.0,7.0,2026-09-21 23:52:35.307687
ARDX,2026-09-21,31,11,0,11,-1.0,False,,Investors in Ardelyx face lawsuit over alleged misleading revenue guidance and stock drop. - Pluang,0.0,3.0,10.0,35.0,2026-09-21 23:52:35.884378
ARGX,2026-09-21,21,4,4,0,1.0,False,2 Wall Street Analysts Think Argenx Can Soar More Than 40%. Here's Why They're Right. - Yahoo Finance,,0.0,0.0,0.0,,2026-09-21 23:52:36.526908
ARVN,2026-09-21,8,3,1,2,-0.333,True,,"ARVN Q2 2026 Earnings: EPS Surges to $2.58 Against a Projected Loss, Though Shares Slip 2.18% - Earnings Deceleration Risk - careplusvn.com",0.0,2.0,16.0,48.0,2026-09-21 23:52:37.010981
ARWR,2026-09-21,30,2,2,0,1.0,True,Is Arrowhead Pharmaceuticals (ARWR) A Bargain On Strong ARO DIMER PA Trial Data? - simplywall.st,,0.0,1.0,10.0,48.0,2026-09-21 23:52:37.587734
ATOS,2026-09-21,5,2,0,2,-1.0,True,,"Atossa Therapeutics, Inc.(NasdaqCM: ATOS) dropped from S&P Global BMI Index - marketscreener.com",1.0,2.0,17.0,3.0,2026-09-21 16:43:53.559233
AVIR,2026-09-21,3,0,0,0,0.0,True,,,0.0,1.0,6.0,40.0,2026-09-21 23:52:37.993397
AVLN,2026-09-21,18,1,1,0,1.0,True,Avalyn Publishes Phase 1 Data Highlighting AP02’s Lung-Targeted Delivery and Encouraging Safety Profile - GlobeNewswire,,1.0,3.0,6.0,5.0,2026-09-21 23:52:38.687530
AXSM,2026-09-21,48,4,4,0,1.0,False,"Axsome Therapeutics, Inc. (AXSM) Stock Analysis: Promising 37% Upside Potential Amidst Strong Buy Ratings - DirectorsTalk Interviews",,0.0,2.0,13.0,42.0,2026-09-21 23:52:39.234529
AZN,2026-09-21,65,44,27,17,0.336,False,AstraZeneca (AZN) Wins FDA Approval for its Breast Cancer Pill After Regulators Voiced Doubts - Yahoo Finance,"AstraZeneca’s Etcamah flunks first-line breast cancer trial, adding to oral SERDs’ failure record - Fierce Pharma",0.0,0.0,0.0,,2026-09-21 23:52:39.925224
AZTR,2026-09-21,7,0,0,0,0.0,True,,,1.0,4.0,18.0,13.0,2026-09-21 16:43:56.050237
BBIO,2026-09-21,24,2,2,0,1.0,True,BridgeBio Pharma Reports Inducement Grants under Nasdaq Listing Rule 5635(c)(4) - The Manila Times,,1.0,6.0,18.0,21.0,2026-09-21 23:52:40.561034
BEAM,2026-09-21,23,8,6,2,0.303,False,Beam Therapeutics Targets Accelerated FDA Approval for Base-Editing Treatment - Yahoo Finance,BEAM Investors Have Opportunity to Join Beam Therapeutics Inc. Fraud Investigation with SBS Law - Business Wire,0.0,1.0,10.0,48.0,2026-09-21 23:52:41.330068
BFRI,2026-09-21,15,22,21,1,0.974,False,Biofrontera wins FDA approval for Ameluz to treat skin cancer - Investing.com,,1.0,2.0,15.0,7.0,2026-09-21 23:52:41.768548
BHVN,2026-09-21,8,3,0,3,-1.0,True,,Biohaven’s epilepsy drug hit with FDA clinical hold,2.0,5.0,14.0,11.0,2026-09-21 23:52:42.268135
BIIB,2026-09-21,28,10,7,3,0.508,False,Biogen (BIIB) Wins China Approval For At Home Weekly Alzheimer’s Treatment - simplywall.st,Biogen stock heads into the open after a 1.6 percent decline - AD HOC NEWS,0.0,2.0,14.0,54.0,2026-09-21 23:52:42.976119
BIOA,2026-09-21,4,3,0,3,-1.0,True,,"BIOAGE Labs Inc (BIOA) Risk Assessment: Volatility, Financial Risk & Investment Risk - TradingKey",0.0,1.0,9.0,47.0,2026-09-21 23:52:43.592655
BMEA,2026-09-21,9,3,2,1,-0.567,True,BMEA Surges 6.85%: Biomea Fusion Approaches Key $1.88 Resistance - Box Spread - careplusvn.com,"Biomea Fusion, Inc.(NasdaqGS: BMEA) dropped from S&P Global BMI Index - marketscreener.com",0.0,1.0,10.0,47.0,2026-09-21 16:44:00.375055
BMRN,2026-09-21,56,8,7,1,0.728,False,BioMarin Announces Positive Results of Phase 3 VOXZOGO® (vosoritide) Study in Hypochondroplasia Published in NEJM Evidence - PR Newswire,BioMarin drops Voxzogo development for Noonan syndrome as treatment landscape shifts - Fierce Pharma,4.0,7.0,22.0,6.0,2026-09-21 23:52:44.279010
BMY,2026-09-21,38,5,4,1,0.596,False,Bristol Myers Squibb Reports Positive Results for CAR T-Cell Therapy in Heavily Pretreated Multiple Myeloma - Cure Today,Bristol Myers Squibb (BMY) Declines More Than Market: Some Information for Investors - Yahoo Finance,0.0,1.0,9.0,53.0,2026-09-21 23:52:45.007162
BPRE,2026-09-21,0,0,0,0,0.0,True,,,0.0,2.0,2.0,45.0,2026-09-21 23:52:45.528157
BTAI,2026-09-21,45,12,1,11,-0.913,False,"Interim DIP Financing Approved for BioXcel Therapeutics, Inc. - marketscreener.com",BioXcel Therapeutics Received Notice of Delisting - TradingView,,,,,2026-09-21 23:52:46.099711
CADL,2026-09-21,20,10,5,5,0.287,False,Candel Therapeutics stock jumps on BofA upgrade to buy - Investing.com,CADL Q2 2026 Earnings: EPS of -$0.52 Misses Consensus by 115.41% as Shares Decline 3.41% - Quarterly Financial Update - careplusvn.com,2.0,4.0,13.0,11.0,2026-09-21 23:52:46.582145
CAPR,2026-09-21,55,31,4,27,-0.894,False,CAPR Stock Skyrockets 144% in a Month: What Is Driving the Rally? - TradingView,"1 WEEK CAPR INVESTOR DEADLINE: Capricor Therapeutics, Inc. Investors with Substantial Losses Have Opportunity to Lead Class Action Lawsuit - PR Newswire",1.0,6.0,15.0,28.0,2026-09-21 23:52:47.372855
CELZ,2026-09-21,5,0,0,0,0.0,True,,,1.0,2.0,6.0,21.0,2026-09-21 23:52:47.763293
CGEM,2026-09-21,32,2,2,0,1.0,True,Cullinan Therapeutics (NASDAQ:CGEM) Price Target Raised to $40.00 at BTIG Research - marketbeat.com,,1.0,3.0,14.0,7.0,2026-09-21 23:52:48.415095
CGEN,2026-09-21,10,2,2,0,1.0,True,All You Need to Know About Compugen (CGEN) Rating Upgrade to Buy - Yahoo Finance,,0.0,0.0,0.0,,2026-09-21 23:52:48.937001
CGON,2026-09-21,10,1,1,0,1.0,True,"CGON: Durable efficacy, operational simplicity, and pivotal trial catalysts drive strong outlook - TradingView",,0.0,1.0,11.0,46.0,2026-09-21 23:52:49.460966
CL,2026-09-21,50,2,2,0,1.0,True,Colgate Palmolive (India) stock gains after strong Q1 results and Piper Sandler target cut - AD HOC NEWS,,0.0,1.0,9.0,52.0,2026-09-21 23:52:50.282890
CLDX,2026-09-21,4,0,0,0,0.0,True,,,0.0,3.0,7.0,46.0,2026-09-21 23:52:50.820321
COCP,2026-09-21,9,0,0,0,0.0,True,,,1.0,5.0,20.0,12.0,2026-09-21 23:52:51.553051
COGT,2026-09-21,17,2,1,1,0.496,True,Cogent Bio wins third FDA review for lead asset (COGT:NASDAQ) - Seeking Alpha,How (COGT) Movements Inform Risk Allocation Models - Stock Traders Daily,1.0,3.0,11.0,19.0,2026-09-21 23:52:52.081286
CORT,2026-09-21,29,9,7,2,0.505,False,"Corcept Therapeutics shares surge 22% after Q2 beat, guidance raise - scanx.trade","Corcept Therapeutics (CORT) Dropped, So What Is Behind The Latest Attention? - simplywall.st",0.0,1.0,13.0,54.0,2026-09-21 23:52:52.662520
COYA,2026-09-21,14,1,1,0,1.0,True,Coya Therapeutics (COYA) Rises Modestly as Shares Hold Above $4.41 Support - Momentum Surge Alerts - dars.gov.et,,1.0,4.0,14.0,6.0,2026-09-21 23:52:53.460455
CRBP,2026-09-21,2,1,0,1,-1.0,True,,Corbus CRB-913 Delivers 5% Weight Loss in Phase 1b Obesity Study,1.0,3.0,19.0,7.0,2026-09-21 23:52:53.972294
CRDF,2026-09-21,20,5,4,1,0.377,False,Cardiff Oncology Shares Rise After Upgrade From HC Wainwright - Moomoo,"Cardiff Oncology, Inc.(NasdaqCM: CRDF) dropped from S&P Global BMI Index - marketscreener.com",1.0,3.0,14.0,7.0,2026-09-21 23:52:54.708965
CRDL,2026-09-21,23,6,1,5,-0.649,False,,Cardiol Therapeutics Inc. Class A (TSX:CRDL) Declines 6.86% as Selling Pressure Builds - kalkine.ca,0.0,0.0,0.0,,2026-09-21 23:52:55.274814
CSLLY,2026-09-21,3,1,0,1,-1.0,True,,Montco’s CSL Enters White House Pricing Framework Amid Layoffs at Home - MONTCO.Today,0.0,0.0,0.0,,2026-09-21 23:52:55.939511
CYTK,2026-09-21,39,5,5,0,1.0,False,Cytokinetics Announces Inducement Grants Under Nasdaq Listing Rule 5635(c)(4) - GlobeNewswire,,1.0,3.0,14.0,24.0,2026-09-21 23:52:56.554321
DBVT,2026-09-21,17,4,1,3,-0.301,False,,DBVT Slides As DBV Technologies Leads European Biotech Declines - timothysykes.com,0.0,2.0,12.0,67.0,2026-09-21 23:52:57.026186
DFNS,2026-09-21,1,0,0,0,0.0,True,,,3.0,11.0,47.0,10.0,2026-09-21 23:52:57.465877
DFTX,2026-09-21,8,4,4,0,1.0,False,Definium Reports Second Phase III Success in Anxiety Disorder Program,,2.0,5.0,17.0,7.0,2026-09-21 23:52:58.024718
DMAC,2026-09-21,6,2,1,1,0.147,True,Wall Street Analysts Think DiaMedica Therapeutics (DMAC) Could Surge 129.97%: Read This Before Placing a Bet - Eastern Progress,(DMAC) Risk Channels and Responsive Allocation - Stock Traders Daily,0.0,1.0,7.0,42.0,2026-09-21 23:52:58.534821
DNLI,2026-09-21,11,1,1,0,1.0,True,"DNLI: AVLAYAH's launch validates a brain-targeted biologics platform, driving pipeline and global expansion - TradingView",,0.0,2.0,16.0,46.0,2026-09-21 23:52:59.113089
DSGN,2026-09-21,2,0,0,0,0.0,True,,,0.0,1.0,8.0,49.0,2026-09-21 23:52:59.572659
DWTX,2026-09-21,5,0,0,0,0.0,True,,,0.0,1.0,13.0,39.0,2026-09-21 23:53:00.089880
EIKN,2026-09-21,12,4,4,0,1.0,False,"Mizuho Upgrades Eikon Therapeutics (NASDAQ:EIKN) to ""Strong-Buy"" - marketbeat.com",,0.0,3.0,8.0,38.0,2026-09-21 23:53:00.624166
ELDN,2026-09-21,6,0,0,0,0.0,True,,,0.0,1.0,8.0,39.0,2026-09-21 16:44:20.301314
ENLV,2026-09-21,2,1,0,1,-1.0,True,,Enlivex Therapeutics stock gains on upcoming Q1 2026 earnings and steep year-to-date decline - AD HOC NEWS,0.0,0.0,0.0,,2026-09-21 16:44:20.826366
ESLA,2026-09-21,0,0,0,0,0.0,True,,,1.0,3.0,9.0,13.0,2026-09-21 23:53:01.001819
EWTX,2026-09-21,8,1,1,0,1.0,True,Edgewise Therapeutics Reports Inducement Grants as permitted by the Nasdaq Listing Rules - PR Newswire,,0.0,3.0,10.0,46.0,2026-09-21 23:53:01.673868
FDMT,2026-09-21,15,3,3,0,1.0,True,4D Molecular Therapeutics Grants RSUs to Seven New Non-Executive Employees - Quiver Quantitative,,0.0,3.0,16.0,39.0,2026-09-21 23:53:02.222323
GEHC,2026-09-21,49,6,2,4,-0.208,False,GEHC Q2 2026 Earnings: EPS Beat of 7.03% as GE HealthCare Tops Consensus - CEO Earnings Statement - careplusvn.com,Securities Fraud Investigation Into GE HealthCare - GlobeNewswire,0.0,4.0,12.0,34.0,2026-09-21 16:44:23.475158
GILD,2026-09-21,53,11,6,5,0.085,False,Gilead Sciences Just Won Its Third FDA Approval in Less Than 4 Months. Is the Stock Still Underrating This Turnaround Play? - Yahoo Finance,THNR's Weight-Loss Index Swaps Hims & Hers for Gilead - ETF Database,0.0,1.0,10.0,48.0,2026-09-21 23:53:02.874492
GKOS,2026-09-21,14,1,1,0,1.0,True,Glaukos Corporation (GKOS) Investor Outlook: A Promising 17.88% Upside Potential in the Medical Device Sector - DirectorsTalk Interviews,,0.0,2.0,10.0,49.0,2026-09-21 23:53:03.354375
GMAB,2026-09-21,22,2,2,0,1.0,True,Genmab A/S (GMAB) Stock Analysis: Strong Buy Ratings and 12.66% Potential Upside Drive Investor Interest - DirectorsTalk Interviews,,0.0,0.0,0.0,,2026-09-21 23:53:03.977237
GNLX,2026-09-21,7,1,0,1,-1.0,True,,GNLX Q2 2026 Earnings: Wider-than-Expected Loss Reflects Continued Clinical Investment - Next Quarter Guidance - careplusvn.com,0.0,0.0,6.0,91.0,2026-09-21 23:53:04.557503
GOVX,2026-09-21,6,0,0,0,0.0,True,,,3.0,5.0,17.0,11.0,2026-09-21 23:53:05.033275
HAFC,2026-09-21,1,0,0,0,0.0,True,,,0.0,6.0,18.0,35.0,2026-09-21 23:53:05.585048
HRMY,2026-09-21,18,0,0,0,0.0,True,,,0.0,2.0,11.0,48.0,2026-09-21 23:53:06.143788
IBO,2026-09-21,2,1,1,0,1.0,True,IMPACT Therapeutics Wins EMA Panel Backing for Ovarian Cancer Drug Senaparib - TipRanks,,2.0,2.0,5.0,4.0,2026-09-21 23:53:06.760253
IBRX,2026-09-21,19,3,0,3,-1.0,True,,"Bronstein, Gewirtz & Grossman, LLC Announces an Investigation Against ImmunityBio, Inc. (IBRX) and Encourages Shareholders to Learn More About the Investigation - ACCESS Newswire",0.0,2.0,17.0,48.0,2026-09-21 23:53:07.550111
IDYA,2026-09-21,20,6,5,1,-0.211,False,"IDEAYA Biosciences Announces Successful FDA Type C Meeting for IDE849, DLL3 TOP1 ADC, on Phase 3 Registrational Trial Design for Potential Accelerated and Full Approval in Extensive Stage Small Cell Lung Cancer - PR News",How (IDYA) Movements Inform Risk Allocation Models - Stock Traders Daily,0.0,2.0,16.0,48.0,2026-09-21 23:53:08.017569
IMCR,2026-09-21,0,0,0,0,0.0,True,,,1.0,2.0,9.0,7.0,2026-09-21 23:53:08.479268
IMUX,2026-09-21,2,0,0,0,0.0,True,,,2.0,6.0,22.0,10.0,2026-09-21 23:53:09.001955
INCY,2026-09-21,22,3,3,0,1.0,True,Incyte Corporation (INCY) Stock Analysis: Navigating Biotech Growth with a 37.7% Revenue Surge - DirectorsTalk Interviews,,1.0,3.0,14.0,21.0,2026-09-21 23:53:09.579141
INO,2026-09-21,11,2,1,1,0.496,True,Inovio Pharmaceuticals Inc. stock outperforms competitors on strong trading day - MarketWatch,"INO Stockholders Have Opportunity to Lead Inovio Pharmaceuticals, Inc. Class Action Lawsuit – Contact Bronstein, Gewirtz and Grossman, LLC Today! - ACCESS Newswire",0.0,3.0,12.0,40.0,2026-09-21 23:53:10.068330
INSM,2026-09-21,25,14,12,2,0.881,False,"FDA Grants Priority Review to Insmed's sNDA for ARIKAYCE® (amikacin liposome inhalation suspension) for Treatment of MAC Lung Disease With PDUFA Target Action Date Set for January 28, 2027 - PR Newswire",Exiting Insmed (INSM) Following Disappointing Key Drug Uptake - Yahoo Finance,0.0,2.0,11.0,46.0,2026-09-21 23:53:10.666645
IONS,2026-09-21,33,14,8,6,-0.359,False,Ionis Drug Wins FDA Approval as First Alexander Disease Treatment - Yahoo Finance,Ionis Pharmaceuticals Eyes TRYNGOLZA Growth as Pipeline Faces Cardio Setbacks - Yahoo Finance,2.0,6.0,20.0,17.0,2026-09-21 23:53:11.203486
IRD,2026-09-21,29,10,8,2,0.618,False,Opus Genetics Announces Positive Low Dose Cohort 1 Data from Phase 1/2 Clinical Trial of OPGx-BEST1 and Successful FDA Type C Meeting with Potential Phase 3 Dosing in 2027 - Yahoo Finance,Opus Genetics (IRD) Declines 4.5% to $4.46 as Shares Approach Key Support - Insider Sentiment - careplusvn.com,2.0,3.0,19.0,10.0,2026-09-21 23:53:11.675524
IRON,2026-09-21,42,8,6,2,0.169,False,Disc Medicine Reports Positive Initial RESTORE-PV Results for DISC-3405 in Polycythemia Vera - Quiver Quantitative,"Rosen Law Firm Encourages Disc Medicine, Inc. Investors to Inquire About Securities Class Action Investigation - IRON - PR Newswire",1.0,4.0,16.0,11.0,2026-09-21 23:53:12.281810
JAZZ,2026-09-21,48,10,10,0,1.0,False,Jazz Pharmaceuticals debt upgraded by S&P on stronger recovery - Investing.com,,3.0,7.0,15.0,6.0,2026-09-21 23:53:12.805228
KARD,2026-09-21,3,0,0,0,0.0,True,,,0.0,2.0,2.0,41.0,2026-09-21 23:53:13.199468
KPRX,2026-09-21,6,0,0,0,0.0,True,,,1.0,3.0,10.0,13.0,2026-09-21 23:53:13.732270
KPTI,2026-09-21,11,8,8,0,1.0,False,Karyopharm Therapeutics submits sNDA seeking accelerated approval for selinexor plus ruxolitinib in myelofibrosis - TradingView,,3.0,6.0,17.0,3.0,2026-09-21 23:53:14.325520
KRYS,2026-09-21,30,10,10,0,1.0,False,"Rossi Dino A Granted 1,658 Derivative Securities of Krystal Biotech, Inc. on September 14, 2026 - Kalkine Media",,0.0,2.0,10.0,49.0,2026-09-21 23:53:14.831099
LABT,2026-09-21,1,0,0,0,0.0,True,,,0.0,1.0,3.0,68.0,2026-09-21 23:53:15.281850
LLY,2026-09-21,52,13,9,4,0.32,False,Lilly CEO Dave Ricks says Foundayo winning new pill patients - Yahoo Finance,Novo says CagriSema shows greater weight loss than Lilly rival in diabetes patients - Reuters,0.0,1.0,7.0,47.0,2026-09-21 23:53:15.983890
LRMR,2026-09-21,3,1,1,0,1.0,True,Why Did Larimar Therapeutics’ Stock Surge Over 30% Pre-Market Today? - Stocktwits,,0.0,2.0,15.0,48.0,2026-09-21 23:53:16.454481
LTRN,2026-09-21,7,0,0,0,0.0,True,,,0.0,2.0,10.0,38.0,2026-09-21 23:53:16.954198
LUMN,2026-09-21,3,0,0,0,0.0,True,,,0.0,1.0,31.0,48.0,2026-09-21 23:53:17.427616
MANE,2026-09-21,8,2,1,1,-0.333,True,Veradermics (MANE) Stock Looks Overvalued After Its 161% Rally,Veradermics at citigroup summit: oral hair-loss drug nears key data - Investing.com Nigeria,0.0,2.0,8.0,41.0,2026-09-21 23:53:18.028146
MAZE,2026-09-21,34,1,0,1,-1.0,True,,"Maze Therapeutics (MAZE) Slides On Weak Momentum, Is The Current Valuation About Right? - simplywall.st",0.0,2.0,10.0,35.0,2026-09-21 23:53:18.556191
MDGL,2026-09-21,16,3,3,0,1.0,True,Madrigal Pharmaceuticals Announces Grants of Inducement Awards under Nasdaq Listing Rule 5635(c)(4) - GlobeNewswire,,0.0,2.0,9.0,40.0,2026-09-21 23:53:19.159734
MDWD,2026-09-21,4,0,0,0,0.0,True,,,0.0,0.0,0.0,,2026-09-21 16:44:41.321524
MIRM,2026-09-21,26,4,3,1,0.524,False,Mirum Pharmaceuticals: Oversold And Set To Rally On Critical Pipeline-Related Events - Seeking Alpha,Precision Trading with Mirum Pharmaceuticals Inc. (MIRM) Risk Zones - Stock Traders Daily,1.0,2.0,16.0,13.0,2026-09-21 23:53:19.662594
MLTX,2026-09-21,1,0,0,0,0.0,True,,,0.0,3.0,12.0,42.0,2026-09-21 23:53:20.061948
MNKD,2026-09-21,9,4,0,4,-1.0,False,,MannKind (MNKD) Bets On Inhaled Weight Loss Amid Widening Losses,0.0,3.0,12.0,31.0,2026-09-21 23:53:20.641324
MRK,2026-09-21,3,2,2,0,1.0,True,Moderna Surges 9% as Phase 3 Melanoma Data Wins Presidential Symposium Slot; Merck and BioNTech Edge Higher,,0.0,1.0,7.0,48.0,2026-09-21 23:53:21.260619
NAMS,2026-09-21,32,13,9,4,0.69,False,NewAmsterdam Pharma wins EU approval for obicetrapib as Ubeslo and Evlarco - TradingView,Stifel reiterates Buy on NewAmsterdam Pharma stock after trial failure By Investing.com - Investing.com Australia,1.0,6.0,13.0,0.0,2026-09-21 23:53:21.763710
NBIX,2026-09-21,36,6,6,0,1.0,False,"Neurocrine Biosciences, Inc. (NBIX) Stock Analysis: Exploring a Promising 43% Potential Upside - DirectorsTalk Interviews",,0.0,2.0,9.0,52.0,2026-09-21 16:44:44.979299
NPCE,2026-09-21,29,4,3,1,0.706,False,"NeuroPace (NASDAQ:NPCE) Upgraded to ""Strong-Buy"" at KeyCorp - marketbeat.com",Precision Trading with Neuropace Inc. (NPCE) Risk Zones - Stock Traders Daily,0.0,2.0,6.0,41.0,2026-09-21 23:53:22.264781
NTHI,2026-09-21,3,4,1,3,-0.356,False,"NeOnc Executives Invest Approximately $629,000 in Open-Market Stock Purchases Following Positive NEO100 Phase 2a Results","NeOnc Technologies Holdings, Inc. Announces Pricing of $15 Million Registered Direct Offering Priced At-The-Market Under Nasdaq Rules with New and Existing Institutional Investors",3.0,11.0,34.0,0.0,2026-09-21 23:53:22.706805
NTLA,2026-09-21,32,16,12,4,0.674,False,Intellia Therapeutics Shares Rise as FDA Grants Priority Review to Lonvo-z,Intellia Therapeutics Secures Non-Dilutive Debt Facility with OrbiMed for up to $400 Million - Yahoo Finance,2.0,3.0,18.0,13.0,2026-09-21 23:53:23.570853
NUVB,2026-09-21,21,8,8,0,1.0,False,Nuvation Bio Announces FDA Approval of Supplemental New Drug Application for IBTROZI® (taletrectinib) with Updated Duration of Response in TKI-Naïve Advanced ROS1-Positive Non-Small Cell Lung Cancer - PR Newswire,,0.0,3.0,10.0,46.0,2026-09-21 23:53:24.125335
NVO,2026-09-21,82,25,6,19,-0.521,False,"Novo Nordisk's CagriSema Beats Tirzepatid in Head-to-Head Trial, Yet Shares Slide as London Strategy - AD HOC NEWS","Novo-Nordisk A/S's weight-loss drug CagriSema has ""hit a wall""! A 12.4% weight loss failed to allay market concerns. - news.futunn.com",0.0,0.0,0.0,,2026-09-21 23:53:24.752989
NVS,2026-09-21,7,8,1,7,-0.688,False,NVS Gets Positive CHMP Opinion for Cosentyx for Another Indication,Novartis (NVS) Faces Another Pipeline Setback as ALS Drug Fails Mid-Stage Trial - Yahoo Finance,0.0,0.0,0.0,,2026-09-21 23:53:25.323076
OCGN,2026-09-21,25,3,1,2,-0.333,True,,OCGN: Proposal to increase authorized shares delayed due to insufficient votes; adjournment approved - TradingView,1.0,3.0,21.0,13.0,2026-09-21 23:53:25.922374
OCS,2026-09-21,11,3,1,2,-0.746,True,Wall Street Analysts Believe Oculis Holding AG (OCS) Could Rally 199.75%: Here's is How to Trade,Oculis Holding AG: Navigating Through Major Trial Setback (NASDAQ:OCS) - Seeking Alpha,0.0,0.0,0.0,,2026-09-21 23:53:26.448624
OCUL,2026-09-21,18,7,7,0,1.0,False,Ocular Therapeutix (OCUL): Faster Path To Approval Comes With Rising Costs - Yahoo Finance,,0.0,1.0,11.0,49.0,2026-09-21 23:53:26.930075
OLMA,2026-09-21,19,5,3,2,-0.312,False,Olema Pharmaceuticals (NASDAQ: OLMA) grants CFO 650K options expiring in 2036 - Stock Titan,Olema Pharmaceuticals (OLMA) Shares Drop 15% After AstraZeneca B - GuruFocus,0.0,3.0,15.0,39.0,2026-09-21 23:53:27.736517
OMER,2026-09-21,5,3,3,0,1.0,True,OMER Stock Surges 5% After Hours On Novo Nordisk Deal Windfall And Drug Launch Optimism - Stocktwits,,0.0,5.0,13.0,39.0,2026-09-21 23:53:28.257655
ONC,2026-09-21,25,9,9,0,1.0,False,FDA Approval Marks A Turning Point For BeOne Medicines (ONC) - Yahoo Finance,,1.0,3.0,12.0,26.0,2026-09-21 23:53:28.862540
ORIC,2026-09-21,11,4,3,1,0.63,False,Oric Pharmaceuticals (ORIC) Stock Analysis: A 60% Upside Potential with Strong Buy Ratings in Biotech - DirectorsTalk Interviews,ORIC Falls After Hours On Safety Concerns Around Prostate Cancer Candidate At Higher Doses - Stocktwits,0.0,2.0,10.0,49.0,2026-09-21 23:53:29.359011
ORN,2026-09-21,0,0,0,0,0.0,True,,,1.0,3.0,15.0,0.0,2026-09-21 23:53:29.827575
PCVX,2026-09-21,36,5,1,4,-0.586,False,Vaxcyte stock holds near recent highs as OPUS-1 Phase 3 data window narrows - AD HOC NEWS,"Vaxcyte (PCVX) Dropped, So What Is Driving Attention Now? - Yahoo Finance",1.0,4.0,12.0,18.0,2026-09-21 23:53:30.599859
PEPG,2026-09-21,5,8,5,3,0.265,False,"PEPG Q2 2026 Earnings: Narrower Loss Beats Estimates, Shares Rise 4.35% - Consensus Beat Rate - dars.gov.et",PEPG Q2 2026 Earnings: Narrower-Than-Expected Loss Drives 3.34% Bounce - Earnings Miss Streak - careplusvn.com,0.0,1.0,13.0,46.0,2026-09-21 23:53:31.142366
PFE,2026-09-21,62,6,4,2,0.009,False,Pfizer (PFE) After FDA Vaccine Approval Faces A Fair Value Reality Check - Yahoo Finance,Medicuss Pfizer Deal Was Not a Fire Sale: A Strategic Bet on De-Risked ADC Drug - Streetwise Reports,0.0,1.0,10.0,48.0,2026-09-21 23:53:31.833631
PGEN,2026-09-21,15,1,1,0,1.0,True,FDA grants platform technology status to Precigen’s AdenoVerse - Investing.com,,0.0,2.0,5.0,48.0,2026-09-21 23:53:32.616514
PHAT,2026-09-21,4,1,0,1,-1.0,True,,"PHAT Investors Have Opportunity to Join Phathom Pharmaceuticals, Inc. Fraud Investigation with SBS Law - The National Law Review",0.0,2.0,11.0,53.0,2026-09-21 23:53:33.183623
PII,2026-09-21,3,0,0,0,0.0,True,,,0.0,1.0,9.0,55.0,2026-09-21 23:53:33.661348
PMVP,2026-09-21,15,3,1,2,-0.333,True,PMV Pharmaceuticals Announces Updated Promising Rezatapopt - GlobeNewswire,PMV Pharma Announces Pricing of Oversubscribed $50 Million Public Offering of Securities - GlobeNewswire,2.0,3.0,7.0,19.0,2026-09-21 23:53:34.091383
PRAX,2026-09-21,7,6,5,1,0.871,False,Praxis Precision Medicines: Still Potential Upside After Huge Rally (Rating Upgrade) - Seeking Alpha,"S&P 500 Futures Drop in Premarket Trading; Praxis Precision Meds, Science Applications Lead - Barron's",0.0,4.0,22.0,46.0,2026-09-21 23:53:34.766480
QNRX,2026-09-21,22,7,5,2,0.171,False,Quoin in line for priority review voucher if rare paediatric drug approved,Potential dilution looms as Quoin (NASDAQ: QNRX) registers ADS resales tied to warrant exercises - Stock Titan,2.0,5.0,15.0,11.0,2026-09-21 23:53:35.363669
RARE,2026-09-21,70,72,56,16,0.825,False,Ultragenyx's $4 million gene therapy wins FDA approval for a rare brain and nervous system disorder - The Business Journals,Ultragenyx drops on Phase 3 trial failure for Angelman syndrome drug (RARE:NASDAQ) - Seeking Alpha,2.0,5.0,19.0,4.0,2026-09-21 23:53:36.136772
REGN,2026-09-21,44,20,4,16,-0.404,False,Regeneron Beats Investor Suit Over Medicare Drug Price Reporting - Bloomberg Law News,"MONDAY REGN INVESTOR DEADLINE: Regeneron Pharmaceuticals, Inc. Investors with Substantial Losses Have Opportunity to Lead Shareholder Class Action Lawsuit, Robbins Geller Rudman & Dowd LLP Announces - FinancialContent",0.0,2.0,9.0,53.0,2026-09-21 23:53:36.655915
RGNX,2026-09-21,17,4,2,2,0.514,False,"RGNX: Late-stage gene therapy programs advance toward commercialization, with strong data and funding - TradingView",Regenxbio’s Gene Therapy Faces Another FDA Setback in Hunter Syndrome - Yahoo Finance,2.0,5.0,12.0,27.0,2026-09-21 23:53:37.313346
RNAC,2026-09-21,5,1,1,0,1.0,True,Cartesian Therapeutics Announces New Employment Inducement Grants - GlobeNewswire,,0.0,1.0,14.0,46.0,2026-09-21 23:53:37.831636
RPRX,2026-09-21,34,13,4,9,-0.173,False,Wall Street Zen Upgrades Royalty Pharma (NASDAQ:RPRX) to Strong-Buy - marketbeat.com,Royalty Pharma (RPRX): Can Downside Protection Offset Pelacarsen’s Phase 3 Failure? - Yahoo Finance,0.0,1.0,9.0,47.0,2026-09-21 23:53:38.403780
RYTM,2026-09-21,14,0,0,0,0.0,True,,,0.0,2.0,15.0,48.0,2026-09-21 23:53:38.906842
SBFM,2026-09-21,1,0,0,0,0.0,True,,,3.0,6.0,14.0,5.0,2026-09-21 23:53:39.400773
SGIOF,2026-09-21,11,8,8,0,1.0,False,Why Shionogi (TSE:4507) Is Up 5.4% After Winning Pediatric Approval For VTAMA Cream – And What’s Next - Yahoo Finance,,0.0,0.0,0.0,,2026-09-21 23:53:40.134570
SHNTY,2026-09-21,2,0,0,0,0.0,True,,,0.0,0.0,0.0,,2026-09-21 23:53:40.700781
SIGA,2026-09-21,8,3,0,3,-1.0,True,,SIGA Technologies: A Risk Analysis - Seeking Alpha,0.0,1.0,6.0,46.0,2026-09-21 23:53:41.364391
SKBBY,2026-09-21,2,3,3,0,1.0,True,"Kelun-Biotech's Partner Windward Bio Announces Positive Phase 2 Results of SKB378/WIN378 in Asthma, and Initiates Phase 3 Study - Eastern Progress",,0.0,0.0,0.0,,2026-09-21 23:53:41.890785
SKM,2026-09-21,0,0,0,0,0.0,True,,,0.0,0.0,0.0,,2026-09-21 23:53:42.409457
SKYE,2026-09-21,11,1,0,1,-1.0,True,,5AM funds sell Skye Bioscience (SKYE) shares after reverse split - Stock Titan,2.0,6.0,17.0,10.0,2026-09-21 23:53:42.938056
SLDB,2026-09-21,11,4,3,1,0.575,False,Solid Biosciences wins new Outperform at RBC on DMD opportunity - Seeking Alpha,"RBC Initiates Solid Biosciences at Outperform, Speculative Risk With $18 Price Target - marketscreener.com",0.0,1.0,6.0,46.0,2026-09-21 23:53:43.461409
SMMT,2026-09-21,16,5,5,0,1.0,False,SMMT Stock Soars on NSCLC Drug Survival Data Beating Keytruda in China,,4.0,8.0,19.0,6.0,2026-09-21 23:53:44.149205
SNDX,2026-09-21,21,5,5,0,1.0,False,"Syndax Pharmaceuticals, Inc. (SNDX) Stock Analysis: Unveiling a 112% Potential Upside with a Strong Buy Consensus - DirectorsTalk Interviews",,0.0,2.0,11.0,48.0,2026-09-21 23:53:44.701806
SNY,2026-09-21,36,8,4,4,-0.089,False,Press Release: Sanofi and Cheplapharm to create new strategic partnership in mature medicines - GlobeNewswire,Sanofi: Information concerning the total number of voting rights and shares - August 2026 - Yahoo Finance,0.0,0.0,0.0,,2026-09-21 23:53:45.565245
SOGP,2026-09-21,0,0,0,0,0.0,True,,,0.0,0.0,0.0,,2026-09-21 16:45:08.851935
SPTX,2026-09-21,17,6,6,0,1.0,False,Seaport Therapeutics Reports Positive Topline Results from Phase 1 Driving Simulation Trial of GlyphAllo™ in Healthy Volunteers - Yahoo Finance,,0.0,1.0,3.0,49.0,2026-09-21 16:45:09.479067
SRPT,2026-09-21,16,3,0,3,-1.0,True,,"Sarepta Therapeutics Investigation Initiated: Kahn Swick & Foti, LLC Investigates the Officers and Directors of Sarepta Therapeutics, Inc. - SRPT - PR Newswire",0.0,2.0,11.0,47.0,2026-09-21 23:53:46.086126
SRRK,2026-09-21,8,10,10,0,1.0,False,Scholar Rock Holding (SRRK) Wins FDA Approval for ISEMBYLD. Can Add-On Use Scale?,,2.0,4.0,15.0,6.0,2026-09-21 23:53:46.615273
STOK,2026-09-21,20,4,2,2,0.523,False,"Stoke Therapeutics Announces Inducement Grants Under Nasdaq Listing Rule 5635(C)(4) - September 16, 2026 - BioSpace","Stoke Therapeutics and Biogen Present Long-Term Clinical Data that Support the Disease-Modifying Potential of Zorevunersen, an Investigational Medicine for the Treatment of Dravet Syndrome, at the 16th European Epilepsy ",0.0,3.0,13.0,49.0,2026-09-21 23:53:47.132904
SUNI,2026-09-21,5,0,0,0,0.0,True,,,0.0,0.0,3.0,98.0,2026-09-21 23:53:47.729372
SUPN,2026-09-21,10,4,2,2,0.029,False,Supernus Pharmaceuticals Inc (SUPN) Shares Surge 3.6% -- What GF Score of 87 Tells Investors - GuruFocus,Supernus at Wells Fargo conference: growth after patent losses By Investing.com - Investing.com Canada,0.0,5.0,17.0,49.0,2026-09-21 23:53:48.405970
SVA,2026-09-21,0,0,0,0,0.0,True,,,0.0,0.0,0.0,9461.0,2026-09-21 23:53:48.868008
SXTP,2026-09-21,0,0,0,0,0.0,True,,,2.0,6.0,16.0,7.0,2026-09-21 23:53:49.395892
TAK,2026-09-21,36,18,17,1,0.85,False,Takeda Pharmaceutical (TAK) Gets Priority Review. Can Zasocitinib Win in Psoriasis? - Yahoo Finance,Takeda Can't Decertify Amitiza Class After $885M Jury Loss - Law360,0.0,0.0,0.0,,2026-09-21 23:53:50.144856
TECX,2026-09-21,13,4,3,1,0.689,False,"Tectonic Therapeutic (TECX) grants 24,250 options to its CMO - Stock Titan",TECX Q2 2026 Earnings: Narrower Loss Delivers 14.62% EPS Surprise; Shares Slip 3.41% - Forward EPS Estimate - dars.gov.et,0.0,1.0,8.0,46.0,2026-09-21 23:53:50.675868
TGTX,2026-09-21,14,6,3,3,0.102,False,"TG Therapeutics, Inc. (TGTX) Stock Analysis: Strong Revenue Growth and Promising Potential Upside for Investors - DirectorsTalk Interviews",TGTX Stock Pares Opening Losses After Analyst Dismisses Competition From Novartis,0.0,1.0,9.0,49.0,2026-09-21 23:53:51.329100
TLTFF,2026-09-21,14,1,1,0,1.0,True,Cancer fighter Theralase aims to turn lab wins into human trials | 2026-09-15 | Investing News - Stockhouse,,0.0,0.0,0.0,,2026-09-21 23:53:51.852030
TPB,2026-09-21,5,1,0,1,-1.0,True,,"Turning Point Brands (TPB) Stock Dropped, So What Is Driving Attention Now?",1.0,2.0,8.0,0.0,2026-09-21 23:53:52.283421
TRAW,2026-09-21,0,0,0,0,0.0,True,,,0.0,4.0,21.0,38.0,2026-09-21 16:45:17.574693
TVRD,2026-09-21,0,0,0,0,0.0,True,,,0.0,4.0,13.0,38.0,2026-09-21 16:45:18.060813
TVTX,2026-09-21,52,1,1,0,1.0,True,Travere Therapeutics Reports Inducement Grants Under Nasdaq Listing Rule 5635(c)(4) - marketscreener.com,,1.0,3.0,13.0,0.0,2026-09-21 23:53:52.961536
TYRA,2026-09-21,54,9,3,6,-0.243,False,"Stock grant lifts Tyra Biosciences (NASDAQ: TYRA) finance VP stake to 11,258 shares - Stock Titan",Tyra Biosciences Stock Plunges 22% as Bladder Cancer Pill Fails to Impress,2.0,3.0,11.0,6.0,2026-09-21 23:53:53.436174
URGN,2026-09-21,13,4,4,0,1.0,False,UroGen Pharma advances with strong Zusduri sales and promising URGN-103 approval ahead - Pluang,,0.0,3.0,8.0,32.0,2026-09-21 23:53:54.270720
VERA,2026-09-21,25,11,10,1,0.807,False,Vera set for full FDA approval of Trutakna after late-stage trial win - Seeking Alpha,"VERA Stock Jumps 16% Premarket – Trutakna Cuts Kidney Disease Progression Risk By 76%, Full FDA Filing Planned In Q4 - TradingView",1.0,4.0,14.0,6.0,2026-09-21 23:53:54.863878
VERX,2026-09-21,5,0,0,0,0.0,True,,,0.0,1.0,8.0,49.0,2026-09-21 23:53:55.523264
VIR,2026-09-21,14,1,1,0,1.0,True,"WINTON GROUP Ltd Trims Stake in Vir Biotechnology, Inc. $VIR - marketbeat.com",,0.0,2.0,13.0,47.0,2026-09-21 23:53:56.046678
VNDA,2026-09-21,9,2,1,1,-0.6,True,DC’s Vanda Pharmaceuticals Wins EU Orphan Status for Its Rare Skin Disease Drug - BioBuzz,Vanda Pharmaceuticals stock slips as 2025 loss widens - AD HOC NEWS,0.0,1.0,15.0,47.0,2026-09-21 23:53:56.569027
VRTX,2026-09-21,8,1,1,0,1.0,True,"Vertex Pharmaceuticals (VRTX) executive gets 8,682-share stock grant - Stock Titan",,1.0,3.0,9.0,20.0,2026-09-21 23:53:56.990384
VSTM,2026-09-21,13,1,0,1,-1.0,True,,Verastem Repeat Insider Selling Not A Positive Indicator - Moomoo,0.0,3.0,15.0,45.0,2026-09-21 23:53:57.622602
XENE,2026-09-21,51,15,1,14,-0.836,False,Why Xenon Pharmaceuticals (XENE) Is Down 32.2% After Pausing Psychiatry Trials Despite Positive NDA Data - Yahoo Finance,Xenon Stock Craters 30% on Drug Trial Setback. Its Failure Could Be This Biotech’s Gain.,0.0,1.0,13.0,46.0,2026-09-21 23:53:58.153176
ZBIO,2026-09-21,0,0,0,0,0.0,True,,,0.0,1.0,10.0,39.0,2026-09-21 23:53:58.799786
ZLAB,2026-09-21,1,0,0,0,0.0,True,,,0.0,1.0,7.0,46.0,2026-09-21 23:53:59.198872
ZURA,2026-09-21,1,1,0,1,-1.0,True,,Zura Bio (ZURA) Hits Enrollment Milestones As Losses Widen Sharply,0.0,3.0,21.0,35.0,2026-09-21 23:53:59.712141
ZYME,2026-09-21,18,1,1,0,1.0,True,Zymeworks stock gains on merger approval and a $41 target - AD HOC NEWS,,1.0,3.0,13.0,27.0,2026-09-21 23:54:00.390628
ABBV,2026-09-22,81,27,24,3,0.922,False,AbbVie's Rinvoq Wins EU Approval in Juvenile Idiopathic Arthritis - Yahoo Finance,"AbbVie's blood cancer therapy lowers disease progression, death risk in trial - Reuters",1.0,5.0,15.0,19.0,2026-09-22 13:23:34.558709
ABCL,2026-09-22,13,2,2,0,1.0,True,ABCL Stock Surges 121% in 3 Months: Here's What You Need to Know - Yahoo Finance,,0.0,6.0,16.0,40.0,2026-09-22 13:23:35.238433
ABVX,2026-09-22,29,9,3,6,-0.437,False,Abivax SA Sponsored ADR (ABVX) Upgraded to Buy: Here's Why - Eastern Progress,Abivax (NASDAQ:ABVX) Shares Down 3.4% Following Weak Earnings - MarketBeat,0.0,0.0,0.0,,2026-09-22 13:23:35.974544
ACLX,2026-09-22,0,0,0,0,0.0,True,,,,,,,2026-09-22 13:23:36.983832
ADAG,2026-09-22,19,7,6,1,0.561,False,Adagene (ADAG) Upgraded to Buy: Here's What You Should Know - Eastern Progress,Adagene Announces NMPA Clearance of Investigational New - GlobeNewswire,0.0,0.0,0.0,,2026-09-22 13:23:37.509887
ALKS,2026-09-22,10,3,3,0,1.0,True,Alkermes Posts Positive Data From Phase I ADHD Study on ALKS 7290,,2.0,6.0,20.0,1.0,2026-09-22 13:23:39.270335
AMGN,2026-09-22,90,35,21,14,0.537,False,AMGEN ANNOUNCES POSITIVE TOPLINE PHASE 3 RESULTS FOR DAZODALIBEP IN MODERATE-TO-SEVERE SYSTEMIC SJÖGREN'S DISEASE - PR Newswire,Amgen Falls 10% as Novartis Trial Failure Clouds a Cholesterol Drug Class; NVS Stock Drops 14% - Yahoo Finance,0.0,2.0,10.0,49.0,2026-09-22 13:23:40.519417
ANNX,2026-09-22,5,3,3,0,1.0,True,Annexon Reports Inducement Grants to New Employees Under Nasdaq Listing Rule 5635(c)(4) - Yahoo Finance,,0.0,4.0,12.0,41.0,2026-09-22 13:23:41.185683
APOG,2026-09-22,20,10,5,5,0.407,False,AbbVie Completes Acquisition of Apogee Therapeutics - Yahoo Finance,"Apogee Therapeutics, Inc.(NasdaqGM: APGE) dropped from S&P TMI Index - marketscreener.com",2.0,6.0,15.0,8.0,2026-09-22 13:23:41.849242
ARDX,2026-09-22,32,13,0,13,-1.0,False,,Investors in Ardelyx face lawsuit over alleged misleading revenue guidance and stock drop. - Pluang,0.0,3.0,10.0,36.0,2026-09-22 13:23:42.534365
ARGX,2026-09-22,22,5,5,0,1.0,False,2 Wall Street Analysts Think Argenx Can Soar More Than 40%. Here's Why They're Right. - Yahoo Finance,,0.0,0.0,0.0,,2026-09-22 13:23:43.278149
AURA,2026-09-22,8,4,2,2,-0.418,False,Aura Biosciences Announces Inducement Grants under Nasdaq Listing Rule 5635(c)(4) - GlobeNewswire,AURA Q2 2026 Earnings: Wider-Than-Expected Loss as Clinical-Stage Biotech Misses EPS Estimate - Low Growth Earnings - dars.gov.et,0.0,3.0,10.0,42.0,2026-09-22 13:23:44.552727
AZN,2026-09-22,56,30,22,8,0.596,False,Enhertu recommended for approval in the EU by CHMP as adjuvant treatment for patients with residual disease after neoadjuvant treatment for HER2-positive early breast cancer - AstraZeneca,"Stripped of AstraZeneca safety net, BMS could face ‘carnage’ if high-risk clinical trial fails - BioSpace",0.0,0.0,0.0,,2026-09-22 13:23:47.359472
BCDA,2026-09-22,10,0,0,0,0.0,True,,,3.0,5.0,32.0,1.0,2026-09-22 13:23:49.305982
BFRI,2026-09-22,12,16,15,1,0.963,False,Biofrontera wins FDA approval for Ameluz to treat skin cancer - Investing.com,,1.0,2.0,15.0,8.0,2026-09-22 13:23:50.624990
BIIB,2026-09-22,28,9,6,3,0.416,False,Biogen (BIIB) Wins China Approval For At Home Weekly Alzheimer’s Treatment - simplywall.st,Biogen stock heads into the open after a 1.6 percent decline - AD HOC NEWS,0.0,2.0,14.0,55.0,2026-09-22 13:23:51.977212
BMEA,2026-09-22,10,4,2,2,-0.717,False,BMEA Surges 6.85%: Biomea Fusion Approaches Key $1.88 Resistance - Box Spread - careplusvn.com,"Biomea Fusion, Inc.(NasdaqGS: BMEA) dropped from S&P Global BMI Index - marketscreener.com",0.0,1.0,10.0,48.0,2026-09-22 13:23:53.512889
BNTX,2026-09-22,55,13,8,5,0.166,False,Moderna Surges 9% as Phase 3 Melanoma Data Wins Presidential Symposium Slot; Merck and BioNTech Edge Higher,BioNTech Stock Recently Got Downgraded. But Is Wall Street Underestimating Its Cancer Pipeline? - Currently.com,0.0,0.0,0.0,,2026-09-22 13:23:55.172880
BRTX,2026-09-22,6,3,0,3,-1.0,True,,BioRestorative Therapies Announces Reverse Stock Split - Ortho Spine News,5.0,7.0,16.0,11.0,2026-09-22 13:23:56.632502
BTAI,2026-09-22,39,13,0,13,-1.0,False,,BioXcel Therapeutics Received Notice of Delisting - TradingView,,,,,2026-09-22 13:23:57.446209
CAPR,2026-09-22,56,28,4,24,-0.89,False,CAPR Stock Skyrockets 144% in a Month: What Is Driving the Rally? - TradingView,"CAPR INVESTOR DEADLINE: Capricor Therapeutics, Inc. Investors with Substantial Losses Have Opportunity to Lead Shareholder Class Action Lawsuit Before September 28, 2026 Deadline - newsfilecorp.com",1.0,6.0,15.0,29.0,2026-09-22 13:23:59.032860
CGEN,2026-09-22,8,0,0,0,0.0,True,,,0.0,0.0,0.0,,2026-09-22 00:38:55.790880
CL,2026-09-22,51,3,2,1,0.144,True,Colgate Palmolive (India) stock gains after strong Q1 results and Piper Sandler target cut - AD HOC NEWS,Colgate-Palmolive stock heads into the open after a 1.38 percent drop - AD HOC NEWS,0.0,1.0,9.0,53.0,2026-09-22 00:38:57.118394
CLDX,2026-09-22,24,7,4,3,0.143,False,Celldex monoclonal antibody rebounds with pair of phase 3 wins for chronic skin condition - Fierce Biotech,"CLDX Stock Slumps 11% – This Analyst Sees Nearly 90% Upside, Calls Phase 3 Trial Safety Concerns ‘Misplaced’ - TradingView",1.0,4.0,8.0,0.0,2026-09-22 13:24:01.489071
CMND,2026-09-22,27,5,5,0,1.0,False,"Clearmind Medicine Receives Yale IRB Approval, Enabling Patient Recruitment for Parts B and C of CMND-100 Phase I/II Trial, Following Positive Safety Results - The Manila Times",,0.0,0.0,0.0,,2026-09-22 13:24:02.169866
CNTB,2026-09-22,1,1,0,1,-1.0,True,,Connect Biopharma Rademikibart Phase 2 Data Shows Lung Function Improvement but Primary Endpoint Misses Significance,1.0,2.0,8.0,7.0,2026-09-22 13:24:02.682959
DBVT,2026-09-22,19,5,2,3,-0.164,False,DBV Technologies (DBVT) Soars 5.3%: Is Further Upside Left in the Stock? - Eastern Progress,DBVT Slides As DBV Technologies Leads European Biotech Declines - timothysykes.com,0.0,2.0,12.0,68.0,2026-09-22 00:39:04.759640
DCTH,2026-09-22,11,2,2,0,1.0,True,Wall Street Analysts Believe Delcath Systems (DCTH) Could Rally 52.44%: Here's is How to Trade - Eastern Progress,,0.0,2.0,10.0,39.0,2026-09-22 13:24:07.411109
ENLV,2026-09-22,3,2,0,2,-1.0,True,,Enlivex terminates securities deal with Rain Foundation By Investing.com - Investing.com Canada,0.0,0.0,0.0,,2026-09-22 13:24:10.614747
ENTA,2026-09-22,3,0,0,0,0.0,True,,,0.0,2.0,12.0,43.0,2026-09-22 13:24:11.376579
EWTX,2026-09-22,12,2,2,0,1.0,True,EWTX: EDG-7500 improves cardiac relaxation in HCM and advances to Phase 3 after positive Phase 2 data - TradingView,,0.0,3.0,10.0,47.0,2026-09-22 13:24:12.654808
GEHC,2026-09-22,47,3,0,3,-1.0,True,,Securities Fraud Investigation Into GE HealthCare - GlobeNewswire,0.0,4.0,12.0,35.0,2026-09-22 13:24:14.139414
GILD,2026-09-22,50,8,5,3,0.236,False,Gilead Sciences Just Won Its Third FDA Approval in Less Than 4 Months. Is the Stock Still Underrating This Turnaround Play? - Yahoo Finance,THNR's Weight-Loss Index Swaps Hims & Hers for Gilead - ETF Database,0.0,1.0,10.0,49.0,2026-09-22 13:24:14.789849
GNLX,2026-09-22,5,0,0,0,0.0,True,,,0.0,0.0,6.0,92.0,2026-09-22 13:24:16.754036
GRCE,2026-09-22,0,0,0,0,0.0,True,,,1.0,4.0,13.0,4.0,2026-09-22 13:24:17.445168
HELP,2026-09-22,3,0,0,0,0.0,True,,,0.0,0.0,0.0,,2026-09-22 13:24:17.893071
IDYA,2026-09-22,19,3,2,1,-0.567,True,Citizens upgrades Ideaya Biosciences stock rating on IDE849 progress - Investing.com,How (IDYA) Movements Inform Risk Allocation Models - Stock Traders Daily,0.0,1.0,16.0,49.0,2026-09-22 00:39:16.277069
IMVT,2026-09-22,2,0,0,0,0.0,True,,,1.0,2.0,8.0,19.0,2026-09-22 13:24:20.174089
INCY,2026-09-22,21,4,3,1,0.24,False,Incyte Corporation (INCY) Stock Analysis: Navigating Biotech Growth with a 37.7% Revenue Surge - DirectorsTalk Interviews,"Incyte's Colorectal Cancer Program Remains Risky, Long-Term, RBC Says",1.0,3.0,14.0,22.0,2026-09-22 13:24:20.874591
IONS,2026-09-22,35,17,11,6,0.155,False,Ionis Drug Wins FDA Approval as First Alexander Disease Treatment - Yahoo Finance,Ionis Pharmaceuticals Eyes TRYNGOLZA Growth as Pipeline Faces Cardio Setbacks - Yahoo Finance,2.0,6.0,20.0,18.0,2026-09-22 13:24:22.635766
IRON,2026-09-22,40,7,5,2,0.22,False,Disc Medicine Reports Positive Initial RESTORE-PV Results for DISC-3405 in Polycythemia Vera - Quiver Quantitative,"Rosen Law Firm Encourages Disc Medicine, Inc. Investors to Inquire About Securities Class Action Investigation - IRON - PR Newswire",1.0,4.0,16.0,12.0,2026-09-22 13:24:23.938352
JAZZ,2026-09-22,45,8,8,0,1.0,False,Jazz Pharmaceuticals debt upgraded by S&P on stronger recovery - Investing.com,,3.0,7.0,15.0,7.0,2026-09-22 13:24:24.722478
KARD,2026-09-22,3,0,0,0,0.0,True,,,0.0,1.0,2.0,42.0,2026-09-22 13:24:25.408893
KOD,2026-09-22,5,0,0,0,0.0,True,,,0.0,1.0,7.0,40.0,2026-09-22 13:24:25.948857
KPTI,2026-09-22,8,4,4,0,1.0,False,Karyopharm Seeks FDA Approval for XPOVIO Plus Ruxolitinib in Myelofibrosis - Cure Today,,3.0,6.0,17.0,4.0,2026-09-22 13:24:27.343291
KRYS,2026-09-22,30,12,11,1,0.68,False,"Rossi Dino A Granted 1,658 Derivative Securities of Krystal Biotech, Inc. on September 14, 2026 - Kalkine Media",Precision Trading with Krystal Biotech Inc. (KRYS) Risk Zones - Stock Traders Daily,0.0,2.0,10.0,50.0,2026-09-22 13:24:28.092422
LLY,2026-09-22,54,9,4,5,-0.318,False,What Lilly Stock's Breast Cancer Drug Approval Means For Shareholders - simplywall.st,Novo Nordisk and Eli Lilly are being sued over weight loss drugs' link to vision loss - qz.com,0.0,1.0,7.0,48.0,2026-09-22 13:24:28.921985
LXEO,2026-09-22,14,0,0,0,0.0,True,,,1.0,3.0,13.0,0.0,2026-09-22 13:24:30.295060
MCUJF,2026-09-22,15,2,0,2,-1.0,True,,Medicure Inc. Stock Under Pressure After 4.67% Decline: Is Weak Sentiment Signaling Further Downside? - kalkine.ca,0.0,0.0,0.0,,2026-09-22 13:24:32.363654
MDWD,2026-09-22,7,1,0,1,-1.0,True,,Reviewers found no safety concerns in MediWound's wound trial. - Stock Titan,0.0,0.0,0.0,,2026-09-22 13:24:33.625264
MRK,2026-09-22,4,0,0,0,0.0,True,,,0.0,1.0,7.0,49.0,2026-09-22 13:24:36.271872
NAMS,2026-09-22,33,14,9,5,0.459,False,NewAmsterdam Pharma wins EU approval for obicetrapib as Ubeslo and Evlarco - TradingView,Stifel reiterates Buy on NewAmsterdam Pharma stock after trial failure By Investing.com - Investing.com Australia,1.0,6.0,13.0,1.0,2026-09-22 13:24:36.949433
NTHI,2026-09-22,3,4,1,3,-0.356,False,"NeOnc Executives Invest Approximately $629,000 in Open-Market Stock Purchases Following Positive NEO100 Phase 2a Results","NeOnc Technologies Holdings, Inc. Announces Pricing of $15 Million Registered Direct Offering Priced At-The-Market Under Nasdaq Rules with New and Existing Institutional Investors",3.0,10.0,34.0,1.0,2026-09-22 13:24:38.871157
NTLA,2026-09-22,32,17,14,3,0.834,False,Intellia Therapeutics Shares Rise as FDA Grants Priority Review to Lonvo-z,Intellia Therapeutics Secures Non-Dilutive Debt Facility with OrbiMed for up to $400 Million - Yahoo Finance,2.0,3.0,18.0,14.0,2026-09-22 13:24:39.487152
NUVB,2026-09-22,18,6,6,0,1.0,False,Nuvation Bio Announces FDA Approval of Supplemental New Drug Application for IBTROZI® (taletrectinib) with Updated Duration of Response in TKI-Naïve Advanced ROS1-Positive Non-Small Cell Lung Cancer - PR Newswire,,0.0,3.0,10.0,47.0,2026-09-22 13:24:40.108231
NVO,2026-09-22,97,31,3,28,-0.839,False,Novo Nordisk says Wegovy approved in China for liver disease MASH - Reuters,"Novo-Nordisk A/S's weight-loss drug CagriSema has ""hit a wall""! A 12.4% weight loss failed to allay market concerns. - 富途牛牛",0.0,0.0,0.0,,2026-09-22 13:24:40.998822
NVS,2026-09-22,8,6,1,5,-0.566,False,NVS Gets Positive CHMP Opinion for Cosentyx for Another Indication,Novartis halts ALS drug development after mid-stage trial failure - Reuters,0.0,0.0,0.0,,2026-09-22 13:24:41.758768
OCGN,2026-09-22,26,0,0,0,0.0,True,,,1.0,3.0,21.0,14.0,2026-09-22 13:24:42.423731
OCS,2026-09-22,11,2,0,2,-1.0,True,,Oculis Holding AG: Navigating Through Major Trial Setback (NASDAQ:OCS) - Seeking Alpha,0.0,0.0,0.0,,2026-09-22 13:24:43.414769
OGN,2026-09-22,5,1,1,0,1.0,True,Organon (OGN) Wins FDA Review Acceptance For Its Hormone Free Contraceptive Device,,0.0,3.0,12.0,53.0,2026-09-22 13:24:44.772376
OLMA,2026-09-22,17,5,3,2,-0.312,False,Olema Pharmaceuticals (NASDAQ: OLMA) grants CFO 650K options expiring in 2036 - Stock Titan,Olema Pharmaceuticals (OLMA) Shares Drop 15% After AstraZeneca B - GuruFocus,0.0,2.0,15.0,40.0,2026-09-22 13:24:45.339794
ONC,2026-09-22,22,7,7,0,1.0,False,FDA Approval Marks A Turning Point For BeOne Medicines (ONC) - Yahoo Finance,,1.0,3.0,12.0,27.0,2026-09-22 13:24:45.992903
ORIC,2026-09-22,12,4,3,1,0.287,False,Oric Pharmaceuticals (ORIC) Stock Analysis: A 60% Upside Potential with Strong Buy Ratings in Biotech - DirectorsTalk Interviews,ORIC Falls After Hours On Safety Concerns Around Prostate Cancer Candidate At Higher Doses - Stocktwits,0.0,2.0,10.0,50.0,2026-09-22 13:24:46.572022
PCRX,2026-09-22,2,1,1,0,1.0,True,Pacira BioSciences Reports Inducement Grants Under Nasdaq Listing Rule 5635(c)(4) - markets.businessinsider.com,,0.0,2.0,8.0,49.0,2026-09-22 13:24:47.507011
PCVX,2026-09-22,33,3,1,2,-0.309,True,Vaxcyte stock holds near recent highs as OPUS-1 Phase 3 data window narrows - AD HOC NEWS,Vaxcyte Has $2.5 Billion in Cash and a $605 Million Half-Year Loss. Here's How to Read Its CFO's Latest Insider Filing - The Motley Fool,1.0,3.0,12.0,19.0,2026-09-22 13:24:48.311880
PEPG,2026-09-22,4,5,3,2,0.223,False,"PEPG Q2 2026 Earnings: Narrower Loss Beats Estimates, Shares Rise 4.35% - Consensus Beat Rate - dars.gov.et",PEPG Q2 2026 Earnings: Narrower-Than-Expected Loss Drives 3.34% Bounce - Earnings Miss Streak - careplusvn.com,0.0,1.0,13.0,47.0,2026-09-22 13:24:48.853412
PFE,2026-09-22,68,7,3,4,-0.615,False,Pfizer (PFE) After FDA Vaccine Approval Faces A Fair Value Reality Check - Yahoo Finance,Pfizer Refocuses Growth Strategy as New Products Offset COVID Decline - Yahoo Finance,0.0,1.0,10.0,49.0,2026-09-22 13:24:49.549057
PHAT,2026-09-22,4,1,0,1,-1.0,True,,"PHAT Investors Have Opportunity to Join Phathom Pharmaceuticals, Inc. Fraud Investigation with SBS Law - The National Law Review",0.0,1.0,11.0,54.0,2026-09-22 00:39:43.444547
PMVP,2026-09-22,9,0,0,0,0.0,True,,,2.0,3.0,7.0,20.0,2026-09-22 13:24:51.279691
PRAX,2026-09-22,6,5,5,0,1.0,False,Praxis Precision Medicines: Still Potential Upside After Huge Rally (Rating Upgrade) - Seeking Alpha,,0.0,4.0,22.0,47.0,2026-09-22 13:24:51.978194
QNRX,2026-09-22,22,11,8,3,0.382,False,Quoin in line for priority review voucher if rare paediatric drug approved,Potential dilution looms as Quoin (NASDAQ: QNRX) registers ADS resales tied to warrant exercises - Stock Titan,2.0,4.0,15.0,12.0,2026-09-22 13:24:52.524232
RARE,2026-09-22,68,70,57,13,0.87,False,Ultragenyx's $4 million gene therapy wins FDA approval for a rare brain and nervous system disorder - The Business Journals,Ultragenyx drops on Phase 3 trial failure for Angelman syndrome drug (RARE:NASDAQ) - Seeking Alpha,2.0,5.0,19.0,5.0,2026-09-22 13:24:53.100260
RCUS,2026-09-22,15,5,4,1,0.608,False,Arcus Biosciences Announces New Employment Inducement Grants - marketscreener.com,,0.0,1.0,12.0,48.0,2026-09-22 13:24:53.745466
REGN,2026-09-22,46,19,4,15,-0.446,False,Regeneron Beats Investor Suit Over Medicare Drug Price Reporting - Bloomberg Law News,"MONDAY REGN INVESTOR DEADLINE: Regeneron Pharmaceuticals, Inc. Investors with Substantial Losses Have Opportunity to Lead Shareholder Class Action Lawsuit, Robbins Geller Rudman & Dowd LLP Announces - FinancialContent",0.0,2.0,9.0,54.0,2026-09-22 13:24:54.302376
RYTM,2026-09-22,12,1,1,0,1.0,True,Rhythm Pharmaceuticals Announces Health Canada Approval of IMCIVREE® (setmelanotide) for Weight Management in Adult and Pediatric Patients 4 years of Age and Older with Acquired Hypothalamic Obesity - The Manila Times,,0.0,2.0,15.0,49.0,2026-09-22 13:24:56.423058
SKYE,2026-09-22,11,1,0,1,-1.0,True,,5AM funds sell Skye Bioscience (SKYE) shares after reverse split - Stock Titan,2.0,5.0,17.0,11.0,2026-09-22 13:24:59.326780
SLN,2026-09-22,2,0,0,0,0.0,True,,,0.0,4.0,15.0,41.0,2026-09-22 13:25:00.030504
SNY,2026-09-22,37,7,4,3,0.146,False,Press Release: Sanofi and Cheplapharm to create new strategic partnership in mature medicines - GlobeNewswire,Sanofi: Information concerning the total number of voting rights and shares - August 2026 - Yahoo Finance,0.0,0.0,0.0,,2026-09-22 13:25:02.086238
SRPT,2026-09-22,15,2,0,2,-1.0,True,,"Sarepta Therapeutics Investigation Initiated: Kahn Swick & Foti, LLC Investigates the Officers and Directors of Sarepta Therapeutics, Inc. - SRPT - PR Newswire",0.0,2.0,11.0,48.0,2026-09-22 13:25:03.414738
SUPN,2026-09-22,6,2,1,1,0.333,True,Supernus Pharmaceuticals Inc (SUPN) Shares Surge 3.6% -- What GF Score of 87 Tells Investors - GuruFocus,Supernus at Wells Fargo conference: growth after patent losses By Investing.com - Investing.com Canada,0.0,5.0,17.0,50.0,2026-09-22 13:25:05.434106
SYRE,2026-09-22,28,7,5,2,0.675,False,Spyre Therapeutics Announces Grants of Inducement Awards - The Manila Times,"Spyre Therapeutics (SYRE) Advances 2.12% to $90.87, Holding Above Key Support - Risk Parity Rebalance - careplusvn.com",2.0,3.0,15.0,14.0,2026-09-22 13:25:07.191094
TAK,2026-09-22,34,14,14,0,1.0,False,Takeda Pharmaceutical (TAK) Gets Priority Review. Can Zasocitinib Win in Psoriasis? - Yahoo Finance,,0.0,0.0,0.0,,2026-09-22 13:25:07.931276
TARA,2026-09-22,4,0,0,0,0.0,True,,,0.0,2.0,12.0,42.0,2026-09-22 13:25:08.522369
TDAC,2026-09-22,0,0,0,0,0.0,True,,,0.0,2.0,6.0,57.0,2026-09-22 13:25:09.275320
TGTX,2026-09-22,12,3,0,3,-1.0,True,,TGTX Stock Pares Opening Losses After Analyst Dismisses Competition From Novartis,0.0,1.0,9.0,50.0,2026-09-22 13:25:10.037813
TLSA,2026-09-22,20,3,1,2,-0.426,True,Tiziana (TLSA) Up +25.96% — Will the Rally Hold Through Earnings? 2026-09-17 - Combination Correction - siam.in,Tiziana Life Sciences Ltd(NasdaqCM: TLSA) dropped from S&P Global BMI Index - marketscreener.com,0.0,0.0,0.0,1797.0,2026-09-22 13:25:10.523672
TLX,2026-09-22,5,0,0,0,0.0,True,,,0.0,0.0,0.0,,2026-09-22 13:25:11.517639
TNGX,2026-09-22,7,1,1,0,1.0,True,Tango Therapeutics Announces Inducement Grants Under Nasdaq Listing Rule 5635(c)(4) - GlobeNewswire,,0.0,4.0,18.0,42.0,2026-09-22 13:25:12.143340
TTRX,2026-09-22,13,2,2,0,1.0,True,Turn Therapeutics (TTRX) Surges 7.34% to $10.38 as Biotech Momentum Accelerates - Breakout Stock Alerts - careplusvn.com,,2.0,7.0,26.0,12.0,2026-09-22 13:25:13.740342
TYRA,2026-09-22,55,10,3,7,-0.429,False,"Stock grant lifts Tyra Biosciences (NASDAQ: TYRA) finance VP stake to 11,258 shares - Stock Titan",Tyra Biosciences Stock Plunges 22% as Bladder Cancer Pill Fails to Impress,2.0,3.0,11.0,7.0,2026-09-22 13:25:15.588136
URGN,2026-09-22,13,4,4,0,1.0,False,UroGen Pharma advances with strong Zusduri sales and promising URGN-103 approval ahead - Pluang,,0.0,2.0,8.0,33.0,2026-09-22 13:25:16.147164
VSTM,2026-09-22,12,1,0,1,-1.0,True,,Verastem Repeat Insider Selling Not A Positive Indicator - Moomoo,0.0,2.0,15.0,46.0,2026-09-22 00:40:08.658750
WVE,2026-09-22,2,0,0,0,0.0,True,,,0.0,3.0,18.0,46.0,2026-09-22 13:25:19.671830
ABBV,2026-09-24,88,28,26,2,0.893,False,AbbVie (ABBV) Wins EU Approval for Rinvoq in Children. Why a Small Indication Still Matters - Yahoo Finance,AbbVie: Revenue Pressure And Weakening Earnings Support A 'Sell' (NYSE:ABBV) - Seeking Alpha,1.0,5.0,15.0,21.0,2026-09-24 12:19:57.779804
ABVX,2026-09-24,32,6,2,4,-0.541,False,Abivax SA Sponsored ADR (ABVX) Upgraded to Buy: Here's Why - Eastern Progress,ABVX Investors Have Opportunity to Join Abivax S.A. Fraud Investigation with the Schall Law Firm - Eastern Progress,0.0,0.0,0.0,,2026-09-24 12:19:59.780229
ADAG,2026-09-24,18,6,5,1,0.512,False,Adagene (ADAG) Upgraded to Buy: Here's What You Should Know - Eastern Progress,Adagene Announces NMPA Clearance of Investigational New - GlobeNewswire,0.0,0.0,0.0,,2026-09-24 03:23:32.884590
ALGS,2026-09-24,4,0,0,0,0.0,True,,,1.0,3.0,9.0,9.0,2026-09-24 03:23:34.035042
ALLR,2026-09-24,13,3,2,1,0.496,True,"Allarity Therapeutics Granted Japanese Patent for Stenoparib DRP® Companion Diagnostic, Further Strengthening Stenoparib Development - Yahoo Finance UK","Allarity Therapeutics Inc (ALLR) Financials – Balance Sheet, Profit & Loss, Cash Flow - Value Research",2.0,4.0,19.0,8.0,2026-09-24 04:03:56.638763
AMGN,2026-09-24,84,44,34,10,0.777,False,AMGEN ANNOUNCES POSITIVE TOPLINE PHASE 3 RESULTS FOR DAZODALIBEP IN MODERATE-TO-SEVERE SYSTEMIC SJÖGREN'S DISEASE - PR Newswire,Amgen Falls 10% as Novartis Trial Failure Clouds a Cholesterol Drug Class; NVS Stock Drops 14% - Yahoo Finance,0.0,2.0,10.0,51.0,2026-09-24 12:20:05.363273
APOG,2026-09-24,15,4,4,0,1.0,False,AbbVie Completes Acquisition of Apogee Therapeutics - finance.yahoo.com,,3.0,7.0,16.0,1.0,2026-09-24 04:03:59.316653
ARGX,2026-09-24,20,7,6,1,0.637,False,2 Wall Street Analysts Think Argenx Can Soar More Than 40%. Here's Why They're Right. - Yahoo Finance,Argenx stock heads into the open after a 0.39 percent drop - AD HOC NEWS,0.0,0.0,0.0,,2026-09-24 12:20:08.285699
ARVN,2026-09-24,8,0,0,0,0.0,True,,,0.0,1.0,16.0,51.0,2026-09-24 03:23:38.357264
ARWR,2026-09-24,26,3,2,1,0.03,True,Is Arrowhead Pharmaceuticals (ARWR) A Bargain On Strong ARO DIMER PA Trial Data? - simplywall.st,Arrowhead Pharmaceuticals Drops 5.4% Amid Sector-Wide Selling - news.alphastreet.com,0.0,1.0,10.0,51.0,2026-09-24 03:23:38.933556
ATOS,2026-09-24,3,3,0,3,-1.0,True,,Atossa Therapeutics (ATOS) Q2 2026 Earnings: Narrower-than-Expected Loss Reflects Cost Containment - Earnings Weakness Phase - dars.gov.et,1.0,2.0,17.0,6.0,2026-09-24 03:23:39.355085
AURA,2026-09-24,3,2,0,2,-1.0,True,,AURA Q2 2026 Earnings: Wider-Than-Expected Loss as Clinical-Stage Biotech Misses EPS Estimate - Low Growth Earnings - dars.gov.et,0.0,3.0,10.0,44.0,2026-09-24 03:23:39.980005
AZN,2026-09-24,62,43,32,11,0.542,False,Efzimfotase alfa granted Priority Review in the US as treatment for patients with hypophosphatasia aged 2 years and older - astrazeneca.com,"AstraZeneca’s Etcamah flunks first-line breast cancer trial, adding to oral SERDs’ failure record - Fierce Pharma",0.0,0.0,0.0,,2026-09-24 12:20:12.719246
BBIO,2026-09-24,19,3,3,0,1.0,True,BridgeBio says heart disease therapy Attruby beat Pfizer’s Vyndamax in real world study - Seeking Alpha,,1.0,6.0,18.0,24.0,2026-09-24 03:23:42.147655
BCDA,2026-09-24,18,2,0,2,-1.0,True,,A heart-failure cell therapy could reach Japanese regulators by year-end. BioCardia is preparing the filing. - Stock Titan,3.0,6.0,32.0,1.0,2026-09-24 04:04:05.906861
BEAM,2026-09-24,19,6,4,2,0.11,False,Beam Therapeutics Targets Accelerated FDA Approval for Base-Editing Treatment - Yahoo Finance,BEAM Investors Have Opportunity to Join Beam Therapeutics Inc. Fraud Investigation with SBS Law - Business Wire,0.0,1.0,10.0,51.0,2026-09-24 12:20:15.021886
BFRI,2026-09-24,8,12,12,0,1.0,False,Biofrontera wins FDA approval for Ameluz to treat skin cancer - Investing.com,,1.0,2.0,15.0,10.0,2026-09-24 03:23:42.604049
BHVN,2026-09-24,9,4,1,3,0.058,False,"Yale, Biohaven Seek $23M Atty Fee After Trade Secrets Win - Law360",Biohaven’s epilepsy drug hit with FDA clinical hold,2.0,5.0,14.0,14.0,2026-09-24 03:23:43.129050
BIIB,2026-09-24,29,8,6,2,0.466,False,Biogen (BIIB) Wins China Approval For At Home Weekly Alzheimer’s Treatment - simplywall.st,Biogen Is Repositioning Its Portfolio To Partly Offset Ongoing Revenue Declines - Morningstar,0.0,2.0,14.0,57.0,2026-09-24 03:23:43.787954
BMEA,2026-09-24,29,27,0,27,-1.0,False,,Biomea Fusion Announces Termination of Proposed Public Offering of Securities - Yahoo Finance,1.0,2.0,11.0,2.0,2026-09-24 12:20:18.346030
BMRN,2026-09-24,42,7,6,1,0.685,False,BioMarin Announces Positive Results of Phase 3 VOXZOGO® (vosoritide) Study in Hypochondroplasia Published in NEJM Evidence - PR Newswire,BioMarin drops Voxzogo development for Noonan syndrome as treatment landscape shifts - Fierce Pharma,4.0,7.0,22.0,9.0,2026-09-24 12:20:18.903495
BMY,2026-09-24,44,9,4,5,-0.437,False,Bristol Myers Squibb Reports Positive Results for CAR T-Cell Therapy in Heavily Pretreated Multiple Myeloma - Cure Today,"Bristol Myers Squibb Announces Another 265 Layoffs, Extending Cuts Into 2027 - MercerMe",0.0,1.0,9.0,56.0,2026-09-24 12:20:19.506716
BNTX,2026-09-24,53,13,6,7,-0.147,False,Moderna Surges 9% as Phase 3 Melanoma Data Wins Presidential Symposium Slot; Merck and BioNTech Edge Higher,BioNTech Stock Recently Got Downgraded. But Is Wall Street Underestimating Its Cancer Pipeline? - The Motley Fool,0.0,0.0,0.0,,2026-09-24 12:20:20.105415
BRTX,2026-09-24,6,2,0,2,-1.0,True,,BioRestorative Therapies Announces Reverse Stock Split - Ortho Spine News,5.0,7.0,16.0,13.0,2026-09-24 04:04:11.626021
BTAI,2026-09-24,23,5,0,5,-1.0,False,,BioXcel Shares Up 8% Amid 143 Million Shares Exchanged Prior to Delisting - TechStock²,,,,,2026-09-24 12:20:21.936112
CADL,2026-09-24,21,13,8,5,0.559,False,Candel Therapeutics: Strong Buy On Aglatimagene Prostate Cancer BLA Filing In Q4 (CADL) - Seeking Alpha,CADL Q2 2026 Earnings: EPS of -$0.52 Misses Consensus by 115.41% as Shares Decline 3.41% - Quarterly Financial Update - careplusvn.com,2.0,3.0,13.0,14.0,2026-09-24 12:20:22.502077
CAPR,2026-09-24,59,29,3,26,-0.92,False,CAPR Stock Skyrockets 144% in a Month: What Is Driving the Rally? - TradingView,CAPR Shareholder Alert: Investors With Losses May Seek to Lead the Class Action in Capricor Therapeutics Securities Lawsuit - Contact Levi & Korsinsky - Morningstar,0.0,6.0,15.0,31.0,2026-09-24 12:20:23.004816
CERS,2026-09-24,2,0,0,0,0.0,True,,,0.0,2.0,11.0,56.0,2026-09-24 03:23:48.583927
CGEM,2026-09-24,35,3,3,0,1.0,True,Cullinan Therapeutics (NASDAQ:CGEM) Price Target Raised to $40.00 at BTIG Research - MarketBeat,,2.0,4.0,15.0,0.0,2026-09-24 12:20:24.655000
CL,2026-09-24,52,5,3,2,0.026,False,Colgate-Palmolive Is Recovering Nicely (Rating Upgrade) (NYSE:CL) - Seeking Alpha,Colgate-Palmolive stock heads into the open after a 1.3 percent drop - AD HOC NEWS,0.0,1.0,9.0,55.0,2026-09-24 12:20:26.262824
CLDX,2026-09-24,37,19,15,4,0.584,False,Celldex Announces Positive Results from Phase 3 EMBARQ-CSU1 - GlobeNewswire,"CLDX Stock Slumps 11% – This Analyst Sees Nearly 90% Upside, Calls Phase 3 Trial Safety Concerns ‘Misplaced’ - TradingView",1.0,4.0,8.0,2.0,2026-09-24 12:20:26.950624
CNSY,2026-09-24,17,0,0,0,0.0,True,,,1.0,3.0,19.0,14.0,2026-09-24 03:23:52.421433
CNTB,2026-09-24,2,2,0,2,-1.0,True,,Connect Biopharma (CNTB) Misses Key Asthma Trial Goal. Can its Drug Still Move Forward?,1.0,2.0,8.0,9.0,2026-09-24 04:04:18.155988
CORT,2026-09-24,48,6,4,2,0.293,False,Corcept Therapeutics (CORT) Stock Analysis: A Promising Biotech with 27.84% Upside Potential - DirectorsTalk Interviews,"Corcept Therapeutics (CORT) Dropped, So What Is Behind The Latest Attention? - simplywall.st",1.0,2.0,14.0,1.0,2026-09-24 12:20:30.719746
COYA,2026-09-24,12,0,0,0,0.0,True,,,1.0,3.0,14.0,9.0,2026-09-24 12:20:31.364624
CRDF,2026-09-24,13,3,2,1,0.049,True,Cardiff Oncology Shares Rise After Upgrade From HC Wainwright - Moomoo,"Cardiff Oncology, Inc.(NasdaqCM: CRDF) dropped from S&P Global BMI Index - marketscreener.com",1.0,3.0,14.0,10.0,2026-09-24 03:23:55.851740
CRDL,2026-09-24,27,3,0,3,-1.0,True,,Cardiol Therapeutics (TSX:CRDL) Slides 12.34% as Volatility Returns and Investors Reassess the Clinical-Stage Risk - kalkine.ca,0.0,0.0,0.0,,2026-09-24 04:04:22.348986
CSLLY,2026-09-24,4,0,0,0,0.0,True,,,0.0,0.0,0.0,,2026-09-24 03:23:57.014449
CYTK,2026-09-24,32,8,8,0,1.0,False,Apply Now: Cytokinetics Communications Grant Program 2026 - fundsforNGOs,,1.0,3.0,13.0,27.0,2026-09-24 12:20:34.532034
DBVT,2026-09-24,19,4,1,3,-0.301,False,,DBVT Slides As DBV Technologies Leads European Biotech Declines - timothysykes.com,0.0,2.0,12.0,70.0,2026-09-24 03:23:58.280015
DFTX,2026-09-24,8,3,3,0,1.0,True,Definium Reports Second Phase III Success in Anxiety Disorder Program,,2.0,4.0,17.0,10.0,2026-09-24 12:20:36.791821
DNTH,2026-09-24,13,3,1,2,-0.333,True,,"Dianthus: Hold, Based On Competitor C1s' CIDP Setback And Continued Claseprubart Advancement - Seeking Alpha",0.0,1.0,11.0,51.0,2026-09-24 03:24:00.834135
ELDN,2026-09-24,17,3,2,1,0.333,True,Eledon Pharmaceuticals (ELDN) Shares Rise on Positive Tegoprubar - gurufocus.com,"No reported rejections followed Eledon’s drug after six months, versus seven for tacrolimus. Phase 3 is expected in Q4 2026. - Stock Titan",0.0,1.0,8.0,42.0,2026-09-24 03:24:03.397033
EPRX,2026-09-24,16,2,2,0,1.0,True,Eupraxia Pharmaceuticals Inc. (TSX:EPRX) Rises 5.51% as Clinical Momentum and Nasdaq Upgrade Support Investor Sentiment - kalkine.ca,,0.0,0.0,0.0,,2026-09-24 03:24:04.996851
EWTX,2026-09-24,11,1,1,0,1.0,True,EWTX: EDG-7500 improves cardiac relaxation in HCM and advances to Phase 3 after positive Phase 2 data - TradingView,,0.0,3.0,10.0,49.0,2026-09-24 03:24:06.188911
EXEL,2026-09-24,49,11,3,8,-0.332,False,"Exelixis, Inc. (EXEL) Stock Analysis: Navigating Biotech with Strong Revenue Growth and Strategic Collaborations - directorstalkinterviews.com",Exelixis: Why The 3-Month Delay Is More Negative Than It May Seem (Downgrade) - Seeking Alpha,2.0,3.0,9.0,13.0,2026-09-24 03:24:07.073275
EYPT,2026-09-24,3,0,0,0,0.0,True,,,1.0,5.0,19.0,14.0,2026-09-24 04:04:32.913419
FIGP,2026-09-24,0,0,0,0,0.0,True,,,0.0,0.0,0.0,,2026-09-24 04:04:33.796355
GEHC,2026-09-24,52,2,0,2,-1.0,True,,Securities Fraud Investigation Into GE HealthCare - GlobeNewswire,1.0,5.0,13.0,2.0,2026-09-24 03:24:07.605483
GILD,2026-09-24,52,9,6,3,0.625,False,Gilead Sciences Just Won Its Third FDA Approval in Less Than 4 Months. Is the Stock Still Underrating This Turnaround Play? - finance.yahoo.com,Gilead Sciences (GILD) Suffers a Larger Drop Than the General Market: Key Insights - finance.yahoo.com,0.0,1.0,10.0,51.0,2026-09-24 03:24:08.127507
GKOS,2026-09-24,13,0,0,0,0.0,True,,,0.0,2.0,10.0,52.0,2026-09-24 03:24:08.623408
GLEI,2026-09-24,0,0,0,0,0.0,True,,,0.0,0.0,0.0,671.0,2026-09-24 04:04:36.043228
GMAB,2026-09-24,21,2,0,2,-1.0,True,,Genmab (CPSE:GMAB) Stock Sees Modest Fair Value Cut As Analysts Weigh Pipeline Risks - Yahoo Finance,0.0,0.0,0.0,,2026-09-24 12:20:50.083480
GOSS,2026-09-24,0,0,0,0,0.0,True,,,6.0,11.0,21.0,1.0,2026-09-24 04:04:37.509633
HTOO,2026-09-24,0,0,0,0,0.0,True,,,0.0,0.0,0.0,,2026-09-24 03:24:12.669072
IBRX,2026-09-24,24,6,3,3,0.265,False,"ImmunityBio (IBRX) Meeting With Turkish President Fuels Expansion Hopes, Shares Climb 10% - Yahoo Finance","ImmunityBio, Inc. (IBRX) Investigation: Bronstein, Gewirtz & Grossman, LLC Encourages Investors to Contact the Firm to Learn More About the Investigation - ACCESS Newswire",0.0,2.0,17.0,51.0,2026-09-24 12:20:55.590072
IDYA,2026-09-24,15,1,0,1,-1.0,True,,How (IDYA) Movements Inform Risk Allocation Models - Stock Traders Daily,0.0,1.0,16.0,51.0,2026-09-24 03:24:14.464251
IMVT,2026-09-24,6,2,0,2,-1.0,True,,Immunovant Pulls Plug On Lupus Program After Study Misses Primary Goal — IMVT Stock Heads For Over 3-Month Lows,1.0,2.0,8.0,21.0,2026-09-24 04:04:43.693207
INCY,2026-09-24,22,5,2,3,-0.405,False,Incyte Corporation (INCY) Stock Analysis: Navigating Biotech Growth with a 37.7% Revenue Surge - directorstalkinterviews.com,Incyte stock heads into the open after a 1.23 percent drop - AD HOC NEWS,1.0,3.0,14.0,24.0,2026-09-24 04:04:44.282727
INO,2026-09-24,12,2,1,1,0.66,True,Inovio Pharmaceuticals Inc. stock outperforms competitors on strong trading day - MarketWatch,"INO Stockholders Have Opportunity to Lead Inovio Pharmaceuticals, Inc. Class Action Lawsuit – Contact Bronstein, Gewirtz and Grossman, LLC Today! - ACCESS Newswire",0.0,3.0,12.0,43.0,2026-09-24 03:24:16.730064
INSM,2026-09-24,31,15,13,2,0.895,False,"FDA Grants Priority Review to Insmed's sNDA for ARIKAYCE® (amikacin liposome inhalation suspension) for Treatment of MAC Lung Disease With PDUFA Target Action Date Set for January 28, 2027 - Insmed Incorporated Investor ",Exiting Insmed (INSM) Following Disappointing Key Drug Uptake - Yahoo Finance,0.0,2.0,11.0,49.0,2026-09-24 12:20:59.828929
IONS,2026-09-24,46,25,21,4,0.743,False,Ionis Drug Wins FDA Approval as First Alexander Disease Treatment - Yahoo Finance,Ionis Pharmaceuticals Eyes TRYNGOLZA Growth as Pipeline Faces Cardio Setbacks - Yahoo Finance,3.0,6.0,20.0,1.0,2026-09-24 12:21:00.640043
IRD,2026-09-24,21,8,7,1,0.777,False,Opus Genetics Announces Positive Low Dose Cohort 1 Data from Phase 1/2 Clinical Trial of OPGx-BEST1 and Successful FDA Type C Meeting with Potential Phase 3 Dosing in 2027 - Yahoo Finance,Opus Genetics (IRD) Declines 4.5% to $4.46 as Shares Approach Key Support - Index Put Call - siam.in,2.0,3.0,19.0,13.0,2026-09-24 12:21:01.288238
IRON,2026-09-24,29,6,5,1,0.273,False,Disc Medicine Reports Positive Initial RESTORE-PV Results for DISC-3405 in Polycythemia Vera - Quiver Quantitative,Disc Medicine Investor News: If You Have Suffered Losses in - GlobeNewswire,1.0,3.0,16.0,14.0,2026-09-24 12:21:01.898964
JAZZ,2026-09-24,44,8,8,0,1.0,False,Jazz Pharmaceuticals debt upgraded by S&P on stronger recovery - Investing.com,,4.0,8.0,16.0,1.0,2026-09-24 12:21:02.595951
KPTI,2026-09-24,6,1,1,0,1.0,True,"Karyopharm Wins Forbearance to Oct. 15, Will Issue $20M 0% Convertible Preferred - TradingView",,3.0,6.0,17.0,6.0,2026-09-24 03:24:21.334095
KRYS,2026-09-24,25,8,7,1,0.57,False,Krystal Stock Gains 13.4% in a Month: What Is Driving the Rally? - TradingView,Precision Trading with Krystal Biotech Inc. (KRYS) Risk Zones - Stock Traders Daily,0.0,2.0,10.0,52.0,2026-09-24 03:24:21.921401
LLY,2026-09-24,59,9,6,3,0.248,False,US FDA approves Lilly's once-weekly insulin injection for type 2 diabetes - Reuters,Novo says CagriSema shows greater weight loss than Lilly rival in diabetes patients - Reuters,0.0,1.0,7.0,50.0,2026-09-24 12:21:06.819167
LRMR,2026-09-24,0,0,0,0,0.0,True,,,0.0,2.0,15.0,51.0,2026-09-24 12:21:07.307303
LTRN,2026-09-24,17,0,0,0,0.0,True,,,2.0,4.0,11.0,0.0,2026-09-24 12:21:07.816111
LXRX,2026-09-24,7,2,0,2,-1.0,True,,Heart Failure Trial Data Might Change The Case For Investing In Lexicon Pharmaceuticals (LXRX) - simplywall.st,0.0,1.0,10.0,49.0,2026-09-24 04:04:53.742313
MANE,2026-09-24,6,1,1,0,1.0,True,Veradermics (MANE) Stock Looks Overvalued After Its 161% Rally,,0.0,2.0,8.0,44.0,2026-09-24 03:24:24.706541
MAZE,2026-09-24,42,2,1,1,0.147,True,"Market Movers | Winners: VKTX, INDP, MAZE | Losers: XNDU, EVER, CLDX - Trefis","Maze Therapeutics (MAZE) Slides On Weak Momentum, Is The Current Valuation About Right? - simplywall.st",0.0,2.0,10.0,38.0,2026-09-24 03:24:25.304103
MCUJF,2026-09-24,12,3,1,2,0.567,True,Poly Medicure vs Windlas Biotech vs Shilpa Medicare: Comparison - Univest,Medicure Inc. Stock Under Pressure After 4.67% Decline: Is Weak Sentiment Signaling Further Downside? - kalkine.ca,0.0,0.0,0.0,,2026-09-24 12:21:11.894860
MDWD,2026-09-24,9,2,0,2,-1.0,True,,Understanding the Setup: (MDWD) and Scalable Risk - Stock Traders Daily,0.0,0.0,0.0,,2026-09-24 03:24:26.896071
MIRM,2026-09-24,23,4,3,1,0.604,False,Mirum Pharmaceuticals Reports Inducement Grants Under Nasdaq Listing Rule 5635(c)(4) - finance.yahoo.com,Precision Trading with Mirum Pharmaceuticals Inc. (MIRM) Risk Zones - Stock Traders Daily,1.0,2.0,16.0,16.0,2026-09-24 03:24:27.556171
MLTX,2026-09-24,1,0,0,0,0.0,True,,,0.0,2.0,12.0,45.0,2026-09-24 03:24:27.912940
MNOV,2026-09-24,13,1,0,1,-1.0,True,,"Market Sentiment Around Loss-Making MediciNova, Inc. (NASDAQ:MNOV) - Moomoo",1.0,2.0,5.0,22.0,2026-09-24 04:04:58.547676
MRK,2026-09-24,2,1,0,1,-1.0,True,,Merck (MRK) Declines More Than Market: Some Information for Investors,0.0,1.0,7.0,51.0,2026-09-24 03:24:28.568051
NAMS,2026-09-24,33,16,12,4,0.734,False,NewAmsterdam Pharma (NAMS) Wins EU Approvals. Can Cholesterol Pills Drive Royalties? - Insider Monkey,Stifel reiterates Buy on NewAmsterdam Pharma stock after trial failure By Investing.com - Investing.com India,1.0,6.0,13.0,3.0,2026-09-24 12:21:16.792939
NBIX,2026-09-24,30,5,5,0,1.0,False,Is Phase 4 Success Altering The Investment Case For Neurocrine Biosciences Stock? - webull.com,,0.0,2.0,9.0,55.0,2026-09-24 03:24:29.766142
NTLA,2026-09-24,26,11,9,2,0.837,False,Intellia Therapeutics Announces FDA Acceptance of Biologics License Application with Priority Review for Lonvoguran Ziclumeran (Lonvo-z) for Hereditary Angioedema (HAE) - Intellia Therapeutics,Intellia Therapeutics Secures Non-Dilutive Debt Facility with OrbiMed for up to $400 Million - Yahoo Finance,2.0,3.0,18.0,16.0,2026-09-24 12:21:19.034970
NUVB,2026-09-24,18,7,7,0,1.0,False,Nuvation Bio Announces FDA Approval of Supplemental New Drug Application for IBTROZI® (taletrectinib) with Updated Duration of Response in TKI-Naïve Advanced ROS1-Positive Non-Small Cell Lung Cancer - PR Newswire,,0.0,3.0,10.0,49.0,2026-09-24 12:21:19.600822
NVO,2026-09-24,102,31,6,25,-0.619,False,"Novo Nordisk Open to New York Listing Upgrade, CEO Doustdar Tells FT - U.S. News - Money","Novo-Nordisk A/S's weight-loss drug CagriSema has ""hit a wall""! A 12.4% weight loss failed to allay market concerns. - 富途牛牛",0.0,0.0,0.0,,2026-09-24 12:21:20.260939
NVS,2026-09-24,10,7,0,7,-1.0,False,,Novartis defeats drug-purchaser lawsuit over delay of Entresto generics - Reuters,0.0,0.0,0.0,,2026-09-24 12:21:20.902139
OCGN,2026-09-24,22,0,0,0,0.0,True,,,2.0,4.0,22.0,1.0,2026-09-24 03:24:33.573853
OCUL,2026-09-24,18,6,6,0,1.0,False,Ocular Therapeutix Eyes Q4 FDA Filing for AXPAXLI After SOL-1 Success - TradingView,,0.0,1.0,11.0,52.0,2026-09-24 12:21:22.758657
OLMA,2026-09-24,12,1,0,1,-1.0,True,,Stifel cuts Olema Pharmaceuticals price target on trial concerns By Investing.com - Investing.com Nigeria,0.0,2.0,15.0,42.0,2026-09-24 12:21:23.871649
OMER,2026-09-24,13,9,9,0,1.0,False,Cantor Fitzgerald Upgrades Omeros (OMER) to Overweight on Strong Yartemlea Launch - GuruFocus,,0.0,4.0,13.0,42.0,2026-09-24 12:21:24.550899
ONC,2026-09-24,18,3,3,0,1.0,True,"BeOne Medicines: Pivotal oncology pipeline, strong BRUKINSA growth, and global expansion drive raised outlook - TradingView",,1.0,3.0,12.0,29.0,2026-09-24 03:24:36.307310
ORIC,2026-09-24,17,3,2,1,-0.053,True,ORIC Pharmaceuticals Reports Inducement Grants under Nasdaq Listing Rule 5635(c)(4) - finance.yahoo.com,ORIC Falls After Hours On Safety Concerns Around Prostate Cancer Candidate At Higher Doses - Stocktwits,0.0,2.0,10.0,52.0,2026-09-24 03:24:36.869435
PCSA,2026-09-24,3,0,0,0,0.0,True,,,0.0,2.0,6.0,51.0,2026-09-24 04:05:09.044730
PCVX,2026-09-24,33,3,1,2,-0.309,True,Vaxcyte stock holds near recent highs as OPUS-1 Phase 3 data window narrows - AD HOC NEWS,Vaxcyte Has $2.5 Billion in Cash and a $605 Million Half-Year Loss. Here's How to Read Its CFO's Latest Insider Filing - The Motley Fool,1.0,3.0,12.0,21.0,2026-09-24 12:21:28.180356
PEPG,2026-09-24,3,0,0,0,0.0,True,,,0.0,1.0,13.0,49.0,2026-09-24 03:24:38.997425
PFE,2026-09-24,67,9,5,4,0.051,False,BridgeBio says heart disease therapy Attruby beat Pfizer’s Vyndamax in real world study - Seeking Alpha,Pfizer Refocuses Growth Strategy as New Products Offset COVID Decline - Yahoo Finance,0.0,1.0,10.0,51.0,2026-09-24 12:21:29.985354
PGEN,2026-09-24,15,1,1,0,1.0,True,FDA grants platform technology status to Precigen’s AdenoVerse - Investing.com,,0.0,1.0,5.0,51.0,2026-09-24 03:24:40.068953
PRAX,2026-09-24,7,9,7,2,0.621,False,Praxis Precision Medicines: Still Potential Upside After Huge Rally (Rating Upgrade) - Seeking Alpha,,0.0,4.0,22.0,49.0,2026-09-24 03:24:41.604646
QNRX,2026-09-24,12,9,8,1,0.704,False,FDA Grants Quoin Pharmaceuticals Fast Track Designation for QRX003 in Peeling Skin Syndrome - Minichart,,3.0,5.0,16.0,2.0,2026-09-24 12:21:33.413946
RARE,2026-09-24,67,70,53,17,0.667,False,Ultragenyx wins FDA approval for pediatric gene therapy for Sanfilippo syndrome - Seeking Alpha,Ultragenyx drops on Phase 3 trial failure for Angelman syndrome drug (RARE:NASDAQ) - Seeking Alpha,2.0,5.0,19.0,7.0,2026-09-24 12:21:34.154849
REGN,2026-09-24,51,19,2,17,-0.658,False,Regeneron Pharmaceuticals (NASDAQ:REGN) Upgraded by Wall Street Zen to Strong-Buy Rating - MarketBeat,"REGN INVESTOR DEADLINE TOMORROW: Regeneron Pharmaceuticals, Inc. Investors with Substantial Losses Have Opportunity to Lead Class Action Lawsuit, Robbins Geller Rudman & Dowd LLP Announces - PR Newswire",0.0,2.0,9.0,56.0,2026-09-24 12:21:35.557818
RGNX,2026-09-24,13,3,1,2,0.219,True,"RGNX: Late-stage gene therapy programs advance toward commercialization, with strong efficacy and safety data - TradingView",Regenxbio’s Gene Therapy Faces Another FDA Setback in Hunter Syndrome - finance.yahoo.com,2.0,6.0,13.0,1.0,2026-09-24 04:05:15.869030
RPRX,2026-09-24,40,6,2,4,-0.269,False,WINTON GROUP Ltd Invests $1.28 Million in Royalty Pharma PLC $RPRX - MarketBeat,Royalty Pharma (RPRX): Can Downside Protection Offset Pelacarsen’s Phase 3 Failure? - Yahoo Finance,0.0,1.0,9.0,50.0,2026-09-24 12:21:37.359771
RYTM,2026-09-24,14,1,1,0,1.0,True,Rhythm Pharmaceuticals Announces Health Canada Approval of IMCIVREE® (setmelanotide) for Weight Management in Adult and Pediatric Patients 4 years of Age and Older with Acquired Hypothalamic Obesity - finance.yahoo.com,,0.0,1.0,15.0,51.0,2026-09-24 03:24:45.540062
SIGA,2026-09-24,6,2,0,2,-1.0,True,,"SIGA Tech (SIGA): Profits Drop 65%, But Cash and Special Payouts Remain - finance.yahoo.com",0.0,1.0,6.0,49.0,2026-09-24 03:24:47.765079
SLS,2026-09-24,17,8,3,5,-0.217,False,"This Tiny Biotech Is Beating MRNA, IOVA And SLS — Here's How A Billionaire Fueled Its September Rally","A Sellas immunotherapy study, long delayed, will end in failure - STAT",0.0,2.0,12.0,44.0,2026-09-24 03:24:50.398140
SMMT,2026-09-24,15,4,4,0,1.0,False,SMMT Stock Soars on NSCLC Drug Survival Data Beating Keytruda in China,,4.0,8.0,19.0,9.0,2026-09-24 12:21:45.023461
SNDX,2026-09-24,15,3,3,0,1.0,True,"Syndax Pharmaceuticals, Inc. (SNDX) Stock Analysis: Unveiling a 112% Potential Upside with a Strong Buy Consensus - directorstalkinterviews.com",,0.0,2.0,11.0,51.0,2026-09-24 04:05:23.663168
SNY,2026-09-24,33,7,2,5,-0.575,False,Press Release: Sanofi and Cheplapharm to create new strategic partnership in mature medicines - GlobeNewswire,Sanofi stock heads into the open after a 2.0 percent drop - AD HOC NEWS,0.0,0.0,0.0,,2026-09-24 12:21:46.523334
SPTX,2026-09-24,19,6,6,0,1.0,False,Seaport Therapeutics Reports Positive Topline Results from Phase 1 Driving Simulation Trial of GlyphAllo™ in Healthy Volunteers - Yahoo Finance,,0.0,1.0,3.0,52.0,2026-09-24 12:21:47.948334
SRPT,2026-09-24,18,3,0,3,-1.0,True,,Sarepta Therapeutics Drops 7.1% Amid Sector-Wide Selling - news.alphastreet.com,1.0,3.0,12.0,1.0,2026-09-24 03:24:53.345931
SRRK,2026-09-24,9,11,11,0,1.0,False,Scholar Rock Holding (SRRK) Wins FDA Approval for ISEMBYLD. Can Add-On Use Scale?,,2.0,4.0,14.0,9.0,2026-09-24 03:24:53.889295
STOK,2026-09-24,15,5,4,1,0.906,False,"Stoke Therapeutics Appoints Bo Cumbo to its Board of Directors, Enhancing Commercial Expertise as the Company Advances Zorevunersen Development Toward Potential FDA Approval and Commercialization - Business Wire","Stoke Therapeutics and Biogen Present Long-Term Clinical Data that Support the Disease-Modifying Potential of Zorevunersen, an Investigational Medicine for the Treatment of Dravet Syndrome, at the 16th European Epilepsy ",0.0,3.0,13.0,52.0,2026-09-24 03:24:54.444052
SUPN,2026-09-24,9,4,2,2,0.029,False,Supernus Pharmaceuticals Inc (SUPN) Shares Surge 3.6% -- What GF Score of 87 Tells Investors - gurufocus.com,Supernus at Wells Fargo conference: growth after patent losses By Investing.com - Investing.com Canada,0.0,5.0,17.0,52.0,2026-09-24 03:24:55.657296
SYRE,2026-09-24,28,4,3,1,0.703,False,Spyre Therapeutics Announces Grants of Inducement Awards - The Manila Times,"Spyre Therapeutics (SYRE) Advances 2.12% to $90.87, Holding Above Key Support - Risk Parity Rebalance - careplusvn.com",2.0,3.0,15.0,16.0,2026-09-24 04:05:29.275516
TAK,2026-09-24,34,13,13,0,1.0,False,Takeda Pharmaceutical (TAK) Gets Priority Review. Can Zasocitinib Win in Psoriasis? - finance.yahoo.com,,0.0,0.0,0.0,,2026-09-24 03:24:57.028556
TECX,2026-09-24,10,3,3,0,1.0,True,"Tectonic Therapeutic (TECX) grants 24,250 options to its CMO - Stock Titan",,0.0,1.0,8.0,49.0,2026-09-24 03:24:58.108624
TGTX,2026-09-24,11,2,1,1,0.147,True,TG Therapeutics (NASDAQ:TGTX) Combines Strong Growth With a Tight Technical Breakout Setup - ChartMill,"TGTX 2-DAY DEADLINE ALERT: Hagens Berman, National Trial Attorneys, Encourages TG Therapeutics (TGTX) Investors with Losses to Contact Firm's Attorneys Before Sept. 16th Deadline in Securities Fraud Class Action - TMX Ne",0.0,1.0,9.0,52.0,2026-09-24 03:24:58.699813
TLTFF,2026-09-24,8,0,0,0,0.0,True,,,0.0,0.0,0.0,,2026-09-24 03:25:00.053420
TTRX,2026-09-24,12,3,3,0,1.0,True,TTRX: Adaptive trial with pruritus-based enrichment shows strong efficacy in atopic dermatitis - TradingView,,2.0,7.0,26.0,14.0,2026-09-24 03:25:02.136226
TVTX,2026-09-24,56,2,1,1,-0.567,True,Travere Therapeutics Reports Inducement Grants Under Nasdaq Listing Rule 5635(c)(4) - Yahoo Finance,Understanding the Setup: (TVTX) and Scalable Risk - Stock Traders Daily,1.0,3.0,13.0,3.0,2026-09-24 12:22:02.515388
TYRA,2026-09-24,62,15,3,12,-0.676,False,"Stock grant lifts Tyra Biosciences (NASDAQ: TYRA) finance VP stake to 11,258 shares - Stock Titan",Tyra Biosciences Stock Plunges 22% as Bladder Cancer Pill Fails to Impress,2.0,3.0,11.0,9.0,2026-09-24 03:25:03.112324
URGN,2026-09-24,15,7,6,1,0.9,False,UroGen Pharma advances with strong Zusduri sales and promising URGN-103 approval ahead - Pluang,"UroGen Pharma Ltd. (URGN) Financials – Balance Sheet, Profit & Loss, Cash Flow - Value Research",0.0,2.0,8.0,35.0,2026-09-24 12:22:03.796483
VERA,2026-09-24,22,9,8,1,0.76,False,"Vera Therapeutics (VERA) FDA Approvals, PDUFA Dates & Drug Alerts 2026 - MarketBeat","VERA Stock Jumps 16% Premarket – Trutakna Cuts Kidney Disease Progression Risk By 76%, Full FDA Filing Planned In Q4 - TradingView",1.0,4.0,14.0,9.0,2026-09-24 04:05:38.444833
VNDA,2026-09-24,5,1,0,1,-1.0,True,,Vanda Pharmaceuticals stock slips as 2025 loss widens - AD HOC NEWS,0.0,1.0,15.0,50.0,2026-09-24 03:25:05.667619
VNTG,2026-09-24,0,0,0,0,0.0,True,,,0.0,0.0,0.0,,2026-09-24 03:25:05.986794
VTRS,2026-09-24,1,2,2,0,1.0,True,Viatris (VTRS) Wins Japan WAKIX Approval. Can it Build a Meaningful Specialty Business?,,0.0,2.0,14.0,49.0,2026-09-24 04:05:41.911689
XENE,2026-09-24,60,23,2,21,-0.786,False,Why Xenon Pharmaceuticals (XENE) Is Down 32.2% After Pausing Psychiatry Trials Despite Positive NDA Data,Xenon Stock Craters 30% on Drug Trial Setback. Its Failure Could Be This Biotech’s Gain.,0.0,1.0,13.0,49.0,2026-09-24 12:22:09.360863
ZBIO,2026-09-24,2,0,0,0,0.0,True,,,0.0,1.0,10.0,42.0,2026-09-24 04:05:43.445213
ZYME,2026-09-24,15,2,2,0,1.0,True,Zymeworks Completes Acquisition of Theravance Biopharma - GlobeNewswire,,2.0,4.0,14.0,1.0,2026-09-24 03:25:10.369663
ABBV,2026-09-25,79,8,7,1,0.65,False,AbbVie lines up Qulipta expansion with phase 3 win in untapped menstrual migraine indication - fiercepharma.com,AbbVie: Revenue Pressure And Weakening Earnings Support A 'Sell' (NYSE:ABBV) - Seeking Alpha,1.0,5.0,15.0,22.0,2026-09-25 12:21:12.854086
ABVX,2026-09-25,30,5,2,3,-0.399,False,Abivax SA Sponsored ADR (ABVX) Upgraded to Buy: Here's Why - Eastern Progress,ABVX Investors Have Opportunity to Join Abivax S.A. Fraud Investigation with the Schall Law Firm - Eastern Progress,0.0,0.0,0.0,,2026-09-25 12:21:14.924179
ADAG,2026-09-25,19,6,5,1,0.56,False,Adagene (ADAG) Upgraded to Buy: Here's What You Should Know - Eastern Progress,Adagene Announces NMPA Clearance of Investigational New - GlobeNewswire,0.0,0.0,0.0,,2026-09-25 12:21:16.325380
ALGS,2026-09-25,4,0,0,0,0.0,True,,,1.0,2.0,9.0,10.0,2026-09-25 12:21:17.636739
AMGN,2026-09-25,82,41,31,10,0.719,False,AMGEN ANNOUNCES POSITIVE TOPLINE PHASE 3 RESULTS FOR DAZODALIBEP IN MODERATE-TO-SEVERE SYSTEMIC SJÖGREN'S DISEASE - PR Newswire,Amgen Falls 10% as Novartis Trial Failure Clouds a Cholesterol Drug Class; NVS Stock Drops 14% - Yahoo Finance,0.0,2.0,10.0,52.0,2026-09-25 12:21:20.100665
APOG,2026-09-25,5,2,2,0,1.0,True,Apogee Therapeutics (NASDAQ: APGE) leaves Nasdaq in AbbVie cash buyout - Stock Titan,,3.0,6.0,16.0,2.0,2026-09-25 12:21:22.131728
ARDX,2026-09-25,34,16,0,16,-1.0,False,,"INVESTOR ALERT: Pomerantz Law Firm Reminds Investors with Losses on their Investment in Ardelyx, Inc. of Class Action Lawsuit and Upcoming Deadlines - ARDX - PR Newswire",0.0,3.0,10.0,39.0,2026-09-25 12:21:22.722496
ARGX,2026-09-25,22,7,6,1,0.653,False,2 Wall Street Analysts Think Argenx Can Soar More Than 40%. Here's Why They're Right. - The Motley Fool,Argenx stock heads into the open after a 0.39 percent drop - AD HOC NEWS,0.0,0.0,0.0,,2026-09-25 12:21:23.287606
ARWR,2026-09-25,26,2,2,0,1.0,True,Is Arrowhead Pharmaceuticals (ARWR) A Bargain On Strong ARO DIMER PA Trial Data? - simplywall.st,,0.0,1.0,10.0,52.0,2026-09-25 12:21:24.426632
AZN,2026-09-25,67,40,31,9,0.689,False,Astrazeneca Announces sBLA For Imfinzi Plus EV Granted Priority Review In US For MIBC - TradingView,"AstraZeneca’s Etcamah flunks first-line breast cancer trial, adding to oral SERDs’ failure record - fiercepharma.com",0.0,0.0,0.0,,2026-09-25 12:21:27.728072
BBIO,2026-09-25,16,3,3,0,1.0,True,BridgeBio says heart disease therapy Attruby beat Pfizer’s Vyndamax in real world study - Seeking Alpha,,1.0,5.0,18.0,25.0,2026-09-25 12:21:29.016593
BFRI,2026-09-25,5,7,7,0,1.0,False,Biofrontera wins FDA approval for Ameluz to treat skin cancer - Investing.com,,1.0,2.0,15.0,11.0,2026-09-25 12:21:31.164284
BIIB,2026-09-25,25,4,3,1,0.312,False,Learn Why The Bull Case For Biogen Stock Could Change Following At Home LEQEMBI Approval - simplywall.st,Biogen stock heads into the open after a 1.6 percent decline - AD HOC NEWS,0.0,2.0,14.0,58.0,2026-09-25 12:21:32.434202
BIOA,2026-09-25,4,4,0,4,-1.0,False,,"BIOAGE Labs Inc (BIOA) Risk Assessment: Volatility, Financial Risk & Investment Risk - TradingKey",0.0,1.0,9.0,51.0,2026-09-25 12:21:32.999047
BMEA,2026-09-25,26,26,0,26,-1.0,False,,Biomea Fusion Announces Termination of Proposed Public Offering of Securities - GlobeNewswire,1.0,2.0,11.0,3.0,2026-09-25 12:21:33.470484
BMRN,2026-09-25,38,4,3,1,0.538,False,Did VOXZOGO’s Hypochondroplasia Win and New R&D Hire Just Reframe BioMarin’s (BMRN) Investment Narrative? - Yahoo Finance,BioMarin drops Voxzogo development for Noonan syndrome as treatment landscape shifts - fiercepharma.com,4.0,7.0,22.0,10.0,2026-09-25 12:21:34.105624
BMY,2026-09-25,43,10,4,6,-0.117,False,Bristol Myers Squibb (NYSE:BMY) Upgraded to Strong-Buy at Zacks Research - MarketBeat,Bristol Myers Squibb Adds 265 More Layoffs to 2026 New Jersey Job Cuts - thesunpapers.com,0.0,1.0,9.0,57.0,2026-09-25 12:21:34.902165
BNTX,2026-09-25,53,10,5,5,-0.013,False,Moderna Surges 9% as Phase 3 Melanoma Data Wins Presidential Symposium Slot; Merck and BioNTech Edge Higher,BioNTech Stock Recently Got Downgraded. But Is Wall Street Underestimating Its Cancer Pipeline? - The Motley Fool,0.0,0.0,0.0,,2026-09-25 12:21:35.454661
BRTX,2026-09-25,5,1,0,1,-1.0,True,,BioRestorative Therapies Inc expected to post a loss of $2.50 a share - Earnings Preview - TradingView,4.0,7.0,16.0,14.0,2026-09-25 12:21:36.701989
BTAI,2026-09-25,20,4,0,4,-1.0,False,,"Discontinued operations of BioXcel Therapeutics, Inc. – OTC:BTAIQ - TradingView",,,,,2026-09-25 12:21:37.391031
CADL,2026-09-25,21,14,8,6,0.591,False,Candel Therapeutics: Strong Buy On Aglatimagene Prostate Cancer BLA Filing In Q4 (CADL) - Seeking Alpha,CADL Q2 2026 Earnings: EPS of -$0.52 Misses Consensus by 115.41% as Shares Decline 3.41% - Quarterly Financial Update - careplusvn.com,2.0,3.0,13.0,15.0,2026-09-25 12:21:37.989586
CAPR,2026-09-25,53,33,3,30,-0.936,False,CAPR Stock Skyrockets 144% in a Month: What Is Driving the Rally? - TradingView,"INVESTOR ALERT: Pomerantz Law Firm Reminds Investors with Losses on their Investment in Capricor Therapeutics, Inc. of Class Action Lawsuit and Upcoming Deadlines - CAPR - PR Newswire",0.0,5.0,15.0,32.0,2026-09-25 12:21:38.662277
CGEM,2026-09-25,35,6,3,3,-0.326,False,Cullinan Therapeutics (NASDAQ:CGEM) Price Target Raised to $40.00 at BTIG Research - MarketBeat,CGEM Stock Extends Losses After Cullinan Delays Arthritis Update To December — Zipalertinib Safety Worries Linger,2.0,4.0,15.0,1.0,2026-09-25 12:21:40.507921
CL,2026-09-25,57,6,3,3,-0.144,False,Colgate-Palmolive Is Recovering Nicely (Rating Upgrade) (NYSE:CL) - Seeking Alpha,Colgate-Palmolive Company(NYSE: CL) dropped from S&P 100 - marketscreener.com,0.0,1.0,9.0,56.0,2026-09-25 12:21:42.507355
CLDX,2026-09-25,42,20,17,3,0.715,False,Celldex Announces Positive Results from Phase 3 EMBARQ-CSU1 - GlobeNewswire,"CLDX Stock Slumps 11% – This Analyst Sees Nearly 90% Upside, Calls Phase 3 Trial Safety Concerns ‘Misplaced’ - TradingView",1.0,3.0,8.0,3.0,2026-09-25 12:21:43.072391
CORT,2026-09-25,36,6,2,4,-0.472,False,Corcept Therapeutics (NASDAQ:CORT) Combines Strong Growth With a Constructive Technical Setup - ChartMill,Health Care Weekly: Corcept Seeks Dismissal of Off-Label Marketing Whistleblower Suit; Medicare ACCESS Program to Cover More Chronic Conditions; FDA Launches Accelerated Investigational Drug Review Program; Agencies Anno,1.0,2.0,14.0,2.0,2026-09-25 12:21:46.669858
CYTK,2026-09-25,34,7,7,0,1.0,False,Cytokinetics (CYTK): Can Myqorzo Growth Create a New Biopharma Success Story? - Yahoo Finance,,1.0,3.0,13.0,28.0,2026-09-25 12:21:50.461427
EIKN,2026-09-25,7,2,2,0,1.0,True,"Mizuho Upgrades Eikon Therapeutics (NASDAQ:EIKN) to ""Strong-Buy"" - MarketBeat",,0.0,3.0,8.0,42.0,2026-09-25 12:21:56.427388
EWTX,2026-09-25,16,2,2,0,1.0,True,EWTX Maintained by HC Wainwright & Co. -- Price Target Raised to $57.00 - GuruFocus,,0.0,3.0,10.0,50.0,2026-09-25 12:22:00.515404
EXEL,2026-09-25,47,11,2,9,-0.713,False,Exelixis (EXEL) Faces a Three-Month Zanzalintinib Review Extension. Can the Data Support Approval? - Yahoo Finance,Exelixis: Why The 3-Month Delay Is More Negative Than It May Seem (Downgrade) - Seeking Alpha,2.0,3.0,9.0,14.0,2026-09-25 12:22:01.179065
FDMT,2026-09-25,17,2,2,0,1.0,True,4D Molecular Therapeutics Grants RSUs to Seven New Non-Executive Employees - Quiver Quantitative,,0.0,3.0,16.0,43.0,2026-09-25 12:22:02.446638
GEHC,2026-09-25,50,1,0,1,-1.0,True,,Securities Fraud Investigation Into GE HealthCare - GlobeNewswire,1.0,5.0,13.0,3.0,2026-09-25 12:22:03.913067
GMAB,2026-09-25,21,3,1,2,-0.333,True,Grant of Restricted Stock Units and Warrants to Employees in Genmab - marketscreener.com,Genmab (CPSE:GMAB) Stock Sees Modest Fair Value Cut As Analysts Weigh Pipeline Risks - Yahoo Finance,0.0,0.0,0.0,,2026-09-25 12:22:06.504251
IBRX,2026-09-25,21,7,2,5,-0.175,False,"ImmunityBio (IBRX) Meeting With Turkish President Fuels Expansion Hopes, Shares Climb 10% - Yahoo Finance","Bronstein, Gewirtz & Grossman, LLC Announces an Investigation Against ImmunityBio, Inc. (IBRX) and Encourages Shareholders to Learn More About the Investigation - ACCESS Newswire",0.0,2.0,17.0,52.0,2026-09-25 12:22:11.467479
IDYA,2026-09-25,18,3,2,1,0.496,True,IDEAYA Biosciences Announces Inducement Grants under Nasdaq Listing Rule 5635(c)(4) - PR Newswire,How (IDYA) Movements Inform Risk Allocation Models - news.stocktradersdaily.com,0.0,1.0,16.0,52.0,2026-09-25 12:22:12.182225
IMVT,2026-09-25,9,3,0,3,-1.0,True,,Lilly’s latest China drug deal; Immunovant’s setback in lupus,1.0,2.0,8.0,22.0,2026-09-25 12:22:13.581813
INCY,2026-09-25,24,5,2,3,-0.421,False,Incyte Corporation (INCY) Stock Analysis: Navigating Biotech Growth with a 37.7% Revenue Surge - DirectorsTalk Interviews,Incyte stock heads into the open after a 1.23 percent drop - AD HOC NEWS,1.0,3.0,14.0,25.0,2026-09-25 12:22:14.274778
INO,2026-09-25,13,1,1,0,1.0,True,Inovio Pharmaceuticals Inc. stock outperforms competitors on strong trading day - MarketWatch,,0.0,3.0,12.0,44.0,2026-09-25 12:22:14.834037
INSM,2026-09-25,25,14,12,2,0.886,False,"FDA Grants Priority Review to Insmed's sNDA for ARIKAYCE® (amikacin liposome inhalation suspension) for Treatment of MAC Lung Disease With PDUFA Target Action Date Set for January 28, 2027 - PR Newswire",Exiting Insmed (INSM) Following Disappointing Key Drug Uptake - Yahoo Finance,0.0,2.0,11.0,50.0,2026-09-25 12:22:15.636891
IONS,2026-09-25,45,25,20,5,0.626,False,Ionis Drug Wins FDA Approval as First Alexander Disease Treatment - Yahoo Finance,Failure of Novartis’ Pelacarsen Could Reshape the Lp(a) Race for CRISPR and Ionis,3.0,6.0,20.0,2.0,2026-09-25 12:22:16.180378
IRON,2026-09-25,22,5,4,1,0.192,False,Disc Medicine Reports Positive Initial RESTORE-PV Results for DISC-3405 in Polycythemia Vera - Quiver Quantitative,Disc Medicine Investor News: If You Have Suffered Losses in - GlobeNewswire,1.0,3.0,16.0,15.0,2026-09-25 12:22:17.375847
KRYS,2026-09-25,22,6,5,1,0.54,False,KRYS Maintained by B of A Securities -- Price Target Raised to $400 - GuruFocus,Precision Trading with Krystal Biotech Inc. (KRYS) Risk Zones - news.stocktradersdaily.com,0.0,2.0,10.0,53.0,2026-09-25 12:22:20.643080
LLY,2026-09-25,71,14,12,2,0.677,False,Eli Lilly Rises After FDA Approval for Once-Weekly Diabetes Insulin - Quiver Quantitative,,0.0,1.0,7.0,51.0,2026-09-25 12:22:21.848412
MANE,2026-09-25,3,0,0,0,0.0,True,,,0.0,2.0,8.0,45.0,2026-09-25 12:22:25.462802
MRK,2026-09-25,4,4,3,1,0.513,False,Bank of America has strong message for Merck stock investors,Merck Says Investigational Diabetes-Related Blindness Drug at Par With Roche’s Medicine,0.0,1.0,7.0,52.0,2026-09-25 12:22:31.149529
NAMS,2026-09-25,28,12,9,3,0.748,False,NewAmsterdam Pharma (NAMS) Wins EU Approvals. Can Cholesterol Pills Drive Royalties? - Insider Monkey,Stifel reiterates Buy on NewAmsterdam Pharma stock after trial failure By Investing.com - Investing.com India,1.0,6.0,13.0,4.0,2026-09-25 12:22:31.701401
NBIX,2026-09-25,30,4,4,0,1.0,False,Is Phase 4 Success Altering The Investment Case For Neurocrine Biosciences Stock? - webull.com,,0.0,2.0,9.0,56.0,2026-09-25 12:22:32.220394
NTLA,2026-09-25,26,12,9,3,0.768,False,Intellia Therapeutics Announces FDA Acceptance of Biologics License Application with Priority Review for Lonvoguran Ziclumeran (Lonvo-z) for Hereditary Angioedema (HAE) - Intellia Therapeutics,Intellia Therapeutics Secures Non-Dilutive Debt Facility with OrbiMed for up to $400 Million - Yahoo Finance,2.0,3.0,18.0,17.0,2026-09-25 12:22:33.898549
NUVB,2026-09-25,15,5,5,0,1.0,False,Nuvation Bio Announces FDA Approval of Supplemental New Drug Application for IBTROZI® (taletrectinib) with Updated Duration of Response in TKI-Naïve Advanced ROS1-Positive Non-Small Cell Lung Cancer - PR Newswire,,0.0,3.0,10.0,50.0,2026-09-25 12:22:34.461147
NVO,2026-09-25,98,25,4,21,-0.656,False,Pharma stock soars 150% on injectables deal with Wegovy maker Novo - CNBC,"Novo-Nordisk A/S's weight-loss drug CagriSema has ""hit a wall""! A 12.4% weight loss failed to allay market concerns. - 富途牛牛",0.0,0.0,0.0,,2026-09-25 12:22:35.179260
NVS,2026-09-25,12,10,3,7,-0.204,False,Novartis Beats Patent Listing Suit Over Entresto - Law360,Novartis defeats drug-purchaser lawsuit over delay of Entresto generics - Reuters,0.0,0.0,0.0,,2026-09-25 12:22:35.839103
OCGN,2026-09-25,29,4,3,1,0.525,False,Ocugen Announces Expanded Access Program for OCU400 in Retinitis Pigmentosa Following LARTA Provisional Approval - Quiver Quantitative,Ocugen's Science Outpaces Its Stock as Shareholders Face a Dilution Reckoning - AD HOC NEWS,2.0,4.0,22.0,2.0,2026-09-25 12:22:36.364008
OCS,2026-09-25,13,3,1,2,-0.264,True,"OCS: Precision medicine and targeted trials drive clinical and commercial strategy, with strong funding - TradingView",Oculis Holding AG: Navigating Through Major Trial Setback (NASDAQ:OCS) - Seeking Alpha,0.0,0.0,0.0,,2026-09-25 12:22:37.035320
OCUL,2026-09-25,20,5,5,0,1.0,False,Ocular Therapeutix Eyes Q4 FDA Filing for AXPAXLI After SOL-1 Success - Yahoo Finance,,0.0,1.0,11.0,53.0,2026-09-25 12:22:37.721904
OMER,2026-09-25,17,11,10,1,0.785,False,Cantor Fitzgerald Upgrades Omeros (OMER) to Overweight on Strong Yartemlea Launch - GuruFocus,,0.0,4.0,13.0,43.0,2026-09-25 12:22:39.823033
ONC,2026-09-25,15,3,3,0,1.0,True,"BeOne Medicines: Pivotal oncology pipeline, strong BRUKINSA growth, and global expansion drive raised outlook - TradingView",,1.0,2.0,12.0,30.0,2026-09-25 12:22:40.416473
PCVX,2026-09-25,26,4,1,3,-0.544,False,Vaxcyte stock holds near recent highs as OPUS-1 Phase 3 data window narrows - AD HOC NEWS,"Vaxcyte (PCVX) Dropped, So What Is Driving Attention Now? - Yahoo Finance",1.0,3.0,12.0,22.0,2026-09-25 12:22:43.271471
PFE,2026-09-25,80,12,8,4,0.412,False,What Could Pfizer (PFE) Unlock From Faster FDA Reviews And Orphan Drug Growth? - Yahoo Finance,Pfizer Refocuses Growth Strategy as New Products Offset COVID Decline - Yahoo Finance,0.0,1.0,10.0,52.0,2026-09-25 12:22:44.375309
PHAT,2026-09-25,6,2,0,2,-1.0,True,,"PHAT Investors Have Opportunity to Join Phathom Pharmaceuticals, Inc. Fraud Investigation with SBS Law - The National Law Review",0.0,1.0,11.0,57.0,2026-09-25 12:22:45.469300
PRAX,2026-09-25,5,8,6,2,0.598,False,Praxis Precision Medicines: Still Potential Upside After Huge Rally (Rating Upgrade) - Seeking Alpha,,0.0,4.0,22.0,50.0,2026-09-25 12:22:47.170849
QNRX,2026-09-25,16,13,12,1,0.771,False,Quoin in line for priority review voucher if rare paediatric drug approved - Yahoo Finance,,3.0,5.0,16.0,3.0,2026-09-25 12:22:47.679770
RARE,2026-09-25,54,59,45,14,0.525,False,Ultragenyx wins FDA approval for pediatric gene therapy for Sanfilippo syndrome - Seeking Alpha,"Ultragenyx Pharmaceutical Inc. (RARE) Investigation: Bronstein, Gewirtz & Grossman, LLC Encourages Investors to Contact the Firm to Learn More About the Investigation - ACCESS Newswire",2.0,5.0,19.0,8.0,2026-09-25 12:22:48.455182
RCUS,2026-09-25,23,5,4,1,0.775,False,Arcus Biosciences Announces New Employment Inducement Grants - Yahoo! Finance Canada,,0.0,1.0,12.0,51.0,2026-09-25 12:22:48.965177
REGN,2026-09-25,42,17,2,15,-0.567,False,Regeneron Pharmaceuticals (NASDAQ:REGN) Upgraded by Wall Street Zen to Strong-Buy Rating - MarketBeat,"1 WEEK REGN INVESTOR DEADLINE: Regeneron Pharmaceuticals, Inc. Investors with Substantial Losses Have Opportunity to Lead Class Action Lawsuit Before September 14, 2026 Deadline - TMX Newsfile",0.0,2.0,9.0,57.0,2026-09-25 12:22:49.681273
RGNX,2026-09-25,16,5,2,3,0.059,False,REGENXBIO Presents Positive Three-Year Durability Data for Surabgene Lomparvovec in Diabetic Retinopathy at Retina Society Annual Scientific Meeting - PR Newswire,RGNX Stock Slumps 15% After-Hours — What’s Driving The Selloff? - Stocktwits,1.0,6.0,13.0,2.0,2026-09-25 12:22:50.242305
RNAC,2026-09-25,3,3,3,0,1.0,True,"RNAC Q2 2026 Earnings: Cartesian Therapeutics Reports Surprise Positive EPS of $0.61, Beating Estimates by 168.86% - Profit Margin Analysis - dars.gov.et",,0.0,1.0,14.0,50.0,2026-09-25 12:22:50.871486
RPRX,2026-09-25,51,9,4,5,-0.005,False,Wall Street Zen Upgrades Royalty Pharma (NASDAQ:RPRX) to Strong-Buy - MarketBeat,Royalty Pharma (RPRX): Can Downside Protection Offset Pelacarsen’s Phase 3 Failure? - Yahoo Finance,0.0,1.0,9.0,51.0,2026-09-25 12:22:51.517195
SBFM,2026-09-25,3,1,1,0,1.0,True,"Sunshine Biopharma, Inc. (SBFM) Upgraded to Buy: Here's What You Should Know",,3.0,6.0,14.0,9.0,2026-09-25 12:22:52.541241
SLS,2026-09-25,19,12,4,8,-0.157,False,"This Tiny Biotech Is Beating MRNA, IOVA And SLS — Here's How A Billionaire Fueled Its September Rally","A Sellas immunotherapy study, long delayed, will end in failure - STAT",0.0,2.0,12.0,45.0,2026-09-25 12:22:57.945223
SNY,2026-09-25,32,8,3,5,-0.475,False,Press Release: Sanofi and Cheplapharm to create new strategic partnership in mature medicines - Yahoo Finance,"Sanofi Eyes €25B Dupixent Future, Expands M&A Hunt Ahead of Patent Loss - Yahoo Finance",0.0,0.0,0.0,,2026-09-25 12:23:00.000616
SPTX,2026-09-25,21,8,8,0,1.0,False,Seaport Therapeutics Reports Positive Topline Results from Phase 1 Driving Simulation Trial of GlyphAllo™ in Healthy Volunteers - Yahoo Finance,,0.0,1.0,3.0,53.0,2026-09-25 12:23:01.108235
STOK,2026-09-25,9,5,4,1,0.386,False,"Stoke Therapeutics Appoints Bo Cumbo to its Board of Directors, Enhancing Commercial Expertise as the Company Advances Zorevunersen Development Toward Potential FDA Approval and Commercialization - Business Wire",(STOK) Risk Channels and Responsive Allocation - news.stocktradersdaily.com,0.0,3.0,13.0,53.0,2026-09-25 12:23:03.002459
TAK,2026-09-25,30,10,10,0,1.0,False,Takeda Pharmaceutical (TAK) Gets Priority Review. Can Zasocitinib Win in Psoriasis? - Yahoo Finance,,0.0,0.0,0.0,,2026-09-25 12:23:06.952007
TLSA,2026-09-25,20,2,0,2,-1.0,True,,Tiziana Life Sciences Ltd(NasdaqCM: TLSA) dropped from S&P Global BMI Index - marketscreener.com,0.0,0.0,0.0,1800.0,2026-09-25 12:23:09.665223
TNGX,2026-09-25,9,0,0,0,0.0,True,,,0.0,4.0,18.0,45.0,2026-09-25 12:23:11.674349
TYRA,2026-09-25,63,16,3,13,-0.727,False,"Stock grant lifts Tyra Biosciences (NASDAQ: TYRA) finance VP stake to 11,258 shares - Stock Titan","Bronstein, Gewirtz & Grossman, LLC Announces an Investigation Against Tyra Biosciences, Inc. (TYRA) and Encourages Investors to Learn More About the Investigation - ACCESS Newswire",2.0,3.0,11.0,10.0,2026-09-25 12:23:15.330766
VNDA,2026-09-25,4,0,0,0,0.0,True,,,0.0,1.0,15.0,51.0,2026-09-25 12:23:18.529041
WVE,2026-09-25,2,0,0,0,0.0,True,,,0.0,2.0,17.0,49.0,2026-09-25 12:23:21.445436
XENE,2026-09-25,57,22,2,20,-0.773,False,Why Xenon Pharmaceuticals (XENE) Is Down 32.2% After Pausing Psychiatry Trials Despite Positive NDA Data,Xenon Stock Craters 30% on Drug Trial Setback. Its Failure Could Be This Biotech’s Gain.,0.0,1.0,13.0,50.0,2026-09-25 12:23:22.114092
ZYME,2026-09-25,22,4,4,0,1.0,False,Zymeworks Completes Acquisition of Theravance Biopharma - GlobeNewswire,,1.0,4.0,14.0,2.0,2026-09-25 12:23:24.359928
ABBV,2026-09-26,78,10,8,2,0.568,False,AbbVie (ABBV) Wins EU Approval for Rinvoq in Children. Why a Small Indication Still Matters - Yahoo Finance,AbbVie: Revenue Pressure And Weakening Earnings Support A 'Sell' (NYSE:ABBV) - Seeking Alpha,1.0,5.0,15.0,23.0,2026-09-26 12:20:12.217008
ABVX,2026-09-26,29,5,2,3,-0.666,False,Abivax SA Sponsored ADR (ABVX) Upgraded to Buy: Here's Why - Yahoo Finance,ABVX Investors Have Opportunity to Join Abivax S.A. Fraud Investigation with the Schall Law Firm - Eastern Progress,0.0,0.0,0.0,,2026-09-26 12:20:14.179042
ADAG,2026-09-26,22,5,4,1,0.532,False,Adagene (ADAG) Upgraded to Buy: Here's What You Should Know - Eastern Progress,Adagene Announces NMPA Clearance of Investigational New - GlobeNewswire,0.0,0.0,0.0,,2026-09-26 12:20:15.739116
ALZN,2026-09-26,9,12,6,6,-0.071,False,ALZN Q2 2026 Earnings: Narrower-Than-Expected Loss Beats Consensus as Shares Dip - Post-Announcement Reaction - careplusvn.com,"Alzamend Neuro, Inc. Q1 2027: Net loss $3.03M, EPS $(0.68) — 10-Q Summary - TradingView",0.0,2.0,8.0,54.0,2026-09-26 12:20:18.554057
AMGN,2026-09-26,80,38,30,8,0.818,False,AMGEN ANNOUNCES POSITIVE TOPLINE PHASE 3 RESULTS FOR DAZODALIBEP IN MODERATE-TO-SEVERE SYSTEMIC SJÖGREN'S DISEASE - PR Newswire,Amgen Falls 10% as Novartis Trial Failure Clouds a Cholesterol Drug Class; NVS Stock Drops 14% - Yahoo Finance,0.0,2.0,10.0,53.0,2026-09-26 12:20:19.297005
ANNX,2026-09-26,8,2,2,0,1.0,True,"ANNX: Phase III programs in GBS and GA advance toward key data and regulatory milestones, with strong differentiation - TradingView",,0.0,4.0,12.0,45.0,2026-09-26 12:20:19.802201
ARGX,2026-09-26,23,7,7,0,1.0,False,Here's Exactly Why Wall Street Thinks Argenx Stock Could Soar 23% Over the Next 12 Months - The Motley Fool,,0.0,0.0,0.0,,2026-09-26 12:20:22.214416
ATOS,2026-09-26,4,2,0,2,-1.0,True,,Atossa Therapeutics (ATOS) Q2 2026 Earnings: Narrower-than-Expected Loss Reflects Cost Containment - Earnings Weakness Phase - dars.gov.et,1.0,2.0,17.0,8.0,2026-09-26 12:20:24.032515
AZN,2026-09-26,57,37,28,9,0.688,False,Efzimfotase alfa granted Priority Review in the US as treatment for patients with hypophosphatasia aged 2 years and older - AstraZeneca,"AstraZeneca’s Etcamah flunks first-line breast cancer trial, adding to oral SERDs’ failure record - Fierce Pharma",0.0,0.0,0.0,,2026-09-26 12:20:27.340252
BHVN,2026-09-26,9,3,1,2,0.219,True,"Yale, Biohaven Seek $23M Atty Fee After Trade Secrets Win - Law360",Biohaven’s epilepsy drug hit with FDA clinical hold,1.0,5.0,14.0,16.0,2026-09-26 12:20:30.532917
BIIB,2026-09-26,24,5,5,0,1.0,False,Biogen (BIIB) Wins China Approval For At Home Weekly Alzheimer’s Treatment - simplywall.st,,0.0,2.0,14.0,59.0,2026-09-26 12:20:31.209384
BIOA,2026-09-26,3,1,0,1,-1.0,True,,BioAge: CV Risk Data Due H2 A Major Catalyst After Rival's Data Causes Sell-Off (BIOA) - Seeking Alpha,0.0,1.0,9.0,52.0,2026-09-26 12:20:31.751240
BMEA,2026-09-26,23,25,0,25,-1.0,False,,Biomea Fusion Announces Termination of Proposed Public Offering of Securities - Yahoo Finance,1.0,2.0,11.0,4.0,2026-09-26 12:20:32.426161
BMRN,2026-09-26,34,3,2,1,0.381,True,BioMarin Pharmaceutical (BMRN) Posts Phase 3 Win And FDA Filing In Hypochondroplasia - simplywall.st,BioMarin drops Voxzogo development for Noonan syndrome as treatment landscape shifts - Fierce Pharma,4.0,7.0,22.0,11.0,2026-09-26 12:20:33.173645
BMY,2026-09-26,47,8,6,2,0.85,False,What Bristol Myers Squibb Stock’s Strong Buy Upgrade Means For Shareholders - simplywall.st,Could Bristol-Myers Squibb (BMY) Outperform Novartis (NVS) as CAR-T Safety Concerns Shake the Sector? - Yahoo Finance,0.0,1.0,9.0,58.0,2026-09-26 12:20:33.716217
BNTX,2026-09-26,51,10,5,5,0.068,False,Moderna Surges 9% as Phase 3 Melanoma Data Wins Presidential Symposium Slot; Merck and BioNTech Edge Higher,BioNTech Stock Recently Got Downgraded. But Is Wall Street Underestimating Its Cancer Pipeline? - The Motley Fool,0.0,0.0,0.0,,2026-09-26 12:20:34.464473
BRTX,2026-09-26,3,0,0,0,0.0,True,,,4.0,7.0,15.0,15.0,2026-09-26 12:20:35.448128
BTAI,2026-09-26,16,3,0,3,-1.0,True,,"Discontinued operations of BioXcel Therapeutics, Inc. – OTC:BTAIQ - TradingView",,,,,2026-09-26 12:20:36.100654
CADL,2026-09-26,17,11,6,5,0.579,False,Candel Therapeutics: Strong Buy On Aglatimagene Prostate Cancer BLA Filing In Q4 (CADL) - Seeking Alpha,CADL Q2 2026 Earnings: EPS of -$0.52 Misses Consensus by 115.41% as Shares Decline 3.41% - Quarterly Financial Update - careplusvn.com,2.0,3.0,13.0,16.0,2026-09-26 12:20:36.681528
CAPR,2026-09-26,58,36,2,34,-0.967,False,CAPR Stock Skyrockets 144% in a Month: What Is Driving the Rally? - TradingView,"INVESTOR ALERT: Pomerantz Law Firm Reminds Investors with Losses on their Investment in Capricor Therapeutics, Inc. of Class Action Lawsuit and Upcoming Deadlines - CAPR - PR Newswire",0.0,5.0,15.0,33.0,2026-09-26 12:20:37.180212
CELZ,2026-09-26,9,0,0,0,0.0,True,,,2.0,3.0,7.0,1.0,2026-09-26 12:20:37.731076
CGEM,2026-09-26,37,7,3,4,-0.235,False,CGEM Maintained by HC Wainwright & Co. -- Price Target Raised to $35 - GuruFocus,CGEM Stock Extends Losses After Cullinan Delays Arthritis Update To December — Zipalertinib Safety Worries Linger,2.0,4.0,15.0,2.0,2026-09-26 12:20:38.778502
CL,2026-09-26,57,4,1,3,-0.806,False,Colgate-Palmolive Is Recovering Nicely (Rating Upgrade) (NYSE:CL) - Seeking Alpha,Colgate-Palmolive Company(NYSE: CL) dropped from S&P 100 - marketscreener.com,0.0,1.0,9.0,57.0,2026-09-26 12:20:40.352236
CLDX,2026-09-26,41,20,16,4,0.608,False,Celldex Announces Positive Results from Phase 3 EMBARQ-CSU1 - GlobeNewswire,"CLDX Stock Slumps 11% – This Analyst Sees Nearly 90% Upside, Calls Phase 3 Trial Safety Concerns ‘Misplaced’ - TradingView",1.0,3.0,8.0,4.0,2026-09-26 12:20:40.973991
CMND,2026-09-26,18,4,4,0,1.0,False,"Clearmind Medicine Receives Yale IRB Approval, Enabling Patient Recruitment for Parts B and C of CMND-100 Phase I/II Trial, Following Positive Safety Results - The Manila Times",,0.0,0.0,0.0,,2026-09-26 12:20:41.514116
COGT,2026-09-26,13,1,1,0,1.0,True,Cogent Bio wins third FDA review for lead asset (COGT:NASDAQ) - Seeking Alpha,,1.0,3.0,11.0,24.0,2026-09-26 12:20:44.031555
CORT,2026-09-26,38,8,4,4,0.053,False,Strong Commercial Execution and Pipeline Opportunities Propel Corcept Therapeutics (CORT) - Yahoo Finance,Health Care Weekly: Corcept Seeks Dismissal of Off-Label Marketing Whistleblower Suit; Medicare ACCESS Program to Cover More Chronic Conditions; FDA Launches Accelerated Investigational Drug Review Program; Agencies Anno,1.0,2.0,14.0,3.0,2026-09-26 12:20:44.684174
CRDF,2026-09-26,9,2,1,1,-0.289,True,"HC Wainwright Upgrades Cardiff Oncology to Buy From Neutral, Price Target is $9 - marketscreener.com","Cardiff Oncology, Inc.(NasdaqCM: CRDF) dropped from S&P Global BMI Index - marketscreener.com",1.0,3.0,14.0,12.0,2026-09-26 12:20:46.620542
CYTK,2026-09-26,35,12,8,4,0.089,False,Cytokinetics Announces Inducement Grants Under Nasdaq Listing Rule 5635(c)(4) - GlobeNewswire,"Cytokinetics Maps MYQORZO Expansion, Heart Failure Pipeline at Bernstein Conference - Yahoo Finance",1.0,3.0,13.0,29.0,2026-09-26 12:20:48.596782
DBVT,2026-09-26,17,3,1,2,-0.234,True,,DBVT Slides As DBV Technologies Leads European Biotech Declines - timothysykes.com,0.0,2.0,12.0,72.0,2026-09-26 12:20:49.129410
DMAC,2026-09-26,3,1,1,0,1.0,True,Wall Street Analysts Think DiaMedica Therapeutics (DMAC) Could Surge 129.97%: Read This Before Placing a Bet - Eastern Progress,,0.0,1.0,7.0,47.0,2026-09-26 12:20:51.552512
DNTH,2026-09-26,20,5,2,3,-0.2,False,,"Dianthus: Hold, Based On Competitor C1s' CIDP Setback And Continued Claseprubart Advancement - Seeking Alpha",0.0,1.0,11.0,53.0,2026-09-26 12:20:52.670732
EXEL,2026-09-26,46,11,2,9,-0.734,False,Exelixis (EXEL) Faces a Three-Month Zanzalintinib Review Extension. Can the Data Support Approval? - Yahoo Finance,Exelixis: Why The 3-Month Delay Is More Negative Than It May Seem (Downgrade) - Seeking Alpha,2.0,3.0,9.0,15.0,2026-09-26 12:20:58.070732
FDMT,2026-09-26,15,3,3,0,1.0,True,4D Molecular Therapeutics Grants RSUs to Seven New Non-Executive Employees - Quiver Quantitative,,0.0,3.0,16.0,44.0,2026-09-26 12:20:59.156181
GILD,2026-09-26,67,10,7,3,0.658,False,Gilead Sciences Just Won Its Third FDA Approval in Less Than 4 Months. Is the Stock Still Underrating This Turnaround Play? - Yahoo Finance,"Merck, Gilead’s failed Trodelvy lung cancer trial shows better China results - Fierce Pharma",0.0,1.0,10.0,53.0,2026-09-26 12:21:00.859998
GMAB,2026-09-26,19,4,2,2,0.025,False,Grant of Restricted Stock Units and Warrants to Employees in Genmab - GlobeNewswire,Genmab (CPSE:GMAB) Stock Sees Modest Fair Value Cut As Analysts Weigh Pipeline Risks - Yahoo Finance,0.0,0.0,0.0,,2026-09-26 12:21:02.642801
IBRX,2026-09-26,25,9,4,5,0.218,False,IBRX Stock Jumps Overnight: UAE Grants Anktiva Broadest Approval Yet After Founder’s ‘July Birthday News’ Tease - stocktwits.com,"Bronstein, Gewirtz & Grossman, LLC Announces an Investigation Against ImmunityBio, Inc. (IBRX) and Encourages Shareholders to Learn More About the Investigation - accessnewswire.com",0.0,2.0,17.0,53.0,2026-09-26 12:21:07.556468
IDYA,2026-09-26,19,4,3,1,0.634,False,IDEAYA Biosciences Announces Inducement Grants under Nasdaq Listing Rule 5635(c)(4) - PR Newswire,How (IDYA) Movements Inform Risk Allocation Models - Stock Traders Daily,0.0,1.0,16.0,53.0,2026-09-26 12:21:08.159166
INSM,2026-09-26,28,16,14,2,0.905,False,"FDA Grants Priority Review to Insmed's sNDA for ARIKAYCE® (amikacin liposome inhalation suspension) for Treatment of MAC Lung Disease With PDUFA Target Action Date Set for January 28, 2027 - Insmed Incorporated Investor ",Exiting Insmed (INSM) Following Disappointing Key Drug Uptake - Yahoo Finance,0.0,2.0,11.0,51.0,2026-09-26 12:21:12.058687
IONS,2026-09-26,39,20,15,5,0.578,False,Ionis announces positive topline results from Phase 3 FUSION study of ulefnersen marking significant milestone in advancing first potential disease modifying treatment for FUS-ALS - Yahoo Finance,Failure of Novartis’ Pelacarsen Could Reshape the Lp(a) Race for CRISPR and Ionis,3.0,6.0,20.0,3.0,2026-09-26 12:21:12.787655
IRON,2026-09-26,20,6,5,1,0.273,False,Disc Medicine Reports Positive Initial RESTORE-PV Results for DISC-3405 in Polycythemia Vera - Quiver Quantitative,Disc Medicine Investor News: If You Have Suffered Losses in - GlobeNewswire,1.0,3.0,16.0,16.0,2026-09-26 12:21:13.949114
JAZZ,2026-09-26,45,7,7,0,1.0,False,Jazz Pharmaceuticals debt upgraded by S&P on stronger recovery - Investing.com,,3.0,8.0,16.0,3.0,2026-09-26 12:21:14.597558
LLY,2026-09-26,72,19,17,2,0.768,False,Eli Lilly (LLY) Wins Two FDA Approvals And A $3.35 Billion Drug Alliance,Top Midday Stories: Akamai's $11.6 Billion Anthropic Deal; Scholastic Q1 Loss Widens; Nektar Awarded $90 Million in Eli Lilly Case,0.0,1.0,7.0,52.0,2026-09-26 12:21:18.596592
LRMR,2026-09-26,1,1,1,0,1.0,True,Why Did Larimar Therapeutics’ Stock Surge Over 30% Pre-Market Today? - stocktwits.com,,0.0,2.0,15.0,53.0,2026-09-26 12:21:19.051122
LUMN,2026-09-26,3,0,0,0,0.0,True,,,1.0,2.0,32.0,1.0,2026-09-26 12:21:20.228531
MAZE,2026-09-26,37,3,2,1,0.323,True,"Market Movers | Winners: VKTX, INDP, MAZE | Losers: XNDU, EVER, CLDX - Trefis","Maze Therapeutics (MAZE) Slides On Weak Momentum, Is The Current Valuation About Right? - simplywall.st",0.0,2.0,10.0,40.0,2026-09-26 12:21:22.762881
MCUJF,2026-09-26,12,1,1,0,1.0,True,Poly Medicure vs Windlas Biotech vs Shilpa Medicare: Comparison - Univest,,0.0,0.0,0.0,,2026-09-26 12:21:23.299878
MIRM,2026-09-26,18,11,10,1,0.937,False,Mirum Pharmaceuticals wins FDA approval for Atebrioz in FOP patients 12 and older - Mugglehead Investment Magazine,Precision Trading with Mirum Pharmaceuticals Inc. (MIRM) Risk Zones - Stock Traders Daily,1.0,2.0,16.0,18.0,2026-09-26 12:21:25.228879
MRK,2026-09-26,5,5,4,1,0.609,False,Merck (MRK) Stock May Be 37% Undervalued On Fresh FDA Approval,Merck remigromig DME trial results raise safety concerns,0.0,1.0,7.0,53.0,2026-09-26 12:21:27.273867
NBIX,2026-09-26,29,3,3,0,1.0,True,"Neurocrine Biosciences, Inc. (NBIX) Stock Analysis: Exploring a Promising 43% Potential Upside - DirectorsTalk Interviews",,0.0,2.0,9.0,57.0,2026-09-26 12:21:28.630676
NTLA,2026-09-26,19,9,9,0,1.0,False,Intellia Therapeutics Announces FDA Acceptance of Biologics License Application with Priority Review for Lonvoguran Ziclumeran (Lonvo-z) for Hereditary Angioedema (HAE) - Intellia Therapeutics,,2.0,3.0,17.0,18.0,2026-09-26 12:21:30.379483
NVO,2026-09-26,93,17,3,14,-0.562,False,Pharma stock soars 150% on injectables deal with Wegovy maker Novo - CNBC,U.S. demand for Novo Nordisk's weight loss drugs is so huge that the Danish central bank just doubled the nation's entire growth forecast - Fortune,0.0,0.0,0.0,,2026-09-26 12:21:31.633665
NVS,2026-09-26,13,9,3,6,-0.19,False,Novartis Beats Patent Listing Suit Over Entresto - Law360,Novartis defeats drug-purchaser lawsuit over delay of Entresto generics - Reuters,0.0,0.0,0.0,,2026-09-26 12:21:32.317481
OCGN,2026-09-26,37,9,8,1,0.781,False,Ocugen Receives Provisional Approval and Priority - GlobeNewswire,,2.0,4.0,22.0,3.0,2026-09-26 12:21:32.868900
OCS,2026-09-26,12,2,0,2,-1.0,True,,Backers of controversial Oculis Lodge project can join lawsuit against developer - Cascadia Daily News,0.0,0.0,0.0,,2026-09-26 12:21:33.537583
OCUL,2026-09-26,20,6,5,1,0.473,False,Ocular Therapeutix Eyes Q4 FDA Filing for AXPAXLI After SOL-1 Success - Yahoo Finance,Precision Trading with Ocular Therapeutix Inc. (OCUL) Risk Zones - Stock Traders Daily,0.0,1.0,11.0,54.0,2026-09-26 12:21:34.124340
ORIC,2026-09-26,18,1,0,1,-1.0,True,,ORIC Falls After Hours On Safety Concerns Around Prostate Cancer Candidate At Higher Doses - stocktwits.com,0.0,2.0,10.0,54.0,2026-09-26 12:21:37.356939
PCVX,2026-09-26,21,3,1,2,-0.309,True,Vaxcyte stock holds near recent highs as OPUS-1 Phase 3 data window narrows - AD HOC NEWS,Vaxcyte Has $2.5 Billion in Cash and a $605 Million Half-Year Loss. Here's How to Read Its CFO's Latest Insider Filing - The Motley Fool,1.0,3.0,12.0,23.0,2026-09-26 12:21:39.718405
PFE,2026-09-26,62,10,9,1,0.938,False,American College of Surgeons/Pfizer Awards Recognize Surgeons' Efforts to Bring Quality Surgical Care to Patients Worldwide | Newswise - Newswise,How Concerned Should Income Investors Be About Pfizer's Dividend? - Yahoo Finance,0.0,1.0,10.0,53.0,2026-09-26 12:21:40.891899
RARE,2026-09-26,53,56,44,12,0.545,False,Ultragenyx's $4 million gene therapy wins FDA approval for a rare brain and nervous system disorder - bizjournals.com,"Ultragenyx Pharmaceutical Inc. (RARE) Investigation: Bronstein, Gewirtz & Grossman, LLC Encourages Investors to Contact the Firm to Learn More About the Investigation - accessnewswire.com",2.0,5.0,19.0,9.0,2026-09-26 12:21:45.010063
RCUS,2026-09-26,14,1,1,0,1.0,True,Arcus Biosciences Announces New Employment Inducement Grants - Yahoo! Finance Canada,,0.0,1.0,12.0,52.0,2026-09-26 12:21:45.500263
REGN,2026-09-26,47,16,2,14,-0.543,False,Regeneron Pharmaceuticals (NASDAQ:REGN) Upgraded by Wall Street Zen to Strong-Buy Rating - MarketBeat,"1 WEEK REGN INVESTOR DEADLINE: Regeneron Pharmaceuticals, Inc. Investors with Substantial Losses Have Opportunity to Lead Class Action Lawsuit Before September 14, 2026 Deadline - TMX Newsfile",0.0,2.0,9.0,58.0,2026-09-26 12:21:46.163246
RGNX,2026-09-26,22,6,4,2,0.521,False,REGENXBIO Presents Positive Three-Year Durability Data for Surabgene Lomparvovec in Diabetic Retinopathy at Retina Society Annual Scientific Meeting - PR Newswire,RGNX Stock Slumps 15% After-Hours — What’s Driving The Selloff? - stocktwits.com,1.0,6.0,13.0,3.0,2026-09-26 12:21:46.794005
SLS,2026-09-26,22,12,4,8,-0.128,False,"This Tiny Biotech Is Beating MRNA, IOVA And SLS — Here's How A Billionaire Fueled Its September Rally","A Sellas immunotherapy study, long delayed, will end in failure - STAT",0.0,2.0,12.0,46.0,2026-09-26 12:21:54.852375
SMMT,2026-09-26,10,2,2,0,1.0,True,Summit Therapeutics (SMMT) Soars 28% on Ivonescimab Progress - Yahoo Finance,,3.0,8.0,19.0,11.0,2026-09-26 12:21:55.498200
SNDX,2026-09-26,18,2,2,0,1.0,True,"Syndax Pharmaceuticals, Inc. (SNDX) Stock Analysis: Unveiling a 112% Potential Upside with a Strong Buy Consensus - DirectorsTalk Interviews",,0.0,2.0,11.0,53.0,2026-09-26 12:21:56.151706
SNY,2026-09-26,28,5,2,3,-0.586,False,Press Release: Sanofi and Cheplapharm to create new strategic partnership in mature medicines - Yahoo Finance,Public Advisory - Sanofi-Aventis Canada Inc. recalling certain insulin pens and cartridges - AOL.com,0.0,0.0,0.0,,2026-09-26 12:21:56.710339
SPTX,2026-09-26,26,9,9,0,1.0,False,Seaport Therapeutics Reports Positive Topline Results from Phase 1 Driving Simulation Trial of GlyphAllo™ in Healthy Volunteers - Yahoo Finance,,0.0,1.0,3.0,54.0,2026-09-26 12:21:57.743609
SRPT,2026-09-26,19,2,0,2,-1.0,True,,Sarepta Therapeutics Drops 7.1% Amid Sector-Wide Selling - AlphaStreet,1.0,3.0,12.0,3.0,2026-09-26 12:21:58.357149
SRRK,2026-09-26,9,12,11,1,0.607,False,Scholar Rock Holding (SRRK) Wins FDA Approval for ISEMBYLD. Can Add-On Use Scale?,"Scholar Rock Poised for De-risked Commercial Ramp in Neuromuscular Space, Wedbush Says",2.0,4.0,14.0,11.0,2026-09-26 12:21:58.743969
STOK,2026-09-26,13,5,4,1,0.506,False,"Stoke Therapeutics Appoints Bo Cumbo to its Board of Directors, Enhancing Commercial Expertise as the Company Advances Zorevunersen Development Toward Potential FDA Approval and Commercialization - Business Wire",(STOK) Risk Channels and Responsive Allocation - Stock Traders Daily,1.0,4.0,14.0,1.0,2026-09-26 12:21:59.361671
TAK,2026-09-26,29,9,9,0,1.0,False,Takeda Pharmaceutical (TAK) Gets Priority Review. Can Zasocitinib Win in Psoriasis? - Yahoo Finance,,0.0,0.0,0.0,,2026-09-26 12:22:02.797357
TECX,2026-09-26,9,7,3,4,-0.238,False,"Tectonic Therapeutic (TECX) grants 24,250 options to its CMO - Stock Titan",TECX Q2 2026 Earnings: Narrower-Than-Expected Loss Fails to Lift Shares - Earnings Decline Risk - careplusvn.com,0.0,1.0,8.0,51.0,2026-09-26 12:22:04.465198
TPB,2026-09-26,2,0,0,0,0.0,True,,,1.0,2.0,8.0,5.0,2026-09-26 12:22:07.868142
TTRX,2026-09-26,15,4,3,1,0.316,False,Turn Therapeutics (NASDAQ:TTRX) Stock Rating Upgraded by Lucid Cap Mkts - MarketBeat,Turn Therapeutics (NASDAQ:TTRX) Cut to Sell at Wall Street Zen - MarketBeat,2.0,7.0,26.0,16.0,2026-09-26 12:22:08.929830
TYRA,2026-09-26,58,11,3,8,-0.561,False,"Stock grant lifts Tyra Biosciences (NASDAQ: TYRA) finance VP stake to 11,258 shares - Stock Titan",Tyra Biosciences Stock Plunges 22% as Bladder Cancer Pill Fails to Impress,2.0,3.0,11.0,11.0,2026-09-26 12:22:10.702414
URGN,2026-09-26,15,5,5,0,1.0,False,UroGen Pharma advances with strong Zusduri sales and promising URGN-103 approval ahead - Pluang,,0.0,2.0,8.0,37.0,2026-09-26 12:22:11.401604
VERA,2026-09-26,19,5,4,1,0.6,False,Vera set up for full approval for Trutakna in IgAN with Phase III win,"VERA Stock Jumps 16% Premarket – Trutakna Cuts Kidney Disease Progression Risk By 76%, Full FDA Filing Planned In Q4 - TradingView",1.0,4.0,14.0,11.0,2026-09-26 12:22:11.969888
ABBV,2026-09-27,63,4,3,1,0.513,False,US FDA approves AbbVie's drug for Parkinson's disease - Reuters,AbbVie: Revenue Pressure And Weakening Earnings Support A 'Sell' (NYSE:ABBV) - Seeking Alpha,1.0,5.0,15.0,24.0,2026-09-27 12:20:35.301996
ABVX,2026-09-27,32,5,2,3,-0.399,False,Abivax SA Sponsored ADR (ABVX) Upgraded to Buy: Here's Why - Eastern Progress,ABVX Investors Have Opportunity to Join Abivax S.A. Fraud Investigation with the Schall Law Firm - Eastern Progress,0.0,0.0,0.0,,2026-09-27 12:20:37.300759
ALZN,2026-09-27,8,11,6,5,0.081,False,ALZN Q2 2026 Earnings: Narrower-Than-Expected Loss Beats Consensus as Shares Dip - Post-Announcement Reaction - careplusvn.com,"Alzamend Neuro, Inc. Q1 2027: Net loss $3.03M, EPS $(0.68) — 10-Q Summary - TradingView",0.0,2.0,8.0,55.0,2026-09-27 12:20:41.581095
AMGN,2026-09-27,88,40,31,9,0.788,False,AMGEN ANNOUNCES POSITIVE TOPLINE PHASE 3 RESULTS FOR DAZODALIBEP IN MODERATE-TO-SEVERE SYSTEMIC SJÖGREN'S DISEASE - PR Newswire,Amgen Falls 10% as Novartis Trial Failure Clouds a Cholesterol Drug Class; NVS Stock Drops 14% - Yahoo Finance,0.0,2.0,10.0,54.0,2026-09-27 12:20:42.193437
ANNX,2026-09-27,11,3,3,0,1.0,True,Annexon Reports Inducement Grants to New Employees Under Nasdaq Listing Rule 5635(c)(4) - GlobeNewswire,,0.0,4.0,12.0,46.0,2026-09-27 12:20:42.928175
ARDX,2026-09-27,39,21,0,21,-1.0,False,,"INVESTOR ALERT: Pomerantz Law Firm Reminds Investors with Losses on their Investment in Ardelyx, Inc. of Class Action Lawsuit and Upcoming Deadlines - ARDX - PR Newswire",0.0,3.0,10.0,41.0,2026-09-27 12:20:44.942069
ARGX,2026-09-27,27,10,10,0,1.0,False,Here's Exactly Why Wall Street Thinks Argenx Stock Could Soar 23% Over the Next 12 Months - The Motley Fool,,0.0,0.0,0.0,,2026-09-27 12:20:45.571851
AZN,2026-09-27,46,25,16,9,0.455,False,Astrazeneca Announces sBLA For Imfinzi Plus EV Granted Priority Review In US For MIBC - TradingView,"AstraZeneca’s Etcamah flunks first-line breast cancer trial, adding to oral SERDs’ failure record - Fierce Pharma",0.0,0.0,0.0,,2026-09-27 12:20:50.699344
BIIB,2026-09-27,24,4,4,0,1.0,False,Biogen (BIIB) Could Be 4% Undervalued After Strong Earnings And Product News - simplywall.st,,0.0,2.0,14.0,60.0,2026-09-27 12:20:54.867688
BIOA,2026-09-27,3,0,0,0,0.0,True,,,0.0,1.0,9.0,53.0,2026-09-27 12:20:55.498896
BMEA,2026-09-27,23,24,0,24,-1.0,False,,Biomea Fusion Announces Termination of Proposed Public Offering of Securities - Yahoo Finance,1.0,2.0,11.0,5.0,2026-09-27 12:20:56.626968
CADL,2026-09-27,21,14,9,5,0.696,False,Candel Therapeutics: Strong Buy On Aglatimagene Prostate Cancer BLA Filing In Q4 (CADL) - Seeking Alpha,CADL Q2 2026 Earnings: EPS of -$0.52 Misses Consensus by 115.41% as Shares Decline 3.41% - Quarterly Financial Update - careplusvn.com,2.0,3.0,13.0,17.0,2026-09-27 12:21:00.603340
CAPR,2026-09-27,55,33,2,31,-0.967,False,CAPR Stock Skyrockets 144% in a Month: What Is Driving the Rally? - Yahoo Finance,"INVESTOR ALERT: Pomerantz Law Firm Reminds Investors with Losses on their Investment in Capricor Therapeutics, Inc. of Class Action Lawsuit and Upcoming Deadlines - CAPR - PR Newswire",0.0,5.0,15.0,34.0,2026-09-27 12:21:01.282477
CL,2026-09-27,53,3,1,2,-0.727,True,Colgate-Palmolive Is Recovering Nicely (Rating Upgrade) (NYSE:CL) - Seeking Alpha,Colgate-Palmolive Company(NYSE: CL) dropped from S&P 100 - marketscreener.com,0.0,1.0,9.0,58.0,2026-09-27 12:21:04.646019
CORT,2026-09-27,48,9,5,4,0.137,False,Strong Commercial Execution and Pipeline Opportunities Propel Corcept Therapeutics (CORT) - Yahoo Finance,Health Care Weekly: Corcept Seeks Dismissal of Off-Label Marketing Whistleblower Suit; Medicare ACCESS Program to Cover More Chronic Conditions; FDA Launches Accelerated Investigational Drug Review Program; Agencies Anno,1.0,2.0,14.0,4.0,2026-09-27 12:21:08.355541
CRDL,2026-09-27,30,4,0,4,-1.0,False,,Fewer relapses in heart trial push Cardiol Therapeutics (CRDL) to add patients and delay results - Stock Titan,0.0,0.0,0.0,,2026-09-27 12:21:10.776338
CYTK,2026-09-27,35,13,8,5,-0.032,False,Cytokinetics Announces Inducement Grants Under Nasdaq Listing Rule 5635(c)(4) - GlobeNewswire,"Cytokinetics Maps MYQORZO Expansion, Heart Failure Pipeline at Bernstein Conference - Yahoo Finance",1.0,3.0,13.0,30.0,2026-09-27 12:21:11.986698
DBVT,2026-09-27,15,2,1,1,0.0,True,,,0.0,2.0,12.0,73.0,2026-09-27 12:21:12.545668
DNTH,2026-09-27,19,0,0,0,0.0,True,,,0.0,1.0,11.0,54.0,2026-09-27 12:21:15.572095
EXEL,2026-09-27,46,12,2,10,-0.747,False,Exelixis (EXEL) Faces a Three-Month Zanzalintinib Review Extension. Can the Data Support Approval? - Yahoo Finance,Exelixis: Why The 3-Month Delay Is More Negative Than It May Seem (Downgrade) - Seeking Alpha,2.0,3.0,9.0,16.0,2026-09-27 12:21:20.982570
GILD,2026-09-27,65,7,4,3,0.592,False,Gilead Sciences Inc. stock outperforms competitors on strong trading day - MarketWatch,Gilead Sciences (GILD) Suffers a Larger Drop Than the General Market: Key Insights - Yahoo Finance,0.0,1.0,10.0,54.0,2026-09-27 12:21:23.896085
IBRX,2026-09-27,25,6,3,3,0.315,False,"ImmunityBio (IBRX) Meeting With Turkish President Fuels Expansion Hopes, Shares Climb 10% - Yahoo Finance","ImmunityBio, Inc. (IBRX) Investigation: Bronstein, Gewirtz & Grossman, LLC Encourages Investors to Contact the Firm to Learn More About the Investigation - ACCESS Newswire",0.0,2.0,17.0,54.0,2026-09-27 12:21:30.335009
INCY,2026-09-27,24,5,2,3,-0.269,False,Mirum and Incyte gain approval of zilurgisertib for rare bone disorder - Seeking Alpha,Incyte stock heads into the open after a 1.23 percent drop - AD HOC NEWS,1.0,3.0,14.0,27.0,2026-09-27 12:21:33.211588
INSM,2026-09-27,30,18,16,2,0.917,False,"FDA Grants Priority Review to Insmed's sNDA for ARIKAYCE® (amikacin liposome inhalation suspension) for Treatment of MAC Lung Disease With PDUFA Target Action Date Set for January 28, 2027 - Insmed Incorporated Investor ",Exiting Insmed (INSM) Following Disappointing Key Drug Uptake - Yahoo Finance,0.0,2.0,11.0,52.0,2026-09-27 12:21:34.556648
IRON,2026-09-27,17,6,4,2,-0.445,False,Disc Medicine Reports Positive Initial RESTORE-PV Results for DISC-3405 in Polycythemia Vera - quiverquant.com,Disc Medicine Faces Investor Investigations Over FDA Letter - stl.news,1.0,3.0,16.0,17.0,2026-09-27 12:21:36.163904
JAZZ,2026-09-27,41,5,5,0,1.0,False,Jazz Pharmaceuticals debt upgraded by S&P on stronger recovery - Investing.com,,3.0,8.0,16.0,4.0,2026-09-27 12:21:36.777711
KRYS,2026-09-27,16,5,4,1,0.464,False,KRYS Maintained by B of A Securities -- Price Target Raised to $400 - GuruFocus,Precision Trading with Krystal Biotech Inc. (KRYS) Risk Zones - news.stocktradersdaily.com,0.0,2.0,10.0,55.0,2026-09-27 12:21:39.467535
LLY,2026-09-27,77,24,21,3,0.733,False,Eli Lilly (LLY) Wins Two FDA Approvals And A $3.35 Billion Drug Alliance,,0.0,1.0,7.0,53.0,2026-09-27 12:21:40.627873
MAZE,2026-09-27,28,2,1,1,0.147,True,"Market Movers | Winners: VKTX, INDP, MAZE | Losers: XNDU, EVER, CLDX - Trefis","Maze Therapeutics (MAZE) Slides On Weak Momentum, Is The Current Valuation About Right? - simplywall.st",0.0,2.0,10.0,41.0,2026-09-27 12:21:44.704895
MIRM,2026-09-27,20,13,12,1,0.949,False,Mirum Pharmaceuticals wins FDA approval for Atebrioz in FOP patients 12 and older - Mugglehead Investment Magazine,Precision Trading with Mirum Pharmaceuticals Inc. (MIRM) Risk Zones - news.stocktradersdaily.com,1.0,2.0,16.0,19.0,2026-09-27 12:21:46.945078
NAMS,2026-09-27,23,13,10,3,0.768,False,NewAmsterdam Pharma wins EU approval for obicetrapib as Ubeslo and Evlarco - TradingView,Stifel reiterates Buy on NewAmsterdam Pharma stock after trial failure - Investing.com,1.0,6.0,13.0,6.0,2026-09-27 12:21:49.960847
NVO,2026-09-27,89,23,5,18,-0.566,False,Nanexa shares soar on €1.17 billion Novo Nordisk deal for injection technology - Reuters,Could This Be Novo Nordisk’s Next Billion-Dollar Weight-Loss Product? - The Motley Fool,0.0,0.0,0.0,,2026-09-27 12:21:53.659677
NVS,2026-09-27,11,7,3,4,-0.086,False,Novartis Beats Patent Listing Suit Over Entresto - Law360,Novartis defeats drug-purchaser lawsuit over delay of Entresto generics - Reuters,0.0,0.0,0.0,,2026-09-27 12:21:54.197627
OCGN,2026-09-27,35,8,8,0,1.0,False,Ocugen's Island Approval Arrives as a 250 Million Share Decision Waits in the Wings - AD HOC NEWS,,2.0,4.0,22.0,4.0,2026-09-27 12:21:54.885445
OCS,2026-09-27,13,3,1,2,-0.645,True,"OCS: Precision medicine and targeted trials drive clinical and commercial strategy, with strong funding - TradingView",Backers of controversial Oculis Lodge project can join lawsuit against developer - Cascadia Daily News,0.0,0.0,0.0,,2026-09-27 12:21:55.596866
OMER,2026-09-27,25,10,9,1,0.771,False,Cantor Fitzgerald Upgrades Omeros (OMER) to Overweight on Strong Yartemlea Launch - GuruFocus,,0.0,4.0,13.0,45.0,2026-09-27 12:21:58.197509
ORIC,2026-09-27,21,1,1,0,1.0,True,"ORIC: Advancing late-stage cancer therapies with strong efficacy, safety, and major market potential - TradingView",,0.0,2.0,10.0,55.0,2026-09-27 12:21:59.532567
PCRX,2026-09-27,1,0,0,0,0.0,True,,,0.0,2.0,8.0,54.0,2026-09-27 12:22:00.532295
PCVX,2026-09-27,22,4,1,3,-0.544,False,Vaxcyte stock holds near recent highs as OPUS-1 Phase 3 data window narrows - AD HOC NEWS,"Vaxcyte (PCVX) Dropped, So What Is Driving Attention Now? - Yahoo Finance",1.0,3.0,12.0,24.0,2026-09-27 12:22:01.664739
PFE,2026-09-27,76,12,11,1,0.949,False,American College of Surgeons/Pfizer Awards Recognize Surgeons' Efforts to Bring Quality Surgical Care to Patients Worldwide | Newswise - Newswise,How Concerned Should Income Investors Be About Pfizer's Dividend? - Yahoo Finance,0.0,1.0,10.0,54.0,2026-09-27 12:22:02.841638
PHAT,2026-09-27,5,1,0,1,-1.0,True,,"PHAT Investors Have Opportunity to Join Phathom Pharmaceuticals, Inc. Fraud Investigation with SBS Law - FinancialContent",0.0,1.0,11.0,59.0,2026-09-27 12:22:03.824764
QNRX,2026-09-27,16,12,11,1,0.765,False,FDA Grants Quoin Pharmaceuticals Fast Track Designation for QRX003 in Peeling Skin Syndrome - Minichart,,3.0,5.0,16.0,5.0,2026-09-27 12:22:06.074790
RARE,2026-09-27,48,52,42,10,0.6,False,Ultragenyx's $4 million gene therapy wins FDA approval for a rare brain and nervous system disorder - The Business Journals,"Ultragenyx Pharmaceutical Inc. (RARE) Investigation: Bronstein, Gewirtz & Grossman, LLC Encourages Investors to Contact the Firm to Learn More About the Investigation - ACCESS Newswire",2.0,5.0,19.0,10.0,2026-09-27 12:22:06.706932
RCUS,2026-09-27,22,5,4,1,0.775,False,Arcus Biosciences Announces New Employment Inducement Grants - Yahoo! Finance Canada,,0.0,1.0,12.0,53.0,2026-09-27 12:22:07.350833
REGN,2026-09-27,45,15,0,15,-1.0,False,,"1 WEEK REGN INVESTOR DEADLINE: Regeneron Pharmaceuticals, Inc. Investors with Substantial Losses Have Opportunity to Lead Class Action Lawsuit Before September 14, 2026 Deadline - TMX Newsfile",0.0,2.0,9.0,59.0,2026-09-27 12:22:07.933439
RGNX,2026-09-27,20,5,5,0,1.0,False,REGENXBIO Presents Positive Three-Year Durability Data for Surabgene Lomparvovec in Diabetic Retinopathy at Retina Society Annual Scientific Meeting - PR Newswire,,1.0,6.0,13.0,4.0,2026-09-27 12:22:08.567986
RPRX,2026-09-27,49,7,2,5,-0.197,False,WINTON GROUP Ltd Invests $1.28 Million in Royalty Pharma PLC $RPRX - MarketBeat,Royalty Pharma (RPRX): Can Downside Protection Offset Pelacarsen’s Phase 3 Failure? - Yahoo Finance,0.0,1.0,9.0,53.0,2026-09-27 12:22:09.604496
SKBBY,2026-09-27,2,4,3,1,0.247,False,"Kelun-Biotech's Partner Windward Bio Announces Positive Phase 2 Results of SKB378/WIN378 in Asthma, and Initiates Phase 3 Study - The Manila Times",Kelun-Biotech’s Trastuzumab Botidotin Cuts Progression Risk by 61% in Phase III Breast Cancer Study - BioPharma APAC,0.0,0.0,0.0,,2026-09-27 12:22:12.987012
SLDB,2026-09-27,7,3,3,0,1.0,True,Solid Biosciences wins new Outperform at RBC (SLDB:NASDAQ) - Seeking Alpha,,0.0,1.0,6.0,52.0,2026-09-27 12:22:14.650008
SLS,2026-09-27,20,11,3,8,-0.325,False,"This Tiny Biotech Is Beating MRNA, IOVA And SLS — Here's How A Billionaire Fueled Its September Rally","A Sellas immunotherapy study, long delayed, will end in failure - STAT",0.0,2.0,12.0,47.0,2026-09-27 12:22:15.841018
SNY,2026-09-27,24,4,2,2,-0.379,False,Press Release: Sanofi and Cheplapharm to create new strategic partnership in mature medicines - Yahoo Finance,Public Advisory - Sanofi-Aventis Canada Inc. recalling certain insulin pens and cartridges - AOL.com,0.0,0.0,0.0,,2026-09-27 12:22:17.566296
STOK,2026-09-27,16,6,5,1,0.556,False,"Stoke Therapeutics Appoints Bo Cumbo to its Board of Directors, Enhancing Commercial Expertise as the Company Advances Zorevunersen Development Toward Potential FDA Approval and Commercialization - Business Wire",(STOK) Risk Channels and Responsive Allocation - news.stocktradersdaily.com,1.0,4.0,14.0,2.0,2026-09-27 12:22:20.623873
SYRE,2026-09-27,14,3,2,1,0.667,True,Spyre reports positive ulcerative colitis trial data for SPY003 - Investing.com,"Spyre Therapeutics (SYRE) Advances 2.12% to $90.87, Holding Above Key Support - Risk Parity Rebalance - careplusvn.com",1.0,3.0,15.0,19.0,2026-09-27 12:22:23.325232
TAK,2026-09-27,29,10,9,1,0.658,False,Takeda Pharmaceutical (TAK) Gets Priority Review. Can Zasocitinib Win in Psoriasis? - Yahoo Finance,"Alkermes: The Orexin Upside Is Real, But Takeda And Lilly Stand In The Way (Downgrade) - Seeking Alpha",0.0,0.0,0.0,,2026-09-27 12:22:23.963042
TECX,2026-09-27,10,9,3,6,-0.418,False,"Tectonic Therapeutic (TECX) grants 24,250 options to its CMO - Stock Titan",TECX Q2 2026 Earnings: Narrower-Than-Expected Loss Fails to Lift Shares - Earnings Decline Risk - careplusvn.com,0.0,1.0,8.0,52.0,2026-09-27 12:22:25.694868
TLSA,2026-09-27,18,1,0,1,-1.0,True,,Tiziana (TLSA) lines up MS trial for patients failing current drugs with a nasal antibody twist. - Stock Titan,0.0,0.0,0.0,1802.0,2026-09-27 12:22:27.171571
TRAW,2026-09-27,1,1,0,1,-1.0,True,,Why Did TRAW Stock Slump 28% After Hours? - Stocktwits,0.0,4.0,21.0,44.0,2026-09-27 12:22:29.757103
TVTX,2026-09-27,54,1,1,0,1.0,True,Travere Therapeutics Reports Inducement Grants Under Nasdaq Listing Rule 5635(c)(4) - Yahoo Finance,,1.0,3.0,13.0,6.0,2026-09-27 12:22:31.960111
TYRA,2026-09-27,55,12,3,9,-0.664,False,"Stock grant lifts Tyra Biosciences (NASDAQ: TYRA) finance VP stake to 11,258 shares - Stock Titan","Tyra Biosciences, Inc. (TYRA) Investigation: Bronstein, Gewirtz & Grossman, LLC Encourages Shareholders to Contact the Firm to Learn More About the Investigation - ACCESS Newswire",2.0,3.0,11.0,12.0,2026-09-27 12:22:32.562758
VERA,2026-09-27,23,6,5,1,0.667,False,Vera set up for full approval for Trutakna in IgAN with Phase III win,"VERA Stock Jumps 16% Premarket – Trutakna Cuts Kidney Disease Progression Risk By 76%, Full FDA Filing Planned In Q4 - TradingView",1.0,4.0,14.0,12.0,2026-09-27 12:22:33.757867
XENE,2026-09-27,47,20,2,18,-0.756,False,Why Xenon Pharmaceuticals (XENE) Is Down 32.2% After Pausing Psychiatry Trials Despite Positive NDA Data,Xenon Stock Craters 30% on Drug Trial Setback. Its Failure Could Be This Biotech’s Gain.,0.0,1.0,13.0,52.0,2026-09-27 12:22:38.877844
ABBV,2026-09-29,74,46,45,1,0.972,False,AbbVie wins FDA approval for Parkinson’s drug from $8.7B Cerevel takeover - BioSpace,AbbVie: Revenue Pressure And Weakening Earnings Support A 'Sell' (NYSE:ABBV) - Seeking Alpha,1.0,5.0,15.0,26.0,2026-09-29 12:20:18.549915
ABCL,2026-09-29,13,1,1,0,1.0,True,ABCL Stock Surges 121% in 3 Months: Here's What You Need to Know - finance.yahoo.com,,0.0,6.0,16.0,47.0,2026-09-29 12:20:19.222460
ABVX,2026-09-29,27,4,1,3,-0.505,False,Abivax SA Sponsored ADR (ABVX) Upgraded to Buy: Here's Why - Eastern Progress,ABVX Investors Have Opportunity to Join Abivax S.A. Fraud Investigation with the Schall Law Firm - Eastern Progress,0.0,0.0,0.0,,2026-09-29 12:20:20.717479
ACET,2026-09-29,0,0,0,0,0.0,True,,,3.0,4.0,15.0,1.0,2026-09-29 12:20:21.380064
ACRS,2026-09-29,6,2,2,0,1.0,True,Aclaris (ACRS) Soars 6.0%: Is Further Upside Left in the Stock? - finance.yahoo.com,,0.0,2.0,12.0,54.0,2026-09-29 12:20:22.659675
ALDX,2026-09-29,7,3,0,3,-1.0,True,,"Aldeyra Therapeutics, Inc. (ALDX) Investigation: Bronstein, Gewirtz & Grossman, LLC Encourages Investors to Contact the Firm to Learn More About the Investigation - ACCESS Newswire",1.0,3.0,12.0,0.0,2026-09-29 12:20:23.883415
ALGS,2026-09-29,8,3,0,3,-1.0,True,,ALGS Q2 2026 Earnings: Narrower-Than-Expected Loss Lifts Shares 3.15% - Negative Surprise Momentum - dars.gov.et,1.0,2.0,9.0,14.0,2026-09-29 12:20:24.539597
ALKS,2026-09-29,4,0,0,0,0.0,True,,,2.0,6.0,20.0,8.0,2026-09-29 12:20:25.103076
ALLR,2026-09-29,15,2,2,0,1.0,True,"Allarity Therapeutics Granted Japanese Patent for Stenoparib DRP® Companion Diagnostic, Further Strengthening Stenoparib Development - Yahoo Finance UK",,3.0,5.0,19.0,0.0,2026-09-29 12:20:25.856512
ALZN,2026-09-29,10,9,4,5,-0.193,False,ALZN Q2 2026 Earnings: Narrower-Than-Expected Loss Beats Consensus as Shares Dip - Post-Announcement Reaction - careplusvn.com,"Alzamend Neuro, Inc. Q1 2027: Net loss $3.03M, EPS $(0.68) — 10-Q Summary - TradingView",1.0,3.0,9.0,0.0,2026-09-29 12:20:26.383506
AMGN,2026-09-29,68,34,26,8,0.81,False,AMGEN ANNOUNCES POSITIVE TOPLINE PHASE 3 RESULTS FOR DAZODALIBEP IN MODERATE-TO-SEVERE SYSTEMIC SJÖGREN'S DISEASE - PR Newswire,Amgen Falls 10% as Novartis Trial Failure Clouds a Cholesterol Drug Class; NVS Stock Drops 14% - finance.yahoo.com,0.0,2.0,10.0,56.0,2026-09-29 12:20:27.187140
ANNX,2026-09-29,12,1,1,0,1.0,True,"After +5.47% Gain, Is Annexon (ANNX) Still a Value Play? 2026-09-17 - Strong Buy Stocks - dars.gov.et",,0.0,4.0,12.0,48.0,2026-09-29 12:20:27.715190
APOG,2026-09-29,3,1,1,0,1.0,True,Apogee Therapeutics (NASDAQ: APGE) leaves Nasdaq in AbbVie cash buyout - stocktitan.net,,3.0,5.0,16.0,6.0,2026-09-29 12:20:29.050311
ARDX,2026-09-29,42,23,0,23,-1.0,False,,"Class Action Lawsuit Filed Against Ardelyx, Inc. (ARDX) - Recover Losses - Contact Levi & Korsinsky Before November 16, 2026 - ACCESS Newswire",0.0,3.0,10.0,43.0,2026-09-29 12:20:29.735752
ARGX,2026-09-29,23,6,6,0,1.0,False,Here's Exactly Why Wall Street Thinks Argenx Stock Could Soar 23% Over the Next 12 Months - The Motley Fool,,0.0,0.0,0.0,,2026-09-29 12:20:30.370982
ARVN,2026-09-29,11,3,1,2,-0.533,True,"ARVN Q2 2026 Earnings: EPS Swings to $2.58, Beating Estimates by a Wide Margin - Earnings Outlook Update - dars.gov.et","ARVN Stock Drops On CEO Exit — Retail Is Bullish On New Chief’s Credentials, Dismisses Selloff - Stocktwits",0.0,1.0,16.0,56.0,2026-09-29 12:20:30.990907
ATOS,2026-09-29,4,3,1,2,0.6,True,Atossa Therapeutics Announces Plan to Issue Stapled CVR for Shareholders Tied to Potential Rare Pediatric Disease Priority Review Voucher - Yahoo! Finance Canada,Atossa Therapeutics (ATOS) Q2 2026 Earnings: Narrower-than-Expected Loss Reflects Cost Containment - Earnings Weakness Phase - dars.gov.et,2.0,3.0,17.0,0.0,2026-09-29 12:20:32.294745
AXSM,2026-09-29,27,2,2,0,1.0,True,"Axsome Therapeutics, Inc. (AXSM) Stock Analysis: Promising 37% Upside Potential Amidst Strong Buy Ratings - DirectorsTalk Interviews",,0.0,2.0,13.0,50.0,2026-09-29 12:20:39.713964
AZN,2026-09-29,82,30,22,8,0.738,False,AstraZeneca files for US FDA approval of HUTCHMED lung cancer drug combination - Reuters,"AstraZeneca’s Etcamah flunks first-line breast cancer trial, adding to oral SERDs’ failure record - Fierce Pharma",0.0,0.0,0.0,,2026-09-29 12:20:40.304670
AZTR,2026-09-29,8,2,0,2,-1.0,True,,Azitra Launches $3.5 Million At-The-Market Stock Offering - Minichart,2.0,5.0,19.0,1.0,2026-09-29 12:20:40.932571
BEAM,2026-09-29,17,6,2,4,-0.603,False,Beam Therapeutics Targets Accelerated FDA Approval for Base-Editing Treatment - finance.yahoo.com,"Beam Therapeutics faces securities fraud probe after trial data reveals safety concerns, stock drops 9.5%. - Pluang",0.0,1.0,10.0,56.0,2026-09-29 12:20:43.291297
BFRI,2026-09-29,9,12,12,0,1.0,False,Biofrontera wins FDA approval for Ameluz to treat skin cancer - Investing.com,,1.0,2.0,15.0,15.0,2026-09-29 12:20:43.950581
BHVN,2026-09-29,1,1,1,0,1.0,True,"Yale, Biohaven Seek $23M Atty Fee After Trade Secrets Win - Law360",,1.0,5.0,14.0,19.0,2026-09-29 12:20:44.523561
BIIB,2026-09-29,20,3,3,0,1.0,True,Biogen (BIIB) Could Be 4% Undervalued After Strong Earnings And Product News - simplywall.st,,0.0,2.0,14.0,62.0,2026-09-29 12:20:45.147317
BMEA,2026-09-29,26,26,0,26,-1.0,False,,Biomea Fusion Announces Termination of Proposed Public Offering of Securities - GlobeNewswire,1.0,2.0,11.0,7.0,2026-09-29 12:20:46.260381
BMY,2026-09-29,45,7,5,2,0.841,False,What Bristol Myers Squibb Stock’s Strong Buy Upgrade Means For Shareholders - simplywall.st,Could Bristol-Myers Squibb (BMY) Outperform Novartis (NVS) as CAR-T Safety Concerns Shake the Sector? - finance.yahoo.com,0.0,1.0,9.0,61.0,2026-09-29 12:20:47.584193
BNTX,2026-09-29,44,7,1,6,-0.694,False,,"Pfizer, BioNTech, Moderna dealt blow in effort to dismiss mRNA patent lawsuits (PFE:NYSE) - Seeking Alpha",0.0,0.0,0.0,,2026-09-29 12:20:48.322280
BTAI,2026-09-29,14,2,0,2,-1.0,True,,"Discontinued operations of BioXcel Therapeutics, Inc. – OTC:BTAIQ - TradingView",,,,,2026-09-29 12:20:50.443600
CADL,2026-09-29,23,16,10,6,0.658,False,Candel Therapeutics: Strong Buy On Aglatimagene Prostate Cancer BLA Filing In Q4 (CADL) - Seeking Alpha,CADL Q2 2026 Earnings: EPS of -$0.52 Misses Consensus by 115.41% as Shares Decline 3.41% - Earnings Outlook Update - dars.gov.et,2.0,3.0,13.0,19.0,2026-09-29 12:20:51.034243
CAPR,2026-09-29,57,27,0,27,-1.0,False,,CAPR Shareholder Alert: Investors With Losses May Seek to Lead the Class Action in Capricor Therapeutics Securities Lawsuit - Contact Levi & Korsinsky - Morningstar,0.0,5.0,15.0,36.0,2026-09-29 12:20:51.693359
CGEM,2026-09-29,36,4,2,2,-0.151,False,CGEM Maintained by HC Wainwright & Co. -- Price Target Raised to $35 - GuruFocus,Cullinan delays early-stage data for arthritis drug (CGEX) - Seeking Alpha,2.0,4.0,15.0,5.0,2026-09-29 12:20:54.018632
CLDX,2026-09-29,39,14,12,2,0.736,False,Celldex Announces Positive Results from Phase 3 EMBARQ-CSU1 - GlobeNewswire,Celldex sinks as safety concerns cloud immune drug results - finance.yahoo.com,1.0,3.0,8.0,7.0,2026-09-29 12:20:56.848805
CNTB,2026-09-29,0,0,0,0,0.0,True,,,1.0,2.0,8.0,14.0,2026-09-29 12:20:58.800293
CORT,2026-09-29,33,6,2,4,-0.289,False,Strong Commercial Execution and Pipeline Opportunities Propel Corcept Therapeutics (CORT) - finance.yahoo.com,"Corcept Therapeutics (CORT) Dropped, So What Is Behind The Latest Attention? - simplywall.st",1.0,2.0,14.0,6.0,2026-09-29 12:21:01.363285
CRBP,2026-09-29,0,0,0,0,0.0,True,,,1.0,3.0,19.0,15.0,2026-09-29 12:21:02.630200
CRDL,2026-09-29,32,7,1,6,-0.754,False,,Fewer relapses in heart trial push Cardiol Therapeutics (CRDL) to add patients and delay results - stocktitan.net,0.0,0.0,0.0,,2026-09-29 12:21:03.872004
CYTK,2026-09-29,30,10,6,4,0.002,False,Cytokinetics Announces Inducement Grants Under Nasdaq Listing Rule 5635(c)(4) - GlobeNewswire,"Cytokinetics Maps MYQORZO Expansion, Heart Failure Pipeline at Bernstein Conference - finance.yahoo.com",0.0,3.0,13.0,32.0,2026-09-29 12:21:05.230205
DBVT,2026-09-29,15,2,1,1,0.0,True,,,0.0,1.0,12.0,75.0,2026-09-29 12:21:05.807564
DFNS,2026-09-29,0,0,0,0,0.0,True,,,3.0,10.0,47.0,18.0,2026-09-29 12:21:06.886393
ESLA,2026-09-29,0,0,0,0,0.0,True,,,1.0,2.0,8.0,21.0,2026-09-29 12:21:13.888803
EXEL,2026-09-29,37,11,3,8,-0.594,False,Exelixis (EXEL) Faces a Three-Month Zanzalintinib Review Extension. Can the Data Support Approval? - finance.yahoo.com,Exelixis: Why The 3-Month Delay Is More Negative Than It May Seem (Downgrade) - Seeking Alpha,2.0,3.0,9.0,18.0,2026-09-29 12:21:15.417722
GILD,2026-09-29,36,7,5,2,0.852,False,"Mirum posts phase 3 hepatitis win for ‘commercially differentiated’ challenger to Gilead, Vir - Fierce Biotech",Gilead Sciences (GILD) Suffers a Larger Drop Than the General Market: Key Insights - finance.yahoo.com,0.0,1.0,10.0,56.0,2026-09-29 12:21:18.828538
GMAB,2026-09-29,21,3,2,1,0.356,True,Grant of Restricted Stock Units and Warrants to Employees in Genmab - GlobeNewswire,Genmab (CPSE:GMAB) Stock Sees Modest Fair Value Cut As Analysts Weigh Pipeline Risks - finance.yahoo.com,0.0,0.0,0.0,,2026-09-29 12:21:20.545392
GOSS,2026-09-29,0,0,0,0,0.0,True,,,6.0,12.0,21.0,1.0,2026-09-29 12:21:21.740590
IBO,2026-09-29,0,0,0,0,0.0,True,,,2.0,2.0,5.0,12.0,2026-09-29 12:21:26.061288
IBRX,2026-09-29,11,3,1,2,-0.496,True,"ImmunityBio (IBRX) Meeting With Turkish President Fuels Expansion Hopes, Shares Climb 10% - finance.yahoo.com",ImmunityBio Founder Pushes Back After FDA Warning Letter Over Anktiva Claims — Says Ad 'Never Aired At All' - Stocktwits,0.0,2.0,17.0,56.0,2026-09-29 12:21:26.782128
IDYA,2026-09-29,22,2,2,0,1.0,True,IDEAYA Biosciences Announces Inducement Grants under Nasdaq Listing Rule 5635(c)(4) - Santa Maria Times,,0.0,1.0,16.0,56.0,2026-09-29 12:21:27.401361
IMUX,2026-09-29,0,0,0,0,0.0,True,,,2.0,5.0,21.0,18.0,2026-09-29 12:21:28.489403
IMVT,2026-09-29,0,0,0,0,0.0,True,,,1.0,2.0,8.0,26.0,2026-09-29 12:21:28.914389
INCY,2026-09-29,18,3,2,1,0.192,True,Mirum and Incyte gain approval of zilurgisertib for rare bone disorder - Seeking Alpha,Incyte stock heads into the open after a 1.23 percent drop - AD HOC NEWS,1.0,3.0,14.0,29.0,2026-09-29 12:21:29.729928
INSM,2026-09-29,30,15,14,1,0.951,False,"FDA Grants Priority Review to Insmed's sNDA for ARIKAYCE® (amikacin liposome inhalation suspension) for Treatment of MAC Lung Disease With PDUFA Target Action Date Set for January 28, 2027 - Insmed Incorporated Investor ",Exiting Insmed (INSM) Following Disappointing Key Drug Uptake - finance.yahoo.com,0.0,2.0,11.0,54.0,2026-09-29 12:21:31.600868
IONS,2026-09-29,28,12,10,2,0.819,False,Ionis announces positive topline results from Phase 3 FUSION study of ulefnersen marking significant milestone in advancing first potential disease modifying treatment for FUS-ALS - finance.yahoo.com,Ionis Pharmaceuticals Eyes TRYNGOLZA Growth as Pipeline Faces Cardio Setbacks - finance.yahoo.com,3.0,6.0,20.0,6.0,2026-09-29 12:21:32.311295
IRD,2026-09-29,16,8,6,2,0.548,False,Opus Genetics Announces Positive Low Dose Cohort 1 Data from Phase 1/2 Clinical Trial of OPGx-BEST1 and Successful FDA Type C Meeting with Potential Phase 3 Dosing in 2027 - finance.yahoo.com,Opus Genetics (IRD) Declines 4.5% to $4.46 as Shares Approach Key Support - Index Put Call - siam.in,2.0,3.0,19.0,18.0,2026-09-29 12:21:32.852993
IRON,2026-09-29,14,5,3,2,-0.544,False,Disc Medicine Reports Positive Initial RESTORE-PV Results for DISC-3405 in Polycythemia Vera - Quiver Quantitative,Disc Medicine Faces Investor Investigations Over FDA Letter - stl.news,1.0,2.0,16.0,19.0,2026-09-29 12:21:33.486988
KOD,2026-09-29,72,28,28,0,1.0,False,Kodiak Sciences (KOD) Surges 138% in September Amid Strong Insider Buying and High Price-to-Sales Ratio - GuruFocus,,1.0,2.0,8.0,1.0,2026-09-29 12:21:35.517184
KRYS,2026-09-29,15,4,3,1,0.36,False,"Krystal Biotech (NASDAQ: KRYS) Grants 1,658 Derivative Securities to Director Catherine Mazzacco - Kalkine Media",Precision Trading with Krystal Biotech Inc. (KRYS) Risk Zones - news.stocktradersdaily.com,0.0,2.0,10.0,57.0,2026-09-29 12:21:37.425023
LABT,2026-09-29,1,0,0,0,0.0,True,,,1.0,2.0,4.0,0.0,2026-09-29 12:21:37.926681
LLY,2026-09-29,54,24,19,5,0.518,False,Did FDA Approvals And Medicare Expansion Just Shift Eli Lilly's (LLY) Stock Narrative? - simplywall.st,Novo says Ozempic shows lower risk of cardiovascular events compared to Lilly's Mounjaro - Reuters,0.0,1.0,7.0,55.0,2026-09-29 12:21:38.820956
LRMR,2026-09-29,1,1,1,0,1.0,True,Why Did Larimar Therapeutics’ Stock Surge Over 30% Pre-Market Today? - Stocktwits,,0.0,1.0,15.0,56.0,2026-09-29 12:21:39.468147
LTRN,2026-09-29,19,1,0,1,-1.0,True,,Lantern Pharma Inc. Announces up to $8 Million Registered Direct Offering - businesswire.com,2.0,4.0,11.0,5.0,2026-09-29 12:21:40.685477
LXEO,2026-09-29,31,1,1,0,1.0,True,"At $3.39 a share, Lexeo Therapeutics (LXEO) grants its CFO 54,750 stock options. - stocktitan.net",,1.0,2.0,13.0,7.0,2026-09-29 12:21:41.800571
LXRX,2026-09-29,21,3,1,2,0.533,True,Lexicon Pharmaceuticals surges as Cantor Fitzgerald sees unencumbered path in HCM - Investing.com,Heart Failure Trial Data Might Change The Case For Investing In Lexicon Pharmaceuticals (LXRX) - simplywall.st,0.0,1.0,10.0,54.0,2026-09-29 12:21:42.553396
MCUJF,2026-09-29,10,2,2,0,1.0,True,Medicure Inc. (TSXV:MPH): Clinical Milestone Progress and Commercial Healthcare Expansion Support Renewed Investor Momentum - kalkine.ca,,0.0,0.0,0.0,,2026-09-29 12:21:44.630390
MDGL,2026-09-29,16,2,2,0,1.0,True,Madrigal Pharmaceuticals Announces Grants of Inducement Awards under Nasdaq Listing Rule 5635(c)(4) - GlobeNewswire,,0.0,2.0,9.0,48.0,2026-09-29 12:21:45.323266
MIRM,2026-09-29,25,16,15,1,0.963,False,Mirum Pharmaceuticals wins FDA approval for Atebrioz in FOP patients 12 and older - Mugglehead Investment Magazine,Precision Trading with Mirum Pharmaceuticals Inc. (MIRM) Risk Zones - news.stocktradersdaily.com,2.0,3.0,17.0,1.0,2026-09-29 12:21:46.740740
MNKD,2026-09-29,4,1,0,1,-1.0,True,,MannKind Pushes Into Inhaled GLP-1 Weight Loss Through Rose Pharma Licensing Deal - finance.biggo.com,0.0,3.0,12.0,39.0,2026-09-29 12:21:47.904616
MNOV,2026-09-29,26,2,0,2,-1.0,True,,MediciNova misses both Phase 2 endpoints despite HDL gains - Mugglehead Investment Magazine,2.0,3.0,6.0,1.0,2026-09-29 12:21:48.556710
MRK,2026-09-29,0,0,0,0,0.0,True,,,0.0,1.0,7.0,56.0,2026-09-29 12:21:49.209985
NAMS,2026-09-29,23,10,7,3,0.68,False,NewAmsterdam Pharma (NAMS) Wins EU Approvals. Can Cholesterol Pills Drive Royalties? - finance.yahoo.com,Stifel reiterates Buy on NewAmsterdam Pharma stock after trial failure By Investing.com - Investing.com UK,1.0,6.0,13.0,8.0,2026-09-29 12:21:49.865657
NBIX,2026-09-29,28,2,2,0,1.0,True,Is Phase 4 Success Altering The Investment Case For Neurocrine Biosciences Stock? - simplywall.st,,1.0,3.0,10.0,1.0,2026-09-29 12:21:50.603305
NTHI,2026-09-29,0,0,0,0,0.0,True,,,4.0,11.0,35.0,1.0,2026-09-29 12:21:51.982084
NTLA,2026-09-29,13,6,6,0,1.0,False,Intellia Therapeutics Announces FDA Acceptance of Biologics License Application with Priority Review for Lonvoguran Ziclumeran (Lonvo-z) for Hereditary Angioedema (HAE) - ir.intelliatx.com,,2.0,3.0,17.0,21.0,2026-09-29 12:21:52.603163
NUVB,2026-09-29,15,5,5,0,1.0,False,Nuvation Bio Announces FDA Approval of Supplemental New Drug Application for IBTROZI® (taletrectinib) with Updated Duration of Response in TKI-Naïve Advanced ROS1-Positive Non-Small Cell Lung Cancer - PR Newswire,,0.0,2.0,10.0,54.0,2026-09-29 12:21:53.481821
NVO,2026-09-29,78,19,4,15,-0.679,False,Novo Nordisk Just Beat Lilly in a Trial. Is the Comeback Finally Taking Shape? - finance.yahoo.com,Novo to pay up to $2.6 billion to China's Hengrui for rights to weight-loss pill - Reuters,0.0,0.0,0.0,,2026-09-29 12:21:54.474731
NVS,2026-09-29,5,4,2,2,0.099,False,Novartis Beats Patent Listing Suit Over Entresto - Law360,Novartis defeats drug-purchaser lawsuit over delay of Entresto generics - Reuters,0.0,0.0,0.0,,2026-09-29 12:21:55.357462
OCUL,2026-09-29,14,6,5,1,0.424,False,Ocular Therapeutix Eyes Q4 FDA Filing for AXPAXLI After SOL-1 Success - finance.yahoo.com,Precision Trading with Ocular Therapeutix Inc. (OCUL) Risk Zones - news.stocktradersdaily.com,0.0,1.0,11.0,57.0,2026-09-29 12:21:57.300854
OGN,2026-09-29,1,0,0,0,0.0,True,,,0.0,3.0,12.0,60.0,2026-09-29 12:21:57.758672
OLMA,2026-09-29,7,0,0,0,0.0,True,,,0.0,2.0,15.0,47.0,2026-09-29 12:21:58.407962
OMER,2026-09-29,23,9,9,0,1.0,False,Cantor Fitzgerald Upgrades Omeros (OMER) to Overweight on Strong Yartemlea Launch - GuruFocus,,0.0,4.0,13.0,47.0,2026-09-29 12:21:59.324791
ORIC,2026-09-29,16,0,0,0,0.0,True,,,0.0,2.0,10.0,57.0,2026-09-29 12:22:00.804615
PCRX,2026-09-29,1,0,0,0,0.0,True,,,0.0,1.0,8.0,56.0,2026-09-29 12:22:01.827872
PCVX,2026-09-29,20,3,1,2,-0.309,True,Vaxcyte stock holds near recent highs as OPUS-1 Phase 3 data window narrows - AD HOC NEWS,"Vaxcyte (PCVX) Dropped, So What Is Driving Attention Now? - finance.yahoo.com",1.0,3.0,12.0,26.0,2026-09-29 12:22:03.173605
PFE,2026-09-29,54,11,5,6,-0.07,False,Nurix Therapeutics to Receive $7 Million Pfizer Collaboration Milestone Payment - marketscreener.com,"Pfizer, Moderna lose bids to escape Bayer US mRNA patent lawsuit - Reuters",0.0,1.0,10.0,56.0,2026-09-29 12:22:04.565104
PGEN,2026-09-29,18,2,2,0,1.0,True,FDA grants platform technology status to Precigen’s AdenoVerse - Investing.com,,0.0,1.0,5.0,56.0,2026-09-29 12:22:05.169354
PRAX,2026-09-29,4,4,4,0,1.0,False,Praxis Precision Medicines: Still Potential Upside After Huge Rally (Rating Upgrade) - Seeking Alpha,,0.0,3.0,22.0,54.0,2026-09-29 12:22:07.681631
QNRX,2026-09-29,16,10,8,2,0.687,False,FDA Grants Quoin Pharmaceuticals Fast Track Designation for QRX003 in Peeling Skin Syndrome - Minichart,Peeling skin syndrome has no approved treatment. FDA designated Quoin's QRX003. - stocktitan.net,2.0,5.0,16.0,7.0,2026-09-29 12:22:08.279975
RARE,2026-09-29,41,41,34,7,0.672,False,Ultragenyx's $4 million gene therapy wins FDA approval for a rare brain and nervous system disorder - bizjournals.com,"Ultragenyx Pharmaceutical Inc. (RARE) Investigation: Bronstein, Gewirtz & Grossman, LLC Encourages Investors to Contact the Firm to Learn More About the Investigation - ACCESS Newswire",2.0,5.0,19.0,12.0,2026-09-29 12:22:09.089257
REGN,2026-09-29,46,12,0,12,-1.0,False,,"REGN INVESTOR DEADLINE TOMORROW: Regeneron Pharmaceuticals, Inc. Investors with Substantial Losses Have Opportunity to Lead Class Action Lawsuit, Robbins Geller Rudman & Dowd LLP Announces - PR Newswire",0.0,2.0,9.0,61.0,2026-09-29 12:22:10.801369
RGNX,2026-09-29,18,3,3,0,1.0,True,REGENXBIO Presents Positive Three-Year Durability Data for Surabgene Lomparvovec in Diabetic Retinopathy at Retina Society Annual Scientific Meeting - PR Newswire,,1.0,5.0,13.0,6.0,2026-09-29 12:22:11.474941
RNAC,2026-09-29,4,3,3,0,1.0,True,"RNAC Q2 2026 Earnings: Cartesian Therapeutics Reports Surprise Positive EPS of $0.61, Beating Estimates by 168.86% - Profit Margin Analysis - dars.gov.et",,1.0,2.0,15.0,0.0,2026-09-29 12:22:12.152789
RPRX,2026-09-29,41,5,2,3,-0.048,False,WINTON GROUP Ltd Invests $1.28 Million in Royalty Pharma PLC $RPRX - MarketBeat,Royalty Pharma (RPRX): Can Downside Protection Offset Pelacarsen’s Phase 3 Failure? - finance.yahoo.com,0.0,1.0,9.0,55.0,2026-09-29 12:22:12.769894
RYTM,2026-09-29,13,2,1,1,-0.289,True,Rhythm Pharmaceuticals Announces Health Canada Approval of - GlobeNewswire,Investigation launched into Rhythm Pharmaceuticals' executives for possible self-dealing harming shareholders - Pluang,0.0,1.0,15.0,56.0,2026-09-29 12:22:13.466554
SBFM,2026-09-29,0,0,0,0,0.0,True,,,2.0,6.0,14.0,13.0,2026-09-29 12:22:14.149784
SGIOF,2026-09-29,9,7,7,0,1.0,False,Why Shionogi (TSE:4507) Is Up 5.4% After Winning Pediatric Approval For VTAMA Cream – And What’s Next - finance.yahoo.com,,0.0,0.0,0.0,,2026-09-29 12:22:14.934705
SIGA,2026-09-29,3,0,0,0,0.0,True,,,0.0,1.0,6.0,54.0,2026-09-29 12:22:16.385727
SLS,2026-09-29,13,10,2,8,-0.211,False,SLS Stock Rises Overnight: Traders Rally Behind Jim Cramer's 'Two Thumbs Up' Call Ahead Of Key AML Readout - Stocktwits,"A Sellas immunotherapy study, long delayed, will end in failure - STAT",0.0,2.0,12.0,49.0,2026-09-29 12:22:20.216694
SMMT,2026-09-29,7,0,0,0,0.0,True,,,4.0,9.0,20.0,0.0,2026-09-29 12:22:20.931972
SNDX,2026-09-29,17,4,4,0,1.0,False,Syndax: 'Strong Buy' Revuforj Pipeline Growth And Niktimvo Q4 2026 Data Releases (SNDX) - Seeking Alpha,,0.0,2.0,11.0,56.0,2026-09-29 12:22:21.493607
SNY,2026-09-29,22,3,1,2,-0.437,True,Press Release: Sanofi and Cheplapharm to create new strategic partnership in mature medicines - finance.yahoo.com,"Sanofi Eyes €25B Dupixent Future, Expands M&A Hunt Ahead of Patent Loss - finance.yahoo.com",0.0,0.0,0.0,,2026-09-29 12:22:22.102901
SPTX,2026-09-29,27,8,8,0,1.0,False,Seaport Therapeutics Reports Positive Topline Results from Phase 1 Driving Simulation Trial of GlyphAllo™ in Healthy Volunteers - finance.yahoo.com,,0.0,1.0,3.0,57.0,2026-09-29 12:22:23.336211
SRPT,2026-09-29,14,3,0,3,-1.0,True,,Sarepta Therapeutics Drops 7.1% Amid Sector-Wide Selling - AlphaStreet,1.0,3.0,12.0,6.0,2026-09-29 12:22:24.002648
SRRK,2026-09-29,0,0,0,0,0.0,True,,,2.0,4.0,14.0,14.0,2026-09-29 12:22:24.646616
STOK,2026-09-29,15,6,5,1,0.556,False,"Stoke Therapeutics Appoints Bo Cumbo to its Board of Directors, Enhancing Commercial Expertise as the Company Advances Zorevunersen Development Toward Potential FDA Approval and Commercialization - businesswire.com",(STOK) Risk Channels and Responsive Allocation - news.stocktradersdaily.com,1.0,3.0,14.0,4.0,2026-09-29 12:22:25.317865
SUPN,2026-09-29,10,0,0,0,0.0,True,,,0.0,5.0,17.0,57.0,2026-09-29 12:22:26.761694
SYRE,2026-09-29,9,1,1,0,1.0,True,Spyre reports positive ulcerative colitis trial data for SPY003 - Investing.com,,1.0,3.0,15.0,21.0,2026-09-29 12:22:28.634130
TAK,2026-09-29,28,9,8,1,0.695,False,Takeda Pharmaceutical (TAK) Gets Priority Review. Can Zasocitinib Win in Psoriasis? - finance.yahoo.com,"Alkermes: The Orexin Upside Is Real, But Takeda And Lilly Stand In The Way (Downgrade) - Seeking Alpha",0.0,0.0,0.0,,2026-09-29 12:22:29.441101
TARA,2026-09-29,2,0,0,0,0.0,True,,,0.0,1.0,12.0,49.0,2026-09-29 12:22:30.166184
TECX,2026-09-29,11,13,4,9,-0.042,False,Tectonic Therapeutic gets FDA fast track for HHT drug TX2100 By Investing.com - Investing.com UK,TECX Q2 2026 Earnings: Narrower-Than-Expected Loss Fails to Lift Shares - Earnings Decline Risk - careplusvn.com,0.0,1.0,8.0,54.0,2026-09-29 12:22:31.275888
TGTX,2026-09-29,12,2,0,2,-1.0,True,,"TG THERAPEUTICS, INC. (TGTX) SHAREHOLDER CLASS ACTION ALERT: Bernstein Liebhard LLP Reminds Investors of the Deadline to File a Lead Plaintiff Motion in a Securities Class Action Lawsuit Against TG Therapeutics, Inc. (TG",0.0,1.0,9.0,57.0,2026-09-29 12:22:32.003659
TLSA,2026-09-29,21,2,1,1,0.0,True,Tiziana (TLSA) Up +25.96% — Will the Rally Hold Through Earnings? 2026-09-17 - Median Line - dars.gov.et,Tiziana (TLSA) lines up MS trial for patients failing current drugs with a nasal antibody twist. - stocktitan.net,0.0,0.0,0.0,1804.0,2026-09-29 12:22:32.704598
TRAW,2026-09-29,3,2,0,2,-1.0,True,,Why Did TRAW Stock Slump 28% After Hours? - Stocktwits,0.0,4.0,21.0,46.0,2026-09-29 12:22:35.698221
TTRX,2026-09-29,13,3,2,1,0.245,True,Turn Therapeutics (NASDAQ:TTRX) Stock Rating Upgraded by Lucid Cap Mkts - MarketBeat,Turn Therapeutics (NASDAQ:TTRX) Cut to Sell at Wall Street Zen - MarketBeat,2.0,7.0,26.0,19.0,2026-09-29 12:22:36.517182
TYRA,2026-09-29,47,9,3,6,-0.654,False,"Stock grant lifts Tyra Biosciences (NASDAQ: TYRA) finance VP stake to 11,258 shares - stocktitan.net","Bronstein, Gewirtz & Grossman, LLC Announces an Investigation Against Tyra Biosciences, Inc. (TYRA) and Encourages Shareholders to Learn More About the Investigation - ACCESS Newswire",2.0,3.0,11.0,14.0,2026-09-29 12:22:38.430515
URGN,2026-09-29,12,4,4,0,1.0,False,UroGen Pharma advances with strong Zusduri sales and promising URGN-103 approval ahead - Pluang,,0.0,2.0,8.0,40.0,2026-09-29 12:22:39.158664
VERA,2026-09-29,17,3,2,1,0.333,True,Vera Therapeutics: Why I'm Sticking With 'Hold' Despite Today's Positive Trutakna Data - Seeking Alpha,"VERA Stock Jumps 16% Premarket – Trutakna Cuts Kidney Disease Progression Risk By 76%, Full FDA Filing Planned In Q4 - TradingView",1.0,4.0,14.0,14.0,2026-09-29 12:22:39.917974
VNDA,2026-09-29,8,1,1,0,1.0,True,VNDA Stock Gains After-Hours As FDA Grants Rare Pediatric Disease Designation For Experimental Therapy - Stocktwits,,0.0,1.0,15.0,55.0,2026-09-29 12:22:42.360319
VSTM,2026-09-29,18,2,1,1,0.049,True,Verastem (VSTM) Shares React to Positive Two-Year Phase 2 RAMP 201 Study Results in Ovarian Cancer - GuruFocus,Understanding the Setup: (VSTM) and Scalable Risk - news.stocktradersdaily.com,0.0,2.0,15.0,53.0,2026-09-29 12:22:44.110036
VTRS,2026-09-29,0,0,0,0,0.0,True,,,0.0,2.0,14.0,54.0,2026-09-29 12:22:44.627806
XENE,2026-09-29,37,16,1,15,-0.829,False,,Xenon Pharmaceuticals Investigation Notice: SueWallSt Notifies Investors of Pending Investigation Into Xenon Pharmaceuticals (XENE) - PR Newswire,0.0,1.0,13.0,54.0,2026-09-29 12:22:45.881430
ZURA,2026-09-29,0,0,0,0,0.0,True,,,0.0,3.0,21.0,43.0,2026-09-29 12:22:47.442768
ZYME,2026-09-29,30,4,4,0,1.0,False,Zymeworks Completes Acquisition of Theravance Biopharma - GlobeNewswire,,1.0,3.0,14.0,6.0,2026-09-29 12:22:48.296069
ABBV,2026-10-01,96,68,62,6,0.806,False,AbbVie wins FDA approval for Parkinson’s drug from $8.7B Cerevel takeover - BioSpace,AbbVie's ABBV-295 delivers up to 9.8% weight loss in Phase 1 (ABBV:NYSE) - Seeking Alpha,1.0,5.0,15.0,28.0,2026-10-01 12:20:07.892940
ABCL,2026-10-01,15,3,3,0,1.0,True,ABCL Stock Surges 121% in 3 Months: Here's What You Need to Know - Yahoo Finance,,0.0,6.0,16.0,49.0,2026-10-01 12:20:08.458600
ABVX,2026-10-01,37,3,0,3,-1.0,True,,ABVX Investors Have Opportunity to Join Abivax S.A. Fraud Investigation with the Schall Law Firm - Eastern Progress,0.0,0.0,0.0,,2026-10-01 12:20:09.510263
ACET,2026-10-01,2,1,1,0,1.0,True,Adicet Bio Reports Positive Prula-cel Phase 1 Lupus Data as Pivotal Study Plans Advance,,3.0,4.0,15.0,3.0,2026-10-01 12:20:09.874155
ALDX,2026-10-01,16,7,1,6,-0.714,False,Aldeyra Therapeutics Stock Surges as It Files an FDA Dispute Resolution - Aldeyra Therapeutics (NASDAQ:AL - Benzinga,Aldeyra to appeal FDA rejection of reproxalap as a treatment for dry eye disease - Ophthalmology Times,1.0,3.0,12.0,2.0,2026-10-01 12:20:12.198721
ALKS,2026-10-01,11,3,3,0,1.0,True,Alkermes Posts Positive Data From Phase I ADHD Study on ALKS 7290,,2.0,6.0,20.0,10.0,2026-10-01 12:20:13.189511
ALLR,2026-10-01,16,0,0,0,0.0,True,,,4.0,5.0,20.0,0.0,2026-10-01 12:20:13.750738
ALZN,2026-10-01,9,3,0,3,-1.0,True,,"Alzamend Neuro, Inc. Q1 2027: Net loss $3.03M, EPS $(0.68) — 10-Q Summary - TradingView",1.0,3.0,9.0,2.0,2026-10-01 12:20:14.179131
AMGN,2026-10-01,53,18,12,6,0.473,False,AMGEN ANNOUNCES POSITIVE TOPLINE PHASE 3 RESULTS FOR DAZODALIBEP IN MODERATE-TO-SEVERE SYSTEMIC SJÖGREN'S DISEASE - PR Newswire,Jim Cramer Weighs Amgen (AMGN) After Novartis Trial Failure - Yahoo Finance,0.0,2.0,10.0,58.0,2026-10-01 12:20:14.800223
ANNX,2026-10-01,15,3,3,0,1.0,True,ANNX Maintained by JP Morgan -- Price Target Raised to $15.00 - GuruFocus,,0.0,4.0,12.0,50.0,2026-10-01 12:20:15.327980
APOG,2026-10-01,2,1,1,0,1.0,True,Apogee Expands Performance Surfaces Segment With Groglass Buyout,,3.0,4.0,16.0,8.0,2026-10-01 12:20:16.395813
ARDX,2026-10-01,48,24,0,24,-1.0,False,,"INVESTOR ALERT: Pomerantz Law Firm Reminds Investors with Losses on their Investment in Ardelyx, Inc. of Class Action Lawsuit and Upcoming Deadlines – ARDX - financialcontent.com",0.0,2.0,10.0,45.0,2026-10-01 12:20:16.902716
ARGX,2026-10-01,29,8,8,0,1.0,False,Here's Exactly Why Wall Street Thinks Argenx Stock Could Soar 23% Over the Next 12 Months - The Motley Fool,,0.0,0.0,0.0,,2026-10-01 12:20:17.378726
ARVN,2026-10-01,16,5,3,2,0.227,False,Arvinas Announces Inducement Grant Under Nasdaq Listing Rule 5635(c)(4) - GlobeNewswire,"ARVN Stock Drops On CEO Exit — Retail Is Bullish On New Chief’s Credentials, Dismisses Selloff - Stocktwits",0.0,1.0,16.0,58.0,2026-10-01 12:20:17.977076
ATOS,2026-10-01,12,4,4,0,1.0,False,Atossa Therapeutics Announces Plan to Issue Stapled CVR for Shareholders Tied to Potential Rare Pediatric Disease Priority Review Voucher - PR Newswire,,2.0,3.0,17.0,2.0,2026-10-01 12:20:18.971240
AURA,2026-10-01,4,3,0,3,-1.0,True,,AURA Q2 2026 Earnings: Wider-Than-Expected Loss as Clinical-Stage Biotech Misses EPS Estimate - Debt Analysis Report - careplusvn.com,0.0,3.0,10.0,51.0,2026-10-01 12:20:19.547128
AVLN,2026-10-01,14,1,1,0,1.0,True,Avalyn Publishes Phase 1 Data Highlighting AP02’s Lung-Targeted Delivery and Encouraging Safety Profile - GlobeNewswire,,1.0,2.0,6.0,15.0,2026-10-01 12:20:20.651141
AXSM,2026-10-01,32,3,1,2,-0.712,True,Analysts Think Axsome Therapeutics Stock Could Soar 35% Over the Next 12 Months. Is the Stock a No-Brainer Buy? - Yahoo Finance,Axsome Therapeutics (NASDAQ:AXSM) Shares Down 5.4% on Analyst Downgrade - MarketBeat,0.0,2.0,13.0,52.0,2026-10-01 12:20:21.381466
AZN,2026-10-01,90,33,26,7,0.837,False,AstraZeneca files for US FDA approval of HUTCHMED lung cancer drug combination - Reuters,"AstraZeneca’s Etcamah flunks first-line breast cancer trial, adding to oral SERDs’ failure record - Fierce Pharma",0.0,0.0,0.0,,2026-10-01 12:20:22.041165
AZTR,2026-10-01,13,2,0,2,-1.0,True,,Azitra Launches $3.5 Million At-The-Market Stock Offering - Minichart,3.0,6.0,20.0,0.0,2026-10-01 12:20:22.531897
BBIO,2026-10-01,18,3,3,0,1.0,True,BridgeBio says heart disease therapy Attruby beat Pfizer’s Vyndamax in real world study - Seeking Alpha,,0.0,4.0,18.0,31.0,2026-10-01 12:20:23.014398
BEAM,2026-10-01,21,3,0,3,-1.0,True,,"Beam Therapeutics faces securities fraud probe after trial data reveals safety concerns, stock drops 9.5%. - Pluang",0.0,1.0,10.0,58.0,2026-10-01 12:20:24.241630
BHVN,2026-10-01,8,3,1,2,0.219,True,"Yale, Biohaven Seek $23M Atty Fee After Trade Secrets Win - Law360",Biohaven’s epilepsy drug hit with FDA clinical hold,1.0,5.0,14.0,21.0,2026-10-01 12:20:25.117486
BIIB,2026-10-01,18,3,3,0,1.0,True,Biogen (BIIB) and AbbVie (ABBV) Get Wolfe Upgrades—Which Pharma Stock Has More Upside? - Yahoo Finance,,0.0,1.0,14.0,64.0,2026-10-01 12:20:25.809213
BMEA,2026-10-01,34,34,0,34,-1.0,False,,Biomea Fusion Announces Termination of Proposed Public Offering of Securities - GlobeNewswire,1.0,2.0,11.0,9.0,2026-10-01 12:20:27.008745
BMRN,2026-10-01,34,4,2,2,-0.417,False,BioMarin Pharmaceutical (BMRN) Posts Phase 3 Win And FDA Filing In Hypochondroplasia - Simply Wall Street,BioMarin Pharmaceutical stock weighs VOXZOGO setback against growth - AD HOC NEWS,4.0,8.0,23.0,1.0,2026-10-01 12:20:27.552891
BMY,2026-10-01,53,11,8,3,0.535,False,What Bristol Myers Squibb Stock’s Strong Buy Upgrade Means For Shareholders - Simply Wall Street,Bristol Myers Squibb's dividend sustainability faces a key test in 2027 amid patent losses on top drug Eliquis. - Pluang,0.0,1.0,9.0,63.0,2026-10-01 12:20:28.111517
BNTX,2026-10-01,43,7,4,3,-0.077,False,Moderna Surges 9% as Phase 3 Melanoma Data Wins Presidential Symposium Slot; Merck and BioNTech Edge Higher,BioNTech Stock Recently Got Downgraded. But Is Wall Street Underestimating Its Cancer Pipeline? - The Motley Fool,0.0,0.0,0.0,,2026-10-01 12:20:28.726882
BPRE,2026-10-01,2,4,3,1,0.5,False,BlueRock Therapeutics’ investigational cell therapy lemiretprocel (OpCT-001) for primary photoreceptor diseases granted orphan drug designations by FDA and EMA - Bayer Global,,0.0,1.0,2.0,55.0,2026-10-01 12:20:29.267965
BTAI,2026-10-01,6,3,0,3,-1.0,True,,"Discontinued operations of BioXcel Therapeutics, Inc. – OTC:BTAIQ - TradingView",,,,,2026-10-01 12:20:30.276799
CADL,2026-10-01,26,14,10,4,0.294,False,Candel Therapeutics: Strong Buy On Aglatimagene Prostate Cancer BLA Filing In Q4 (CADL) - Seeking Alpha,Candel Therapeutics Announces Integrated Clinical and Biomarker Data That Showed Durable Local and Systemic Immune Activation after Aglatimagene Besadenovec in Intermediate-Risk Localized Prostate Cancer - The Manila Tim,2.0,3.0,13.0,21.0,2026-10-01 12:20:30.772119
CAPR,2026-10-01,66,32,5,27,-0.397,False,Capricor Therapeutics (CAPR) Shares Surge on Positive Phase 3 Da - GuruFocus,"1 WEEK CAPR INVESTOR DEADLINE: Capricor Therapeutics, Inc. Investors with Substantial Losses Have Opportunity to Lead Class Action Lawsuit - PR Newswire",0.0,5.0,15.0,38.0,2026-10-01 12:20:31.363772
CELZ,2026-10-01,6,0,0,0,0.0,True,,,1.0,2.0,7.0,6.0,2026-10-01 12:20:31.867144
CGEM,2026-10-01,41,7,3,4,-0.235,False,Cullinan Therapeutics (NASDAQ:CGEM) Price Target Raised to $40.00 at BTIG Research - MarketBeat,CGEM Stock Extends Losses After Cullinan Delays Arthritis Update To December — Zipalertinib Safety Worries Linger,2.0,4.0,15.0,7.0,2026-10-01 12:20:33.128205
CL,2026-10-01,51,3,2,1,0.407,True,Colgate-Palmolive Company (CL) Is Making Room for Its Stronger Growth Engines. Will It Pay Off? (READY FOR VARDAH) - Yahoo Finance,Colgate-Palmolive Company(NYSE: CL) dropped from S&P 100 - marketscreener.com,0.0,1.0,9.0,62.0,2026-10-01 12:20:34.838174
CLDX,2026-10-01,47,20,15,5,0.55,False,Celldex Announces Positive Results from Phase 3 EMBARQ-CSU1 - GlobeNewswire,"CLDX Stock Slumps 11% – This Analyst Sees Nearly 90% Upside, Calls Phase 3 Trial Safety Concerns ‘Misplaced’",1.0,3.0,8.0,9.0,2026-10-01 12:20:35.342676
CMND,2026-10-01,13,0,0,0,0.0,True,,,0.0,0.0,0.0,,2026-10-01 12:20:36.028855
CNSY,2026-10-01,22,4,4,0,1.0,False,"Cerenome Reports CNSide Q3 2026 Progress on Coverage Expansion, Medicare Pricing and Testing Menu Growth - Quiver Quantitative",,1.0,3.0,19.0,21.0,2026-10-01 12:20:36.422809
CNTB,2026-10-01,2,2,0,2,-1.0,True,,Connect Biopharma (CNTB) Misses Key Asthma Trial Goal. Can its Drug Still Move Forward?,2.0,3.0,9.0,1.0,2026-10-01 12:20:36.877444
CORT,2026-10-01,34,6,3,3,0.072,False,Strong Commercial Execution and Pipeline Opportunities Propel Corcept Therapeutics (CORT) - Yahoo Finance,Corcept Therapeutics Incorporated(NasdaqCM: CORT) dropped from S&P 600 Health Care - marketscreener.com,1.0,2.0,14.0,8.0,2026-10-01 12:20:38.615038
CRBP,2026-10-01,2,1,0,1,-1.0,True,,Corbus CRB-913 Delivers 5% Weight Loss in Phase 1b Obesity Study,1.0,3.0,19.0,17.0,2026-10-01 12:20:39.784725
CRDF,2026-10-01,11,2,2,0,1.0,True,Cardiff Oncology Shares Rise After Upgrade From HC Wainwright - Yahoo Finance,,1.0,3.0,14.0,17.0,2026-10-01 12:20:40.305741
CRDL,2026-10-01,32,8,1,7,-0.841,False,,Discontinued operations of Cardiol Therapeutics Inc. Class A – HAN:CT9 - TradingView,0.0,0.0,0.0,,2026-10-01 12:20:40.927075
CYTK,2026-10-01,39,11,7,4,0.095,False,Cytokinetics (CYTK): Can Myqorzo Growth Create a New Biopharma Success Story? - Yahoo Finance,"Cytokinetics Maps MYQORZO Expansion, Heart Failure Pipeline at Bernstein Conference - Yahoo Finance",0.0,3.0,13.0,34.0,2026-10-01 12:20:42.235126
DBVT,2026-10-01,28,3,2,1,0.621,True,"DBV Technologies submits BLA to FDA for VIASKIN Peanut Patch in ages 4–7, requests Priority Review - TradingView",,1.0,2.0,13.0,1.0,2026-10-01 12:20:43.009093
DMAC,2026-10-01,7,2,1,1,0.147,True,Wall Street Analysts Think DiaMedica Therapeutics (DMAC) Could Surge 129.97%: Read This Before Placing a Bet - Eastern Progress,(DMAC) Risk Channels and Responsive Allocation - Stock Traders Daily,0.0,1.0,7.0,52.0,2026-10-01 12:20:44.486693
ENLV,2026-10-01,5,3,0,3,-1.0,True,,Enlivex terminates securities deal with Rain Foundation - Investing.com,0.0,0.0,0.0,,2026-10-01 12:20:48.148782
ENTA,2026-10-01,8,0,0,0,0.0,True,,,0.0,1.0,10.0,52.0,2026-10-01 12:20:48.756771
EXEL,2026-10-01,37,10,2,8,-0.688,False,Exelixis (EXEL) Faces a Three-Month Zanzalintinib Review Extension. Can the Data Support Approval? - Yahoo Finance,Exelixis: Why The 3-Month Delay Is More Negative Than It May Seem (Downgrade) - Seeking Alpha,1.0,3.0,9.0,20.0,2026-10-01 12:20:50.266490
FDMT,2026-10-01,31,5,4,1,0.283,False,4D Molecular Therapeutics Grants RSUs to Seven New Non-Executive Employees - Quiver Quantitative,OCUL Stock Suffers Sharpest Drop Since February As KOD And FDMT Post Updates On Their Wet AMD Drugs,1.0,3.0,17.0,3.0,2026-10-01 12:20:51.324683
GEHC,2026-10-01,40,2,1,1,0.567,True,GE HealthCare (GEHC) Upgraded to Buy: Here's Why - Yahoo! Finance Canada,Securities Fraud Investigation Into GE HealthCare - GlobeNewswire,1.0,5.0,13.0,9.0,2026-10-01 12:20:52.469729
GILD,2026-10-01,43,11,5,6,-0.208,False,"Mirum posts phase 3 hepatitis win for ‘commercially differentiated’ challenger to Gilead, Vir - Fierce Biotech",Gilead Sciences (GILD) Declines More Than Market: Some Information for Investors - Yahoo Finance,0.0,1.0,10.0,58.0,2026-10-01 12:20:52.975105
GMAB,2026-10-01,17,4,2,2,0.025,False,Grant of Restricted Stock Units and Warrants to Employees in Genmab - GlobeNewswire,Genmab (CPSE:GMAB) Stock Sees Modest Fair Value Cut As Analysts Weigh Pipeline Risks - Yahoo Finance,0.0,0.0,0.0,,2026-10-01 12:20:54.601205
GOSS,2026-10-01,0,0,0,0,0.0,True,,,6.0,11.0,21.0,3.0,2026-10-01 12:20:55.668685
IBO,2026-10-01,1,1,1,0,1.0,True,IMPACT Therapeutics Wins EMA Panel Backing for Ovarian Cancer Drug Senaparib - TipRanks,,2.0,2.0,5.0,14.0,2026-10-01 12:20:59.307547
IBRX,2026-10-01,23,4,3,1,0.323,False,ImmunityBio Shares Rise as Investors Revisit ANKTIVA Expansion and Revenue Momentum - Quiver Quantitative,"Biotech Lagged The Broader Market In September — Did Retail Favorites SLS, IBRX, VNDA And IOVA Dodge XBI’s Slump?",0.0,2.0,17.0,58.0,2026-10-01 12:20:59.879163
IDYA,2026-10-01,21,3,2,1,0.049,True,IDEAYA Biosciences Announces Inducement Grants under Nasdaq Listing Rule 5635(c)(4) - Santa Maria Times,IDEAYA Biosciences stock reports Q2 revenue growth despite loss - AD HOC NEWS,0.0,1.0,16.0,58.0,2026-10-01 12:21:00.473080
IGC,2026-10-01,0,0,0,0,0.0,True,,,0.0,2.0,12.0,79.0,2026-10-01 12:21:00.867362
IMVT,2026-10-01,8,4,0,4,-1.0,False,,Immunovant (IMVT): One Trial Failure Doesn’t Break the Bull Case,1.0,2.0,8.0,28.0,2026-10-01 12:21:02.364633
INCY,2026-10-01,24,4,2,2,-0.083,False,Mirum and Incyte gain approval of zilurgisertib for rare bone disorder - Seeking Alpha,Incyte stock heads into the open after a 1.23 percent drop - AD HOC NEWS,0.0,3.0,14.0,31.0,2026-10-01 12:21:03.039249
INSM,2026-10-01,33,18,15,3,0.66,False,"FDA Grants Priority Review to Insmed's sNDA for ARIKAYCE® (amikacin liposome inhalation suspension) for Treatment of MAC Lung Disease With PDUFA Target Action Date Set for January 28, 2027 - Insmed Incorporated Investor ",Net income before discontinued operations of Insmed Incorporated – HAN:IM8N - TradingView,0.0,2.0,11.0,56.0,2026-10-01 12:21:04.171739
IONS,2026-10-01,28,13,9,4,0.469,False,Ionis announces positive topline results from Phase 3 FUSION study of ulefnersen marking significant milestone in advancing first potential disease modifying treatment for FUS-ALS - Yahoo Finance,Failure of Novartis’ Pelacarsen Could Reshape the Lp(a) Race for CRISPR and Ionis,3.0,6.0,20.0,8.0,2026-10-01 12:21:04.892073
IRD,2026-10-01,7,1,1,0,1.0,True,Opus Genetics: A Resounding Study Success Merits A Higher Valuation (NASDAQ:IRD) - Seeking Alpha,,2.0,3.0,18.0,20.0,2026-10-01 12:21:05.392927
IRON,2026-10-01,12,3,1,2,-0.822,True,Disc Medicine reports positive phase 2 trial results for DISC-3405 By Investing.com - Investing.com India,Disc Medicine Faces Investor Investigations Over FDA Letter - stl.news,1.0,2.0,16.0,21.0,2026-10-01 12:21:05.954242
JAZZ,2026-10-01,38,2,2,0,1.0,True,Jazz Pharmaceuticals Completes Acquisition of Actio Biosciences - PR Newswire,,2.0,8.0,16.0,8.0,2026-10-01 12:21:06.480882
KARD,2026-10-01,7,0,0,0,0.0,True,,,1.0,2.0,3.0,1.0,2026-10-01 12:21:07.099735
KOD,2026-10-01,95,33,33,0,1.0,False,Kodiak Sciences Soars 141% on “Truly Impressive” Pivotal Wet AMD Trial Win - TIKR.com,,1.0,2.0,8.0,3.0,2026-10-01 12:21:07.622154
KRYS,2026-10-01,13,3,2,1,0.205,True,"Krystal Biotech (NASDAQ: KRYS) Grants 1,658 Derivative Securities to Director Catherine Mazzacco - Kalkine Media",Precision Trading with Krystal Biotech Inc. (KRYS) Risk Zones - Stock Traders Daily,0.0,2.0,10.0,59.0,2026-10-01 12:21:09.205073
LABT,2026-10-01,3,1,1,0,1.0,True,Lakewood-Amedex Reports Positive Nu-3 MIC Data Against Diabetic Foot Ulcer Clinical Isolates,,1.0,2.0,4.0,2.0,2026-10-01 12:21:09.592742
LLY,2026-10-01,60,30,11,19,-0.326,False,Did FDA Approvals And Medicare Expansion Just Shift Eli Lilly's (LLY) Stock Narrative? - Simply Wall Street,Lilly's EloraTZP (combination of eloralintide and tirzepatide) delivered greater weight loss and A1C reduction vs. tirzepatide 15 mg in adults with obesity and type 2 diabetes - Eli Lilly,0.0,1.0,7.0,57.0,2026-10-01 12:21:10.235634
LRMR,2026-10-01,9,0,0,0,0.0,True,,,1.0,2.0,15.0,2.0,2026-10-01 12:21:10.746967
LTRN,2026-10-01,30,4,0,4,-1.0,False,,Lantern Pharma Inc. Announces Closing of up to $8 Million Registered Direct Offering - BioSpace,3.0,5.0,12.0,1.0,2026-10-01 12:21:11.289551
LXEO,2026-10-01,37,3,3,0,1.0,True,"At $3.39 a share, Lexeo Therapeutics (LXEO) grants its CFO 54,750 stock options. - Stock Titan",,2.0,3.0,14.0,2.0,2026-10-01 12:21:12.515473
LXRX,2026-10-01,28,3,3,0,1.0,True,Lexicon Pharmaceuticals upgraded to Buy with ke... - Pluang,,0.0,1.0,10.0,56.0,2026-10-01 12:21:13.199551
MAZE,2026-10-01,28,1,0,1,-1.0,True,,"Maze Therapeutics (MAZE) Slides On Weak Momentum, Is The Current Valuation About Right? - Simply Wall Street",0.0,2.0,10.0,45.0,2026-10-01 12:21:14.260496
MDGL,2026-10-01,20,3,3,0,1.0,True,Madrigal Pharmaceuticals Announces Grants of Inducement Awards under Nasdaq Listing Rule 5635(c)(4) - Yahoo Finance,,0.0,2.0,9.0,50.0,2026-10-01 12:21:15.319506
MIRM,2026-10-01,30,14,13,1,0.96,False,Mirum Pharmaceuticals Announces FDA Approval of Atebrioz and Positive Phase 3 Data for Hepatitis Delta - Kalkine Media,Precision Trading with Mirum Pharmaceuticals Inc. (MIRM) Risk Zones - Stock Traders Daily,2.0,3.0,17.0,3.0,2026-10-01 12:21:16.394609
MLTX,2026-10-01,1,0,0,0,0.0,True,,,1.0,3.0,12.0,1.0,2026-10-01 12:21:16.783613
MNKD,2026-10-01,7,2,0,2,-1.0,True,,MannKind (MNKD) Bets On Inhaled Weight Loss Amid Widening Losses,0.0,3.0,12.0,41.0,2026-10-01 12:21:17.360664
MNOV,2026-10-01,37,3,0,3,-1.0,True,,MediciNova misses both Phase 2 endpoints despite HDL gains - Mugglehead Investment Magazine,2.0,3.0,6.0,3.0,2026-10-01 12:21:17.866003
MRK,2026-10-01,4,1,0,1,-1.0,True,,Merck Says Investigational Skin Therapy Shows Potential,0.0,1.0,7.0,58.0,2026-10-01 12:21:18.304877
NAMS,2026-10-01,29,15,14,1,0.955,False,NewAmsterdam Pharma (NAMS) Wins EU Approvals. Can Cholesterol Pills Drive Royalties? - Yahoo Finance,Precision Trading with Newamsterdam Pharma Company N.v. (NAMS) Risk Zones - Stock Traders Daily,2.0,7.0,14.0,2.0,2026-10-01 12:21:18.938465
NBIX,2026-10-01,35,3,3,0,1.0,True,Ruder Finn Wins Neurocrine Biosciences US AOR - PRovoke Media,,1.0,3.0,10.0,3.0,2026-10-01 12:21:19.468621
NTHI,2026-10-01,3,2,1,1,-0.049,True,"NeOnc Executives Invest Approximately $629,000 in Open-Market Stock Purchases Following Positive NEO100 Phase 2a Results",NeOnc Technologies Redeems All Outstanding Series A Convertible Preferred Stock and Eliminates Related Potential Dilution,4.0,10.0,35.0,3.0,2026-10-01 12:21:20.491070
NTLA,2026-10-01,18,3,2,1,-0.0,True,Intellia Therapeutics (NTLA) Stock Gets FDA Priority Review For Lonvo Z Gene Editing Therapy - Yahoo Finance,Temporary Weakness in Intellia Stock Seems Like a Buying Opportunity,2.0,3.0,17.0,23.0,2026-10-01 12:21:21.254373
NVO,2026-10-01,82,25,3,22,-0.847,False,Novo Nordisk Just Beat Lilly in a Trial. Is the Comeback Finally Taking Shape? - Yahoo Finance,Regeneron weight-loss drug halves muscle loss in combination with Novo's semaglutide in trial - Reuters,0.0,0.0,0.0,,2026-10-01 12:21:22.417523
NVS,2026-10-01,16,9,4,5,-0.057,False,Novartis Beats Patent Listing Suit Over Entresto - Law360,Novartis defeats drug-purchaser lawsuit over delay of Entresto generics - Reuters,0.0,0.0,0.0,,2026-10-01 12:21:22.959859
OCGN,2026-10-01,35,7,7,0,1.0,False,H.C. Wainwright raises Ocugen stock price target on Bahamas approval - Investing.com,,2.0,4.0,22.0,8.0,2026-10-01 12:21:23.500728
OCS,2026-10-01,19,2,0,2,-1.0,True,,Backers of controversial Oculis Lodge project can join lawsuit against developer - Cascadia Daily,0.0,0.0,0.0,,2026-10-01 12:21:24.046256
OCUL,2026-10-01,19,8,6,2,0.168,False,Ocular Therapeutix Eyes Q4 FDA Filing for AXPAXLI After SOL-1 Success - Yahoo Finance,Precision Trading with Ocular Therapeutix Inc. (OCUL) Risk Zones - Stock Traders Daily,0.0,1.0,9.0,59.0,2026-10-01 12:21:24.599657
OGN,2026-10-01,4,1,1,0,1.0,True,Organon (OGN) Wins FDA Review Acceptance For Its Hormone Free Contraceptive Device,,0.0,3.0,12.0,62.0,2026-10-01 12:21:25.074611
OMER,2026-10-01,23,8,8,0,1.0,False,Cantor Fitzgerald Upgrades Omeros (OMER) to Overweight on Strong Yartemlea Launch - GuruFocus,,0.0,4.0,13.0,49.0,2026-10-01 12:21:26.191027
ONC,2026-10-01,17,4,4,0,1.0,False,"BeOne Medicines: Pivotal oncology pipeline, strong BRUKINSA growth, and global expansion drive raised outlook - TradingView",,0.0,2.0,12.0,36.0,2026-10-01 12:21:26.794920
ORIC,2026-10-01,22,1,0,1,-1.0,True,,"Diluted shares outstanding of Oric Pharmaceuticals, Inc. – HAN:4TZ - TradingView",0.0,2.0,10.0,59.0,2026-10-01 12:21:27.388782
PCVX,2026-10-01,19,3,1,2,-0.692,True,Vaxcyte stock holds near recent highs as OPUS-1 Phase 3 data window narrows - AD HOC NEWS,InvestingPro predicted Vaxcyte’s 49% decline two years ago By Investing.com - Investing.com Canada,1.0,3.0,11.0,28.0,2026-10-01 12:21:29.543662
PFE,2026-10-01,49,11,1,10,-0.785,False,Pfizer reports positive phase 2 results for atopic dermatitis drug - Investing.com India,"Pfizer, Moderna lose bids to escape Bayer US mRNA patent lawsuit - Reuters",0.0,1.0,10.0,58.0,2026-10-01 12:21:30.678975
PHAT,2026-10-01,11,1,0,1,-1.0,True,,"PHAT Investors Have Opportunity to Join Phathom Pharmaceuticals, Inc. Fraud Investigation with SBS Law - Business Wire",1.0,2.0,12.0,2.0,2026-10-01 12:21:31.970629
PRAX,2026-10-01,5,4,4,0,1.0,False,Praxis Precision Medicines: Still Potential Upside After Huge Rally (Rating Upgrade) - Seeking Alpha,,0.0,2.0,22.0,56.0,2026-10-01 12:21:33.555103
QNRX,2026-10-01,14,7,6,1,0.723,False,FDA Grants Quoin Pharmaceuticals Fast Track Designation for QRX003 in Peeling Skin Syndrome - Minichart,,2.0,5.0,16.0,9.0,2026-10-01 12:21:34.017738
RARE,2026-10-01,52,51,43,8,0.566,False,Ultragenyx's $4 million gene therapy wins FDA approval for a rare brain and nervous system disorder - The Business Journals,"Ultragenyx Pharmaceutical Inc. (RARE) Investigation: Bronstein, Gewirtz & Grossman, LLC Encourages Investors to Contact the Firm to Learn More About the Investigation - ACCESS Newswire",2.0,5.0,19.0,14.0,2026-10-01 12:21:34.593644
RCUS,2026-10-01,20,1,1,0,1.0,True,Arcus Biosciences Announces New Employment Inducement Grants - Yahoo Finance,,0.0,1.0,12.0,57.0,2026-10-01 12:21:35.048421
REGN,2026-10-01,58,23,11,12,0.122,False,Regeneron Pharmaceuticals (NASDAQ:REGN) Upgraded to Strong-Buy at Zacks Research - MarketBeat,Regeneron weight-loss drug halves muscle loss in combination with Novo's semaglutide in trial - Reuters,1.0,3.0,10.0,1.0,2026-10-01 12:21:35.687151
RGNX,2026-10-01,19,5,4,1,0.449,False,REGENXBIO Presents Positive Three-Year Durability Data for Surabgene Lomparvovec in Diabetic Retinopathy at Retina Society Annual Scientific Meeting - PR Newswire,"Net income before discontinued operations of REGENXBIO, Inc. – HAN:RB0 - TradingView",1.0,5.0,13.0,8.0,2026-10-01 12:21:36.273790
RNAC,2026-10-01,8,2,2,0,1.0,True,"RNAC Q2 2026 Earnings: Cartesian Therapeutics Reports Surprise Positive EPS of $0.61, Beating Estimates by 168.86% - Profit Margin Analysis - dars.gov.et",,1.0,2.0,15.0,2.0,2026-10-01 12:21:36.837972
RPRX,2026-10-01,48,5,1,4,-0.458,False,WINTON GROUP Ltd Invests $1.28 Million in Royalty Pharma PLC $RPRX - MarketBeat,Royalty Pharma (RPRX): Can Downside Protection Offset Pelacarsen’s Phase 3 Failure? - Yahoo Finance,0.0,1.0,9.0,57.0,2026-10-01 12:21:37.450613
SBFM,2026-10-01,3,1,1,0,1.0,True,"Sunshine Biopharma, Inc. (SBFM) Upgraded to Buy: Here's What You Should Know",,2.0,6.0,13.0,15.0,2026-10-01 12:21:38.434110
SGIOF,2026-10-01,13,10,10,0,1.0,False,Shionogi’s wins EU approval for COVID-19 post-exposure prophylaxis - European Medical Journal,,0.0,0.0,0.0,,2026-10-01 12:21:39.150801
SKBBY,2026-10-01,0,0,0,0,0.0,True,,,0.0,0.0,0.0,,2026-10-01 12:21:40.625484
SLS,2026-10-01,29,14,6,8,0.206,False,"This Tiny Biotech Is Beating MRNA, IOVA And SLS — Here's How A Billionaire Fueled Its September Rally","A Sellas immunotherapy study, long delayed, will end in failure - STAT",0.0,2.0,12.0,51.0,2026-10-01 12:21:43.467854
SNDX,2026-10-01,18,3,3,0,1.0,True,Syndax Pharmaceuticals rated 'Strong Buy' on la... - Pluang,,0.0,2.0,11.0,58.0,2026-10-01 12:21:44.669504
SNY,2026-10-01,47,5,4,1,0.917,False,Sanofi expands Regeneron partnership with up to $8 billion deal in win for new CEO - Reuters,Sanofi: Information concerning the total number of voting rights and shares - August 2026 - GlobeNewswire,0.0,0.0,0.0,,2026-10-01 12:21:45.200789
SPTX,2026-10-01,21,2,2,0,1.0,True,Raymond James Initiates Seaport Therapeutics at Strong Buy - marketscreener.com,,0.0,1.0,3.0,59.0,2026-10-01 12:21:46.293592
SRPT,2026-10-01,19,5,3,2,0.6,False,"Sarepta Therapeutics Announces Inducement Grants Under Nasdaq Listing Rule 5635(c)(4) - September 30, 2026 - BioSpace",Sarepta Therapeutics Drops 7.1% Amid Sector-Wide Selling - AlphaStreet,1.0,3.0,12.0,8.0,2026-10-01 12:21:46.943870
SRRK,2026-10-01,8,11,10,1,0.653,False,Scholar Rock Holding (SRRK) Wins FDA Approval for ISEMBYLD. Can Add-On Use Scale?,"Scholar Rock Poised for De-risked Commercial Ramp in Neuromuscular Space, Wedbush Says",2.0,4.0,14.0,16.0,2026-10-01 12:21:47.359642
SUPN,2026-10-01,12,2,1,1,-0.147,True,How Supernus’ Q2 Beat and Raised Guidance Could Reshape Supernus Pharmaceuticals (SUPN) Investors’ Outlook,3 Reasons SUPN is Risky and 1 Stock to Buy Instead,0.0,5.0,17.0,59.0,2026-10-01 12:21:49.171952
SYRE,2026-10-01,12,2,1,1,-0.377,True,What Does Spyre Therapeutics (SYRE) Part A Trial Success Mean For Ulcerative Colitis?,SYRE Stock Steadies As SPY003 Trial Data De-Risks IBD Pipeline - StocksToTrade,1.0,3.0,15.0,23.0,2026-10-01 12:21:50.665239
TAK,2026-10-01,32,14,12,2,0.544,False,Takeda Pharmaceutical (TAK) Gets Priority Review. Can Zasocitinib Win in Psoriasis? - Yahoo Finance,"Alkermes: The Orexin Upside Is Real, But Takeda And Lilly Stand In The Way (Downgrade) - Seeking Alpha",0.0,0.0,0.0,,2026-10-01 12:21:51.473438
TECX,2026-10-01,14,11,2,9,0.144,False,Tectonic Therapeutic gets FDA fast track for HHT drug TX2100 - Investing.com,TECX Q2 2026 Earnings: Narrower-Than-Expected Loss Fails to Lift Shares - Earnings Decline Risk - careplusvn.com,1.0,2.0,9.0,2.0,2026-10-01 12:21:53.158732
TGTX,2026-10-01,12,0,0,0,0.0,True,,,0.0,1.0,9.0,59.0,2026-10-01 12:21:53.763266
TLSA,2026-10-01,34,6,4,2,0.654,False,Tiziana Life Sciences seeks FDA orphan drug status for nasal MSA therapy - Yahoo! Finance Canada,Tiziana (TLSA) lines up MS trial for patients failing current drugs with a nasal antibody twist. - Stock Titan,0.0,0.0,0.0,1806.0,2026-10-01 12:21:54.243614
TLX,2026-10-01,7,1,1,0,1.0,True,Wall Street Analysts Believe Telix Pharmaceuticals Limited (TLX) Could Rally 83.42%: Here's is How to Trade,,0.0,0.0,0.0,,2026-10-01 12:21:55.206554
TTRX,2026-10-01,9,2,1,1,-0.049,True,Turn Therapeutics (NASDAQ:TTRX) Stock Rating Upgraded by Lucid Cap Mkts - MarketBeat,Turn Therapeutics (NASDAQ:TTRX) Cut to Sell at Wall Street Zen - MarketBeat,2.0,7.0,26.0,21.0,2026-10-01 12:21:57.773992
TVTX,2026-10-01,47,2,1,1,-0.736,True,Travere Therapeutics Reports Inducement Grants Under Nasdaq Listing Rule 5635(c)(4) - Yahoo Finance,Investigation launched into Travere Therapeutics officers for possible self-dealing harming shareholders - Pluang,1.0,3.0,13.0,10.0,2026-10-01 12:21:58.897421
TYRA,2026-10-01,35,4,1,3,-0.482,False,"Stock grant lifts Tyra Biosciences (NASDAQ: TYRA) finance VP stake to 11,258 shares - Stock Titan","Tyra Biosciences, Inc. (TYRA) Discusses Initial SURF302 Results on Oral Dabogratinib for Intermediate Risk NMIBC - Slideshow (NASDAQ:TYRA) 2026-09-10 - Seeking Alpha",2.0,3.0,11.0,16.0,2026-10-01 12:21:59.373045
URGN,2026-10-01,8,1,1,0,1.0,True,Is UroGen’s (URGN) Commercial Engine Strong Enough To Fund Its Pipeline Ambitions?,,0.0,2.0,8.0,42.0,2026-10-01 12:22:00.074838
VERA,2026-10-01,16,4,3,1,0.5,False,Vera set up for full approval for Trutakna in IgAN with Phase III win,"VERA Stock Jumps 16% Premarket – Trutakna Cuts Kidney Disease Progression Risk By 76%, Full FDA Filing Planned In Q4 - TradingView",1.0,4.0,14.0,16.0,2026-10-01 12:22:00.794343
VNDA,2026-10-01,14,9,4,5,-0.104,False,Vanda lines up new expansion prospect for Hetlioz as FDA jet lag hearing looms - Fierce Pharma,Vanda Pharmaceuticals Announces Positive Phase III Results for HETLIOZ®(tasimelteon) in Delayed Sleep-Wake Phase Disorder - PR Newswire,0.0,1.0,15.0,57.0,2026-10-01 12:22:02.576356
VSTM,2026-10-01,20,3,1,2,-0.36,True,Verastem (VSTM) Shares React to Positive Two-Year Phase 2 RAMP 201 Study Results in Ovarian Cancer - GuruFocus,"Discontinued operations of Verastem, Inc. – HAN:2VSA - TradingView",0.0,2.0,15.0,55.0,2026-10-01 12:22:04.105357
VTRS,2026-10-01,3,2,2,0,1.0,True,Viatris (VTRS) Wins Japan WAKIX Approval. Can it Build a Meaningful Specialty Business?,,0.0,1.0,14.0,56.0,2026-10-01 12:22:04.521873
XENE,2026-10-01,47,19,2,17,-0.762,False,Why Xenon Pharmaceuticals (XENE) Is Down 32.2% After Pausing Psychiatry Trials Despite Positive NDA Data,Xenon Stock Craters 30% on Drug Trial Setback. Its Failure Could Be This Biotech’s Gain.,0.0,1.0,13.0,56.0,2026-10-01 12:22:05.656281
ZURA,2026-10-01,1,1,0,1,-1.0,True,,Zura Bio (ZURA) Hits Enrollment Milestones As Losses Widen Sharply,0.0,2.0,20.0,45.0,2026-10-01 12:22:07.014753
ZYME,2026-10-01,31,5,5,0,1.0,False,Zymeworks Completes Acquisition of Theravance Biopharma - GlobeNewswire,,1.0,3.0,14.0,8.0,2026-10-01 12:22:07.687045
ABBV,2026-10-02,91,56,53,3,0.884,False,AbbVie wins FDA approval for Parkinson’s drug from $8.7B Cerevel takeover - BioSpace,AbbVie's ABBV-295 delivers up to 9.8% weight loss in Phase 1 (ABBV:NYSE) - Seeking Alpha,1.0,5.0,15.0,29.0,2026-10-02 12:20:03.013502
ABCL,2026-10-02,18,1,1,0,1.0,True,ABCL Stock Surges 121% in 3 Months: Here's What You Need to Know - Yahoo Finance,,0.0,6.0,16.0,50.0,2026-10-02 12:20:03.790569
ABVX,2026-10-02,33,2,0,2,-1.0,True,,ABVX Investors Have Opportunity to Join Abivax S.A. Fraud Investigation with the Schall Law Firm - Eastern Progress,0.0,0.0,0.0,,2026-10-02 12:20:05.054361
ACET,2026-10-02,0,0,0,0,0.0,True,,,2.0,4.0,15.0,4.0,2026-10-02 12:20:05.616649
ACRS,2026-10-02,6,1,1,0,1.0,True,Aclaris (ACRS) Soars 6.0%: Is Further Upside Left in the Stock? - Yahoo Finance,,0.0,2.0,12.0,57.0,2026-10-02 12:20:06.853047
ADAG,2026-10-02,17,3,2,1,0.185,True,H.C. Wainwright reiterates Adagene stock rating on milestone payments By Investing.com - Investing.com UK,Adagene Announces NMPA Clearance of Investigational New - GlobeNewswire,0.0,0.0,0.0,,2026-10-02 12:20:07.351585
ALDX,2026-10-02,14,5,1,4,-0.6,False,Aldeyra Therapeutics Stock Surges as It Files an FDA Dispute Resolution - Aldeyra Therapeutics (NASDAQ:AL - Benzinga,Aldeyra to appeal FDA rejection of reproxalap as a treatment for dry eye disease - Ophthalmology Times,1.0,3.0,12.0,3.0,2026-10-02 12:20:07.926789
ALKS,2026-10-02,4,0,0,0,0.0,True,,,2.0,6.0,20.0,11.0,2026-10-02 12:20:08.921740
ALLR,2026-10-02,21,2,2,0,1.0,True,"Allarity Therapeutics Granted Japanese Patent for Stenoparib DRP® Companion Diagnostic, Further Strengthening Stenoparib Development - The Manila Times",,4.0,5.0,20.0,1.0,2026-10-02 12:20:09.484441
ALZN,2026-10-02,8,2,0,2,-1.0,True,,Alzamend Neuro Inc expected to post a loss of 23 cents a share - Earnings Preview - TradingView,1.0,3.0,9.0,3.0,2026-10-02 12:20:09.959380
AMGN,2026-10-02,45,14,11,3,0.642,False,AMGEN ANNOUNCES POSITIVE TOPLINE PHASE 3 RESULTS FOR DAZODALIBEP IN MODERATE-TO-SEVERE SYSTEMIC SJÖGREN'S DISEASE - PR Newswire,Amgen (AMGN) Stock Sees Modest Fair Value Lift As Analysts Weigh Pipeline Risks - Yahoo Finance,0.0,2.0,10.0,59.0,2026-10-02 12:20:10.596150
APOG,2026-10-02,1,0,0,0,0.0,True,,,3.0,4.0,16.0,9.0,2026-10-02 12:20:12.229942
ARGX,2026-10-02,26,7,7,0,1.0,False,"argenex (ARGX) FDA Approvals, PDUFA Dates & Drug Alerts 2026 - MarketBeat",,0.0,0.0,0.0,,2026-10-02 12:20:13.419340
ARVN,2026-10-02,17,4,2,2,-0.011,False,Press Release: Arvinas Announces Inducement Grant Under Nasdaq Listing Rule 5635(c)(4) - moomoo.com,"ARVN Stock Drops On CEO Exit — Retail Is Bullish On New Chief’s Credentials, Dismisses Selloff - Stocktwits",0.0,1.0,16.0,59.0,2026-10-02 12:20:13.999541
ARWR,2026-10-02,18,1,1,0,1.0,True,Is Arrowhead Pharmaceuticals (ARWR) A Bargain On Strong ARO DIMER PA Trial Data? - Simply Wall Street,,0.0,1.0,10.0,59.0,2026-10-02 12:20:14.667050
AURA,2026-10-02,5,1,0,1,-1.0,True,,Precision Trading with Aura Biosciences Inc. (AURA) Risk Zones - Stock Traders Daily,0.0,3.0,10.0,52.0,2026-10-02 12:20:15.719307
AZN,2026-10-02,80,24,18,6,0.622,False,AstraZeneca files for US FDA approval of HUTCHMED lung cancer drug combination - Reuters,AstraZeneca Stocks Drops as $2 Billion Buys an Oncology Option - TradingView,0.0,0.0,0.0,,2026-10-02 12:20:17.975295
AZTR,2026-10-02,13,3,0,3,-1.0,True,,Azitra Launches At-the-Market Equity Offering Program - The Globe and Mail,3.0,6.0,20.0,1.0,2026-10-02 12:20:18.473311
BCDA,2026-10-02,25,4,4,0,1.0,False,"Biocardia, Inc. Files Revised De Novo Pre-Submission for Fda Approval of Helix Catheter - marketscreener.com",,4.0,7.0,32.0,1.0,2026-10-02 12:20:19.660655
BFRI,2026-10-02,11,14,14,0,1.0,False,Biofrontera wins FDA approval for Ameluz to treat skin cancer By Investing.com - Investing.com Canada,,1.0,2.0,15.0,18.0,2026-10-02 12:20:20.936773
BHVN,2026-10-02,1,1,1,0,1.0,True,"Yale, Biohaven Seek $23M Atty Fee After Trade Secrets Win - Law360",,1.0,5.0,14.0,22.0,2026-10-02 12:20:21.499951
BIIB,2026-10-02,12,2,2,0,1.0,True,Biogen (BIIB) and AbbVie (ABBV) Get Wolfe Upgrades—Which Pharma Stock Has More Upside? - Yahoo Finance,,0.0,1.0,14.0,65.0,2026-10-02 12:20:22.134787
BMEA,2026-10-02,32,31,0,31,-1.0,False,,Biomea Fusion Announces Termination of Proposed Public Offering of Securities - GlobeNewswire,1.0,2.0,11.0,10.0,2026-10-02 12:20:23.320204
BMRN,2026-10-02,32,3,1,2,-0.759,True,BioMarin Pharmaceutical (BMRN) Posts Phase 3 Win And FDA Filing In Hypochondroplasia - Simply Wall Street,BioMarin drops Voxzogo development for Noonan syndrome as treatment landscape shifts - Fierce Pharma,3.0,8.0,23.0,2.0,2026-10-02 12:20:23.804792
BMY,2026-10-02,39,6,5,1,0.631,False,What Bristol Myers Squibb Stock’s Strong Buy Upgrade Means For Shareholders - Simply Wall Street,Bristol Myers Squibb's dividend sustainability faces a key test in 2027 amid patent losses on top drug Eliquis. - Pluang,0.0,1.0,9.0,64.0,2026-10-02 12:20:24.377549
BNTX,2026-10-02,39,4,1,3,-0.584,False,,"Pfizer, BioNTech, Moderna dealt blow in effort to dismiss mRNA patent lawsuits (PFE:NYSE) - Seeking Alpha",0.0,0.0,0.0,,2026-10-02 12:20:24.926634
BRTX,2026-10-02,4,1,0,1,-1.0,True,,BioRestorative Therapies Inc expected to post a loss of $2.50 a share - Earnings Preview - TradingView,4.0,7.0,15.0,21.0,2026-10-02 12:20:26.150894
BTAI,2026-10-02,7,2,0,2,-1.0,True,,"Discontinued operations of BioXcel Therapeutics, Inc. – OTC:BTAIQ - TradingView",,,,,2026-10-02 12:20:26.750125
CADL,2026-10-02,24,14,11,3,0.43,False,Candel Therapeutics Announces Inducement Grants Under Nasdaq Listing Rule 5635(c)(4) - Yahoo Finance,Candel Therapeutics Announces Integrated Clinical and Biomarker Data That Showed Durable Local and Systemic Immune Activation after Aglatimagene Besadenovec in Intermediate-Risk Localized Prostate Cancer - The Manila Tim,2.0,3.0,13.0,22.0,2026-10-02 12:20:27.289482
CAPR,2026-10-02,58,26,5,21,-0.363,False,Capricor Therapeutics (CAPR) Shares Surge on Positive Phase 3 Da - GuruFocus,"1 WEEK CAPR INVESTOR DEADLINE: Capricor Therapeutics, Inc. Investors with Substantial Losses Have Opportunity to Lead Class Action Lawsuit - PR Newswire",0.0,5.0,15.0,39.0,2026-10-02 12:20:27.875596
CGEM,2026-10-02,35,4,2,2,-0.151,False,Cullinan Therapeutics (NASDAQ:CGEM) Price Target Raised to $40.00 at BTIG Research - MarketBeat,Cullinan delays early-stage data for arthritis drug (CGEX) - Seeking Alpha,3.0,5.0,16.0,0.0,2026-10-02 12:20:29.495889
CL,2026-10-02,50,3,2,1,0.447,True,Colgate-Palmolive (CL) is Making Room for Its Stronger Growth Engines. Will it Pay Off? - Yahoo Finance,Colgate-Palmolive Company(NYSE: CL) dropped from S&P 100 - marketscreener.com,0.0,1.0,9.0,63.0,2026-10-02 12:20:31.166948
CLDX,2026-10-02,35,12,10,2,0.725,False,Celldex Announces Positive Results from Phase 3 EMBARQ-CSU1 - GlobeNewswire,"SHAREHOLDER ALERT: Purcell & Lefkowitz LLP Announces Shareholder Investigation of Celldex Therapeutics, Inc. (NASDAQ: CLDX) - Eastern Progress",1.0,3.0,8.0,10.0,2026-10-02 12:20:31.759647
CNSY,2026-10-02,29,9,9,0,1.0,False,"After stock grant vesting, Cerenome (CNSY) director Kyle Guse holds 1,843 shares directly. - Stock Titan",,2.0,4.0,20.0,0.0,2026-10-02 12:20:32.867535
CNTB,2026-10-02,0,0,0,0,0.0,True,,,2.0,3.0,9.0,2.0,2026-10-02 12:20:33.246563
COGT,2026-10-02,8,2,1,1,-0.631,True,Cogent Bio wins third FDA review for lead asset (COGT:NASDAQ) - Seeking Alpha,"Insiders At Cogent Biosciences Sold US$12m In Stock, Alluding To Potential Weakness - moomoo.com",1.0,3.0,11.0,30.0,2026-10-02 12:20:34.426524
CORT,2026-10-02,29,5,2,3,-0.182,False,Strong Commercial Execution and Pipeline Opportunities Propel Corcept Therapeutics (CORT) - Yahoo Finance,Corcept Therapeutics Incorporated(NasdaqCM: CORT) dropped from S&P 600 Health Care - marketscreener.com,1.0,2.0,14.0,9.0,2026-10-02 12:20:34.952713
CRBP,2026-10-02,0,0,0,0,0.0,True,,,1.0,3.0,19.0,18.0,2026-10-02 12:20:35.931911
CRDL,2026-10-02,24,5,0,5,-1.0,False,,Cardiol Therapeutics Inc. Class A (TSX:CRDL) Slides -5.91% as Investors Reassess Near-Term Catalysts and Risk - kalkine.ca,0.0,0.0,0.0,,2026-10-02 12:20:37.116991
CSLLY,2026-10-02,7,1,0,1,-1.0,True,,Why CSL Limited (ASX: CSL) reported a Vifor-driven loss yet guided to FY27 growth as an S&P/ASX 200 biotech - Kalkine,0.0,0.0,0.0,,2026-10-02 12:20:37.747233
CYTK,2026-10-02,38,10,6,4,0.002,False,Cytokinetics (CYTK): Can Myqorzo Growth Create a New Biopharma Success Story? - Yahoo Finance,"Cytokinetics Maps MYQORZO Expansion, Heart Failure Pipeline at Bernstein Conference - Yahoo Finance",0.0,3.0,13.0,35.0,2026-10-02 12:20:38.316163
DBVT,2026-10-02,25,4,3,1,0.775,False,"DBV Submits Viaskin Allergy Patch to FDA, in Bid for Approval - Allergic Living",,1.0,2.0,13.0,2.0,2026-10-02 12:20:38.894051
DCTH,2026-10-02,4,1,1,0,1.0,True,"Delcath Systems, Inc. Announces Inducement Grants Under Nasdaq Listing Rule 5635(c)(4) - Yahoo Finance",,0.0,2.0,10.0,49.0,2026-10-02 12:20:39.333158
DNLI,2026-10-02,3,0,0,0,0.0,True,,,0.0,2.0,16.0,57.0,2026-10-02 12:20:40.936982
DNTH,2026-10-02,14,1,1,0,1.0,True,Dianthus Therapeutics Announces Inducement Grants Under Nasdaq Listing Rule 5635(c)(4) - Carroll County Mirror-Democrat,,0.0,1.0,11.0,59.0,2026-10-02 12:20:41.434172
EPRX,2026-10-02,14,3,2,1,-0.006,True,Eupraxia Pharmaceuticals Inc. (TSX:EPRX) Rises 5.51% as Clinical Momentum and Nasdaq Upgrade Support Investor Sentiment - kalkine.ca,Eupraxia Pharmaceuticals (TSX:EPRX) Stock Drops 13.86% After 52-Week RESOLVE Data as Phase 2b Readout Moves to December - kalkine.ca,0.0,0.0,0.0,,2026-10-02 12:20:45.349210
EWTX,2026-10-02,15,3,2,1,0.17,True,Edgewise Therapeutics Reports Inducement Grants as permitted by the Nasdaq Listing Rules - PR Newswire,(EWTX) Risk Channels and Responsive Allocation - Stock Traders Daily,0.0,3.0,10.0,57.0,2026-10-02 12:20:45.883216
EXEL,2026-10-02,35,10,2,8,-0.697,False,Exelixis (EXEL) Faces a Three-Month Zanzalintinib Review Extension. Can the Data Support Approval? - Yahoo Finance,Exelixis: Why The 3-Month Delay Is More Negative Than It May Seem (Downgrade) - Seeking Alpha,1.0,3.0,9.0,21.0,2026-10-02 12:20:46.465812
FDMT,2026-10-02,30,5,4,1,0.19,False,4D Molecular Therapeutics Grants RSUs to Seven New Non-Executive Employees - Quiver Quantitative,"Insiders At 4D Molecular Therapeutics Sold US$757k In Stock, Alluding To Potential Weakness - moomoo.com",1.0,3.0,17.0,4.0,2026-10-02 12:20:47.649393
GILD,2026-10-02,31,4,3,1,0.207,False,"Mirum posts phase 3 hepatitis win for ‘commercially differentiated’ challenger to Gilead, Vir - Fierce Biotech",Gilead Sciences (GILD) Declines More Than Market: Some Information for Investors - Yahoo Finance,0.0,1.0,10.0,59.0,2026-10-02 12:20:49.482965
GMAB,2026-10-02,16,4,2,2,-0.176,False,Grant of Restricted Stock Units and Warrants to Employees in Genmab - GlobeNewswire,Precision Trading with Genmab A/s (GMAB) Risk Zones - Stock Traders Daily,0.0,0.0,0.0,,2026-10-02 12:20:51.082062
HURA,2026-10-02,7,0,0,0,0.0,True,,,5.0,11.0,27.0,8.0,2026-10-02 12:20:55.885395
IBRX,2026-10-02,12,1,1,0,1.0,True,"ImmunityBio (IBRX) Meeting With Turkish President Fuels Expansion Hopes, Shares Climb 10% - Yahoo Finance",,0.0,2.0,17.0,59.0,2026-10-02 12:20:57.013587
IMVT,2026-10-02,0,0,0,0,0.0,True,,,1.0,2.0,8.0,29.0,2026-10-02 12:20:59.687170
INCY,2026-10-02,16,2,2,0,1.0,True,Mirum and Incyte gain approval of zilurgisertib for rare bone disorder - Seeking Alpha,,0.0,3.0,14.0,32.0,2026-10-02 12:21:00.280699
INSM,2026-10-02,22,9,8,1,0.537,False,"FDA Grants Priority Review to Insmed's sNDA for ARIKAYCE® (amikacin liposome inhalation suspension) for Treatment of MAC Lung Disease With PDUFA Target Action Date Set for January 28, 2027 - Insmed Incorporated Investor ",Net income before discontinued operations of Insmed Incorporated – HAN:IM8N - TradingView,0.0,2.0,11.0,57.0,2026-10-02 12:21:01.567656
IONS,2026-10-02,22,9,7,2,0.749,False,Ionis announces positive topline results from Phase 3 FUSION study of ulefnersen marking significant milestone in advancing first potential disease modifying treatment for FUS-ALS - Yahoo Finance,Ionis Pharmaceuticals Eyes TRYNGOLZA Growth as Pipeline Faces Cardio Setbacks - Yahoo Finance,3.0,6.0,20.0,9.0,2026-10-02 12:21:02.118983
IRD,2026-10-02,4,0,0,0,0.0,True,,,2.0,3.0,18.0,21.0,2026-10-02 12:21:02.763097
IRON,2026-10-02,10,2,0,2,-1.0,True,,Disc Medicine Faces Investor Investigations Over FDA Letter - stl.news,1.0,2.0,16.0,22.0,2026-10-02 12:21:03.462452
JAZZ,2026-10-02,35,3,3,0,1.0,True,Jazz Pharmaceuticals Completes Acquisition of Actio Biosciences - PR Newswire,,2.0,8.0,16.0,9.0,2026-10-02 12:21:04.018680
KARD,2026-10-02,11,1,1,0,1.0,True,"A 48,368-option grant at Kardigan (KARD) vests monthly over three years. - Stock Titan",,1.0,2.0,3.0,2.0,2026-10-02 12:21:04.437039
KOD,2026-10-02,86,25,25,0,1.0,False,Kodiak Sciences Stock Surges 125% After Late-Stage Drug Trial Success - Yahoo Finance,,1.0,2.0,8.0,4.0,2026-10-02 12:21:05.301344
KPTI,2026-10-02,8,2,2,0,1.0,True,Karyopharm Therapeutics Reports Inducement Grant Under Nasdaq Listing Rule 5635(c)(4) - PR Newswire,,2.0,6.0,17.0,14.0,2026-10-02 12:21:06.375615
KRYS,2026-10-02,11,2,1,1,-0.243,True,"Krystal Biotech (NASDAQ: KRYS) Grants 1,658 Derivative Securities to Director Catherine Mazzacco - Kalkine Media",Precision Trading with Krystal Biotech Inc. (KRYS) Risk Zones - Stock Traders Daily,0.0,2.0,10.0,60.0,2026-10-02 12:21:06.997690
LABT,2026-10-02,0,0,0,0,0.0,True,,,1.0,2.0,4.0,3.0,2026-10-02 12:21:07.409414
LLY,2026-10-02,59,24,7,17,-0.469,False,Did FDA Approvals And Medicare Expansion Just Shift Eli Lilly's (LLY) Stock Narrative? - Simply Wall Street,"Lilly's triple agonist, retatrutide, delivered substantial weight loss and A1C reduction, underscoring its potential promise for people with obesity and type 2 diabetes - Eli Lilly",0.0,1.0,7.0,58.0,2026-10-02 12:21:08.031698
LTRN,2026-10-02,29,6,0,6,-1.0,False,,Lantern Pharma Disclosed Failure to Satisfy a Continued Listing Rule or Standard - TradingView,4.0,6.0,13.0,1.0,2026-10-02 12:21:09.064912
LXRX,2026-10-02,24,2,2,0,1.0,True,Lexicon Pharmaceuticals upgraded to Buy with ke... - Pluang,,0.0,1.0,10.0,57.0,2026-10-02 12:21:11.057796
MCUJF,2026-10-02,12,3,3,0,1.0,True,Medicure Announces Grant of Stock Options - Yahoo Finance,,0.0,0.0,0.0,,2026-10-02 12:21:12.792358
MIRM,2026-10-02,23,13,12,1,0.956,False,Mirum Pharmaceuticals Announces FDA Approval of Atebrioz and Positive Phase 3 Data for Hepatitis Delta - Kalkine Media,Precision Trading with Mirum Pharmaceuticals Inc. (MIRM) Risk Zones - Stock Traders Daily,2.0,3.0,17.0,4.0,2026-10-02 12:21:14.817977
MNKD,2026-10-02,3,0,0,0,0.0,True,,,0.0,3.0,12.0,42.0,2026-10-02 12:21:15.940005
MNOV,2026-10-02,34,2,0,2,-1.0,True,,MediciNova misses both Phase 2 endpoints despite HDL gains - mugglehead.com,2.0,3.0,6.0,4.0,2026-10-02 12:21:16.535688
MRK,2026-10-02,0,0,0,0,0.0,True,,,0.0,1.0,7.0,59.0,2026-10-02 12:21:17.152700
MSLE,2026-10-02,27,5,0,5,-1.0,False,,"Satellos completes enrollment for Duchenne trial, delays data - Investing.com",0.0,0.0,0.0,,2026-10-02 12:21:17.718504
NAMS,2026-10-02,24,12,11,1,0.945,False,NewAmsterdam Pharma (NAMS) Wins EU Approvals. Can Cholesterol Pills Drive Royalties? - Yahoo Finance,Precision Trading with Newamsterdam Pharma Company N.v. (NAMS) Risk Zones - Stock Traders Daily,2.0,7.0,14.0,3.0,2026-10-02 12:21:18.385641
NTHI,2026-10-02,0,0,0,0,0.0,True,,,4.0,10.0,35.0,4.0,2026-10-02 12:21:20.043664
NTLA,2026-10-02,12,2,1,1,-0.333,True,Intellia Therapeutics (NTLA) Stock Gets FDA Priority Review For Lonvo Z Gene Editing Therapy - Yahoo Finance,Temporary Weakness in Intellia Stock Seems Like a Buying Opportunity - Yahoo Finance,2.0,3.0,17.0,24.0,2026-10-02 12:21:20.701983
NVO,2026-10-02,66,16,2,14,-0.781,False,Nanexa shares soar on €1.17 billion Novo Nordisk deal for injection technology - Reuters,Regeneron weight-loss drug halves muscle loss in combination with Novo's semaglutide in trial - Reuters,0.0,0.0,0.0,,2026-10-02 12:21:21.973337
NVS,2026-10-02,12,6,3,3,0.052,False,Novartis Beats Patent Listing Suit Over Entresto - Law360,Novartis defeats drug-purchaser lawsuit over delay of Entresto generics - Reuters,0.0,0.0,0.0,,2026-10-02 12:21:22.535287
OCGN,2026-10-02,31,5,5,0,1.0,False,H.C. Wainwright raises Ocugen stock price target on Bahamas approval - Investing.com,,2.0,4.0,22.0,9.0,2026-10-02 12:21:23.193809
OCS,2026-10-02,19,1,0,1,-1.0,True,,Oculis Holding AG: Navigating Through Major Trial Setback (NASDAQ:OCS) - Seeking Alpha,0.0,0.0,0.0,,2026-10-02 12:21:23.740574
OCUL,2026-10-02,16,7,6,1,0.517,False,Ocular Therapeutix reports positive pre-NDA FDA meeting for AXPAXLI - Glance by Eyes On Eyecare,Precision Trading with Ocular Therapeutix Inc. (OCUL) Risk Zones - Stock Traders Daily,0.0,1.0,9.0,60.0,2026-10-02 12:21:24.330782
OGN,2026-10-02,1,0,0,0,0.0,True,,,0.0,3.0,12.0,63.0,2026-10-02 12:21:24.815134
OMER,2026-10-02,24,9,9,0,1.0,False,Cantor Fitzgerald Upgrades Omeros (OMER) to Overweight on Strong Yartemlea Launch - GuruFocus,,0.0,4.0,13.0,50.0,2026-10-02 12:21:25.858794
ORIC,2026-10-02,24,0,0,0,0.0,True,,,0.0,2.0,10.0,60.0,2026-10-02 12:21:27.090420
PCVX,2026-10-02,15,2,1,1,-0.6,True,Vaxcyte stock holds near recent highs as OPUS-1 Phase 3 data window narrows - AD HOC NEWS,InvestingPro predicted Vaxcyte’s 49% decline two years ago By Investing.com - Investing.com,1.0,3.0,11.0,29.0,2026-10-02 12:21:29.270333
PFE,2026-10-02,66,15,4,11,-0.43,False,Pfizer Scores Promising Win for Experimental Eczema Drug - Yahoo Finance,"Moderna Climbs 3% Despite Citigroup’s Downgrade to Sell; BioNTech Inches Higher, Pfizer Treads Water - Yahoo Finance",0.0,1.0,10.0,59.0,2026-10-02 12:21:30.627712
QNRX,2026-10-02,14,8,6,2,0.576,False,FDA Grants Quoin Pharmaceuticals Fast Track Designation for QRX003 in Peeling Skin Syndrome - Minichart,Potential dilution looms as Quoin (NASDAQ: QNRX) registers ADS resales tied to warrant exercises - Stock Titan,2.0,5.0,16.0,10.0,2026-10-02 12:21:34.088427
RARE,2026-10-02,40,36,31,5,0.684,False,Ultragenyx wins FDA approval for pediatric gene therapy for Sanfilippo syndrome - Seeking Alpha,"Ultragenyx Pharmaceutical Inc. (RARE) Investigation: Bronstein, Gewirtz & Grossman, LLC Encourages Investors to Contact the Firm to Learn More About the Investigation - ACCESS Newswire",2.0,5.0,19.0,15.0,2026-10-02 12:21:34.616460
REGN,2026-10-02,69,29,18,11,0.343,False,Regeneron And Sanofi Announce A Win-Win Collaboration Expansion (NASDAQ:REGN) - Seeking Alpha,Regeneron weight-loss drug halves muscle loss in combination with Novo's semaglutide in trial - Reuters,1.0,3.0,10.0,2.0,2026-10-02 12:21:35.727790
RGNX,2026-10-02,15,4,3,1,0.237,False,Regenxbio stock gains on positive gene therapy trial data - Investing.com,"Net income before discontinued operations of REGENXBIO, Inc. – HAN:RB0 - TradingView",1.0,5.0,13.0,9.0,2026-10-02 12:21:36.368790
RNAC,2026-10-02,8,1,1,0,1.0,True,Cartesian Therapeutics Announces New Employment Inducement Grants - GlobeNewswire,,1.0,2.0,15.0,3.0,2026-10-02 12:21:37.020594
RPRX,2026-10-02,44,1,1,0,1.0,True,WINTON GROUP Ltd Invests $1.28 Million in Royalty Pharma PLC $RPRX - MarketBeat,,0.0,1.0,9.0,58.0,2026-10-02 12:21:37.616369
SBFM,2026-10-02,1,0,0,0,0.0,True,,,2.0,6.0,13.0,16.0,2026-10-02 12:21:38.852661
SGIOF,2026-10-02,12,9,9,0,1.0,False,Shionogi’s wins EU approval for COVID-19 post-exposure prophylaxis - European Medical Journal,,0.0,0.0,0.0,,2026-10-02 12:21:39.508598
SLDB,2026-10-02,9,4,4,0,1.0,False,Solid Biosciences Reports Inducement Grants Under Nasdaq Listing Rule 5635(c)(4) - GlobeNewswire,,0.0,1.0,6.0,57.0,2026-10-02 12:21:42.926855
SLS,2026-10-02,17,11,3,8,-0.338,False,Sellas Life Sciences Draws Significant Retail Buzz As Traders Eye REGAL Phase 3 Catalyst – SLS Stock Soars 15% - Stocktwits,"A Sellas immunotherapy study, long delayed, will end in failure - STAT",0.0,2.0,12.0,52.0,2026-10-02 12:21:44.156216
SNY,2026-10-02,58,10,8,2,0.535,False,Regeneron And Sanofi Announce A Win-Win Collaboration Expansion (NASDAQ:REGN) - Seeking Alpha,CAC 40: Industry Drives Market Up as Sanofi Declines Sharply - Ideal Investisseur,0.0,0.0,0.0,,2026-10-02 12:21:45.970773
SRPT,2026-10-02,14,4,2,2,0.441,False,Sarepta Therapeutics Announces Inducement Grants Under Nasdaq Listing Rule 5635(c)(4) - Business Wire,Sarepta Therapeutics Drops 7.1% Amid Sector-Wide Selling - AlphaStreet,1.0,3.0,12.0,9.0,2026-10-02 12:21:47.686277
SRRK,2026-10-02,0,0,0,0,0.0,True,,,2.0,4.0,14.0,17.0,2026-10-02 12:21:48.460532
SUPN,2026-10-02,8,0,0,0,0.0,True,,,0.0,5.0,17.0,60.0,2026-10-02 12:21:50.105027
SYRE,2026-10-02,14,1,0,1,-1.0,True,,SYRE Stock Steadies As SPY003 Trial Data De-Risks IBD Pipeline - stockstotrade.com,1.0,3.0,15.0,24.0,2026-10-02 12:21:51.642467
TAK,2026-10-02,27,11,10,1,0.678,False,Takeda Pharmaceutical (TAK) Gets Priority Review. Can Zasocitinib Win in Psoriasis? - Yahoo Finance,,0.0,0.0,0.0,,2026-10-02 12:21:52.385351
TECX,2026-10-02,11,3,2,1,0.757,True,Tectonic Therapeutic gets FDA fast track for HHT drug TX2100 - Investing.com,TECX Q2 2026 Earnings: Narrower-Than-Expected Loss as Clinical-Stage Biotech Keeps Spending in Check - SaaS Earnings Trends - dars.gov.et,1.0,2.0,9.0,3.0,2026-10-02 12:21:54.012953
TLSA,2026-10-02,25,5,3,2,0.537,False,Tiziana Life Sciences seeks FDA orphan drug status for nasal MSA therapy - Yahoo Finance,Tiziana (TLSA) lines up MS trial for patients failing current drugs with a nasal antibody twist. - Stock Titan,0.0,0.0,0.0,1807.0,2026-10-02 12:21:55.077207
TLX,2026-10-02,0,0,0,0,0.0,True,,,0.0,0.0,0.0,,2026-10-02 12:21:55.990261
TRAW,2026-10-02,2,1,0,1,-1.0,True,,TRAW Q2 2026 Earnings: Narrower-Than-Expected Loss Lifts Shares 2.86% - Earnings Miss Alert - dars.gov.et,0.0,4.0,21.0,49.0,2026-10-02 12:21:57.591664
TYRA,2026-10-02,30,3,1,2,-0.405,True,"Stock grant lifts Tyra Biosciences (NASDAQ: TYRA) finance VP stake to 11,258 shares - Stock Titan",Tyra Biosciences (NASDAQ:TYRA) Trading Down 6.7% on Analyst Downgrade - MarketBeat,2.0,3.0,11.0,17.0,2026-10-02 12:22:00.018457
URGN,2026-10-02,4,0,0,0,0.0,True,,,0.0,2.0,8.0,43.0,2026-10-02 12:22:00.674099
VERA,2026-10-02,10,2,1,1,0.0,True,Vera Therapeutics: Why I'm Sticking With 'Hold' Despite Today's Positive Trutakna Data - Seeking Alpha,"VERA Stock Jumps 16% Premarket – Trutakna Cuts Kidney Disease Progression Risk By 76%, Full FDA Filing Planned In Q4 - Stocktwits",1.0,4.0,14.0,17.0,2026-10-02 12:22:02.048831
VERX,2026-10-02,7,0,0,0,0.0,True,,,1.0,2.0,9.0,1.0,2026-10-02 12:22:02.687867
VIR,2026-10-02,16,0,0,0,0.0,True,,,1.0,3.0,14.0,1.0,2026-10-02 12:22:03.267025
VRTX,2026-10-02,0,0,0,0,0.0,True,,,0.0,3.0,9.0,31.0,2026-10-02 12:22:04.980473
VTRS,2026-10-02,0,0,0,0,0.0,True,,,0.0,1.0,14.0,57.0,2026-10-02 12:22:05.984069
XENE,2026-10-02,37,14,2,12,-0.493,False,"Xenon's AZK Approval Path Unlikely to Be Hurt by Safety Issues, RBC Says - marketscreener.com",Xenon Pharmaceuticals Investigation Notice: SueWallSt Notifies Investors of Pending Investigation Into Xenon Pharmaceuticals (XENE) - PR Newswire,0.0,1.0,13.0,57.0,2026-10-02 12:22:07.349660
ZURA,2026-10-02,0,0,0,0,0.0,True,,,0.0,2.0,20.0,46.0,2026-10-02 12:22:08.875496
ABBV,2026-10-03,94,53,47,6,0.762,False,AbbVie wins FDA approval for Parkinson’s drug from $8.7B Cerevel takeover - BioSpace,AbbVie's ABBV-295 delivers up to 9.8% weight loss in Phase 1 (ABBV:NYSE) - Seeking Alpha,1.0,5.0,15.0,30.0,2026-10-03 12:20:04.763355
ALC,2026-10-03,1,0,0,0,0.0,True,,,0.0,0.0,0.0,,2026-10-03 12:20:10.440064
ALGS,2026-10-03,8,2,0,2,-1.0,True,,ALGS Q2 2026 Earnings: Narrower-Than-Expected Loss Lifts Shares 3.15% - Negative Surprise Momentum - dars.gov.et,1.0,2.0,9.0,18.0,2026-10-03 12:20:11.772064
ALLR,2026-10-03,17,0,0,0,0.0,True,,,4.0,5.0,20.0,2.0,2026-10-03 12:20:13.061006
ALZN,2026-10-03,6,1,0,1,-1.0,True,,"ALZN Q2 2026 Earnings: Wider-Than-Expected Loss for Pre-Revenue Biotech, Shares Still Edge Higher - Earnings Forecast Report - dars.gov.et",1.0,3.0,9.0,4.0,2026-10-03 12:20:13.678552
AMGN,2026-10-03,43,14,10,4,0.41,False,AMGEN ANNOUNCES POSITIVE TOPLINE PHASE 3 RESULTS FOR DAZODALIBEP IN MODERATE-TO-SEVERE SYSTEMIC SJÖGREN'S DISEASE - prnewswire.com,Amgen (AMGN) Stock Sees Modest Fair Value Lift As Analysts Weigh Pipeline Risks - Yahoo Finance,0.0,2.0,10.0,60.0,2026-10-03 12:20:14.396466
ANNX,2026-10-03,11,1,1,0,1.0,True,ANNX Maintained by JP Morgan -- Price Target Raised to $15.00 - GuruFocus,,0.0,4.0,12.0,52.0,2026-10-03 12:20:15.004884
ARDX,2026-10-03,46,25,0,25,-1.0,False,,"INVESTOR ALERT: Pomerantz Law Firm Reminds Investors with Losses on their Investment in Ardelyx, Inc. of Class Action Lawsuit and Upcoming Deadlines – ARDX - FinancialContent",0.0,2.0,10.0,47.0,2026-10-03 12:20:17.124120
ARGX,2026-10-03,26,8,8,0,1.0,False,"argenex (ARGX) FDA Approvals, PDUFA Dates & Drug Alerts 2026 - MarketBeat",,0.0,0.0,0.0,,2026-10-03 12:20:17.786884
ARI,2026-10-03,0,0,0,0,0.0,True,,,2.0,4.0,12.0,4.0,2026-10-03 12:20:18.436734
ARVN,2026-10-03,18,3,1,2,-0.195,True,Press Release: Arvinas Announces Inducement Grant Under Nasdaq Listing Rule 5635(c)(4) - Moomoo,"ARVN Stock Drops On CEO Exit — Retail Is Bullish On New Chief’s Credentials, Dismisses Selloff - Stocktwits",0.0,1.0,16.0,60.0,2026-10-03 12:20:19.207814
ARWR,2026-10-03,17,2,2,0,1.0,True,Arrowhead's plozasiran shows strong results to challenge Ionis in severe hypertriglyceridemia market - Pluang,,0.0,1.0,10.0,60.0,2026-10-03 12:20:20.296700
AVLN,2026-10-03,13,2,2,0,1.0,True,Avalyn Pharma (NASDAQ:AVLN) Upgraded at Raymond James Financial - MarketBeat,,1.0,2.0,6.0,17.0,2026-10-03 12:20:22.657277
AZN,2026-10-03,89,21,15,6,0.47,False,AstraZeneca files for US FDA approval of HUTCHMED lung cancer drug combination - Reuters,"AstraZeneca buys into Summit, UniQure drops on 4-year data, FDA on a roll - BioSpace",0.0,0.0,0.0,,2026-10-03 12:20:24.154492
BFRI,2026-10-03,10,11,11,0,1.0,False,Biofrontera wins FDA approval for Ameluz to treat skin cancer By Investing.com - Investing.com Canada,,1.0,2.0,15.0,19.0,2026-10-03 12:20:27.909848
BIIB,2026-10-03,16,3,2,1,0.085,True,Biogen (BIIB) Reports Promising 52-Week Phase 2 Data for Litifil - GuruFocus,does biogen have a weight loss drug - polskieradio.pl,0.0,1.0,14.0,66.0,2026-10-03 12:20:29.242120
BIOA,2026-10-03,5,0,0,0,0.0,True,,,1.0,2.0,10.0,1.0,2026-10-03 12:20:29.866321
BMEA,2026-10-03,25,22,0,22,-1.0,False,,Biomea Fusion Announces Termination of Proposed Public Offering of Securities - GlobeNewswire,1.0,2.0,11.0,11.0,2026-10-03 12:20:30.662321
BMRN,2026-10-03,32,2,0,2,-1.0,True,,BioMarin drops Voxzogo development for Noonan syndrome as treatment landscape shifts - Fierce Pharma,3.0,8.0,23.0,3.0,2026-10-03 12:20:31.412604
BMY,2026-10-03,50,6,6,0,1.0,False,Bristol Myers Squibb secures expanded US approval for Camzyos - Pharmaceutical Technology,,0.0,1.0,9.0,65.0,2026-10-03 12:20:32.373693
BTAI,2026-10-03,5,1,0,1,-1.0,True,,"Teva’s (TEVA) $125 Million BioXcel Bid Offers Upside, but FDA and Auction Risks Remain - Yahoo Finance",,,,,2026-10-03 12:20:35.357855
CADL,2026-10-03,24,12,9,3,0.296,False,Candel Therapeutics: Strong Buy On Aglatimagene Prostate Cancer BLA Filing In Q4 (CADL) - Seeking Alpha,Why CADL Stock Plunged Nearly 15% In After-Hours Trading Today - Stocktwits,2.0,3.0,13.0,23.0,2026-10-03 12:20:35.983100
CAPR,2026-10-03,61,24,5,19,-0.348,False,Capricor Therapeutics (CAPR) Shares Surge on Positive Phase 3 Da - GuruFocus,"SEPTEMBER 28, 2026 CAPR INVESTOR DEADLINE: Capricor Therapeutics, Inc. Investors with Substantial Losses Have Opportunity to Lead Class Action Lawsuit - prnewswire.com",0.0,5.0,15.0,40.0,2026-10-03 12:20:36.658893
CGEM,2026-10-03,36,3,1,2,-0.687,True,Cullinan Therapeutics (NASDAQ:CGEM) Price Target Raised to $40.00 at BTIG Research - MarketBeat,Cullinan delays early-stage data for arthritis drug (CGEX) - Seeking Alpha,3.0,5.0,16.0,1.0,2026-10-03 12:20:38.531938
CGON,2026-10-03,5,0,0,0,0.0,True,,,0.0,1.0,11.0,58.0,2026-10-03 12:20:40.026077
CL,2026-10-03,43,3,1,2,-0.353,True,Colgate-Palmolive (CL) is Making Room for Its Stronger Growth Engines. Will it Pay Off? - Yahoo Finance,Colgate-Palmolive (India) - Concurrent Losers: 14 midcap stocks decline for 5 consecutive sessions - The Economic Times,0.0,1.0,9.0,64.0,2026-10-03 12:20:40.737940
CRDF,2026-10-03,7,1,1,0,1.0,True,"HC Wainwright Upgrades Cardiff Oncology to Buy From Neutral, Price Target is $9 - Yahoo Finance",,1.0,3.0,14.0,19.0,2026-10-03 12:20:47.333315
CRDL,2026-10-03,21,3,0,3,-1.0,True,,Cardiol Therapeutics Inc. Class A (TSX:CRDL) Slides -5.91% as Investors Reassess Near-Term Catalysts and Risk - kalkine.ca,0.0,0.0,0.0,,2026-10-03 12:20:47.968944
DCTH,2026-10-03,3,0,0,0,0.0,True,,,0.0,2.0,10.0,50.0,2026-10-03 12:20:51.075156
DMAC,2026-10-03,7,1,0,1,-1.0,True,,(DMAC) Risk Channels and Responsive Allocation - Stock Traders Daily,0.0,1.0,7.0,54.0,2026-10-03 12:20:52.274026
DNTH,2026-10-03,13,2,2,0,1.0,True,DNTH Stock Clocks Best Day In Over 3 Months On Strong Nerve Disorder Study Results - Stocktwits,,0.0,1.0,11.0,60.0,2026-10-03 12:20:53.890315
ELDN,2026-10-03,11,2,1,1,0.0,True,"Eledon rises on new mid-stage trial data, FDA fast track status for lead drug - TradingView","No reported rejections followed Eledon’s drug after six months, versus seven for tacrolimus. Phase 3 is expected in Q4 2026. - Stock Titan",0.0,1.0,8.0,51.0,2026-10-03 12:20:56.635668
ENLV,2026-10-03,4,2,0,2,-1.0,True,,Enlivex terminates securities deal with Rain Foundation - Investing.com,0.0,0.0,0.0,,2026-10-03 12:20:57.338080
EWTX,2026-10-03,16,2,1,1,0.0,True,Edgewise Therapeutics Reports Inducement Grants as permitted by the Nasdaq Listing Rules - prnewswire.com,(EWTX) Risk Channels and Responsive Allocation - Stock Traders Daily,0.0,3.0,10.0,58.0,2026-10-03 12:20:59.832994
EXEL,2026-10-03,24,6,1,5,-0.696,False,Exelixis (EXEL) Faces a Three-Month Zanzalintinib Review Extension. Can the Data Support Approval? - Yahoo Finance,Exelixis: Why The 3-Month Delay Is More Negative Than It May Seem (Downgrade) - Seeking Alpha,1.0,3.0,9.0,22.0,2026-10-03 12:21:00.604516
FDMT,2026-10-03,28,4,3,1,0.136,False,Cantor Fitzgerald Upgrades 4D Molecular Therapeutics to Overweight From Neutral - Yahoo Finance,"Insiders At 4D Molecular Therapeutics Sold US$757k In Stock, Alluding To Potential Weakness - Moomoo",1.0,3.0,16.0,5.0,2026-10-03 12:21:01.949652
GEHC,2026-10-03,32,2,1,1,-0.099,True,GE HealthCare (GEHC) Upgraded to Buy: Here's Why - Yahoo Finance,Securities Fraud Investigation Into GE HealthCare Technologies Inc. (GEHC) Continues – Shareholders Who Lost Money Urged To Contact The Law Offices of Frank R. Cruz - WBOC TV,1.0,5.0,13.0,11.0,2026-10-03 12:21:03.166049
GILD,2026-10-03,53,10,6,4,-0.026,False,"Mirum posts phase 3 hepatitis win for ‘commercially differentiated’ challenger to Gilead, Vir - Fierce Biotech",Gilead Sciences Inc. stock outperforms competitors despite losses on the day - MarketWatch,0.0,1.0,10.0,60.0,2026-10-03 12:21:03.847261
GKOS,2026-10-03,18,1,1,0,1.0,True,Stifel reiterates Glaukos stock rating on strong Epioxa survey - Investing.com,,0.0,2.0,10.0,61.0,2026-10-03 12:21:04.499119
GMAB,2026-10-03,17,5,3,2,0.179,False,"Genmab A/S Stock 12‑Month Price Target Raised to $39.56, Implies 14% Upside - TradingView",Precision Trading with Genmab A/s (GMAB) Risk Zones - Stock Traders Daily,0.0,0.0,0.0,,2026-10-03 12:21:05.891369
IBRX,2026-10-03,16,3,3,0,1.0,True,Jefferies upgrades ImmunityBio stock to Strong Buy - AD HOC NEWS,,0.0,2.0,17.0,60.0,2026-10-03 12:21:12.836992
INSM,2026-10-03,23,10,9,1,0.578,False,"FDA Grants Priority Review to Insmed's sNDA for ARIKAYCE® (amikacin liposome inhalation suspension) for Treatment of MAC Lung Disease With PDUFA Target Action Date Set for January 28, 2027 - Insmed Incorporated Investor ",Net income before discontinued operations of Insmed Incorporated – HAN:IM8N - TradingView,0.0,2.0,11.0,58.0,2026-10-03 12:21:17.976340
IONS,2026-10-03,18,9,8,1,0.841,False,Ionis announces positive topline results from Phase 3 FUSION study of ulefnersen marking significant milestone in advancing first potential disease modifying treatment for FUS-ALS - Yahoo Finance,Ionis Pharmaceuticals Eyes TRYNGOLZA Growth as Pipeline Faces Cardio Setbacks - Yahoo Finance,3.0,6.0,20.0,10.0,2026-10-03 12:21:18.704220
IXHL,2026-10-03,0,0,0,0,0.0,True,,,1.0,4.0,27.0,24.0,2026-10-03 12:21:20.541086
KOD,2026-10-03,86,22,22,0,1.0,False,Kodiak Sciences stock soars on positive AMD trial data - Investing.com,,1.0,2.0,8.0,5.0,2026-10-03 12:21:22.544666
KPTI,2026-10-03,8,1,1,0,1.0,True,Karyopharm Therapeutics Reports Inducement Grant Under Nasdaq Listing Rule 5635(c)(4) - prnewswire.com,,2.0,6.0,17.0,15.0,2026-10-03 12:21:23.867589
KRYS,2026-10-03,12,1,1,0,1.0,True,"Krystal Biotech (NASDAQ: KRYS) Grants 1,658 Derivative Securities to Director Catherine Mazzacco - Kalkine Media",,0.0,2.0,10.0,61.0,2026-10-03 12:21:24.571389
KYTX,2026-10-03,31,6,6,0,1.0,False,KYTX Stock Soars After Hours: What’s Driving The Rally? - Stocktwits,,1.0,4.0,22.0,9.0,2026-10-03 12:21:25.236732
LLY,2026-10-03,70,32,5,27,-0.67,False,"Lilly's Jaypirca (pirtobrutinib), the first-and-only approved non-covalent BTK inhibitor, receives expanded indication from U.S. FDA for certain patients with previously untreated CLL/SLL - prnewswire.com","Lilly's weight-loss pill was linked to lower predicted 10-year risk: 57% for diabetes, 18% for heart disease. - Stock Titan",0.0,1.0,7.0,59.0,2026-10-03 12:21:26.636032
LONA,2026-10-03,3,0,0,0,0.0,True,,,1.0,3.0,13.0,11.0,2026-10-03 12:21:27.220422
LTRN,2026-10-03,29,7,0,7,-1.0,False,,Lantern Pharma Disclosed Failure to Satisfy a Continued Listing Rule or Standard - TradingView,4.0,6.0,13.0,2.0,2026-10-03 12:21:28.491625
MIRM,2026-10-03,23,12,11,1,0.952,False,Mirum Pharmaceuticals Announces FDA Approval of Atebrioz and Positive Phase 3 Data for Hepatitis Delta - Kalkine Media,Precision Trading with Mirum Pharmaceuticals Inc. (MIRM) Risk Zones - Stock Traders Daily,2.0,3.0,17.0,5.0,2026-10-03 12:21:35.140701
MSLE,2026-10-03,24,6,0,6,-1.0,False,,"Satellos completes enrollment for Duchenne trial, delays data - Investing.com",0.0,0.0,0.0,,2026-10-03 12:21:38.506028
NAMS,2026-10-03,27,11,10,1,0.948,False,NewAmsterdam Pharma (NAMS) Wins EU Approvals. Can Cholesterol Pills Drive Royalties? - Yahoo Finance,Precision Trading with Newamsterdam Pharma Company N.v. (NAMS) Risk Zones - Stock Traders Daily,2.0,7.0,14.0,4.0,2026-10-03 12:21:39.299461
NKTX,2026-10-03,4,0,0,0,0.0,True,,,0.0,1.0,6.0,54.0,2026-10-03 12:21:40.521227
NTLA,2026-10-03,14,3,3,0,1.0,True,Intellia Therapeutics Reports Inducement Grants Under Nasdaq Listing Rule 5635(c)(4) - Intellia Therapeutics,,2.0,3.0,17.0,25.0,2026-10-03 12:21:43.073664
NVO,2026-10-03,66,13,1,12,-0.905,False,Nanexa shares soar on €1.17 billion Novo Nordisk deal for injection technology - Reuters,Regeneron weight-loss drug halves muscle loss in combination with Novo's semaglutide in trial - Reuters,0.0,0.0,0.0,,2026-10-03 12:21:44.765585
OCGN,2026-10-03,32,7,7,0,1.0,False,Ocugen Receives Provisional Approval and Priority Designation Under the Longevity and Regenerative Therapies Act in The Bahamas to Provide OCU400 to Patients for Treatment of Retinitis Pigmentosa - GlobeNewswire,,2.0,4.0,22.0,10.0,2026-10-03 12:21:46.367261
OLMA,2026-10-03,6,1,1,0,1.0,True,Olema Oncology Reports Inducement Grants Under Nasdaq Listing Rule 5635(c)(4) - GlobeNewswire,,0.0,2.0,15.0,51.0,2026-10-03 12:21:49.088839
OMER,2026-10-03,22,5,5,0,1.0,False,Omeros stock upgraded at Cantor Fitzgerald (OMER:NASDAQ) - Seeking Alpha,,0.0,4.0,13.0,51.0,2026-10-03 12:21:49.842412
ONC,2026-10-03,20,3,3,0,1.0,True,BeOne Medicines Price Target Raised to $445.00/Share From $425.00 by JP Morgan - Moomoo,,0.0,2.0,12.0,38.0,2026-10-03 12:21:50.692014
ORIC,2026-10-03,33,1,1,0,1.0,True,ORIC Pharmaceuticals Reports Inducement Grants under Nasdaq Listing Rule 5635(c)(4) - The Manila Times,,0.0,2.0,10.0,61.0,2026-10-03 12:21:51.361904
PBLS,2026-10-03,11,2,2,0,1.0,True,"PBLS: Zolucatetide advances as a multi-indication therapy, with strong data and broad pipeline expansion - TradingView",,1.0,4.0,5.0,18.0,2026-10-03 12:21:52.709742
PCVX,2026-10-03,18,3,1,2,-0.778,True,Vaxcyte stock holds near recent highs as OPUS-1 Phase 3 data window narrows - AD HOC NEWS,InvestingPro predicted Vaxcyte’s 49% decline two years ago By Investing.com - Investing.com,1.0,3.0,11.0,30.0,2026-10-03 12:21:54.554381
PFE,2026-10-03,78,16,3,13,-0.618,False,Pfizer Scores Promising Win for Experimental Eczema Drug - Yahoo Finance,new pfizer weight loss drug - BusinessWorld Online,0.0,1.0,10.0,60.0,2026-10-03 12:21:55.954575
PRAX,2026-10-03,7,5,5,0,1.0,False,Praxis Precision Medicines: Still Potential Upside After Huge Rally (Rating Upgrade) - Seeking Alpha,,0.0,2.0,22.0,58.0,2026-10-03 12:21:59.905117
RARE,2026-10-03,38,29,28,1,0.894,False,Ultragenyx wins FDA approval for pediatric gene therapy for Sanfilippo syndrome - Seeking Alpha,,1.0,5.0,19.0,16.0,2026-10-03 12:22:01.296351
REGN,2026-10-03,72,27,18,9,0.362,False,Regeneron And Sanofi Announce A Win-Win Collaboration Expansion (NASDAQ:REGN) - Seeking Alpha,Regeneron weight-loss drug halves muscle loss in combination with Novo's semaglutide in trial - Reuters,1.0,3.0,10.0,3.0,2026-10-03 12:22:03.008711
SGIOF,2026-10-03,13,10,10,0,1.0,False,Shionogi’s wins EU approval for COVID-19 post-exposure prophylaxis - European Medical Journal,,0.0,0.0,0.0,,2026-10-03 12:22:07.530093
SLS,2026-10-03,17,10,2,8,-0.569,False,"SELLAS Life Sciences: Valued For Perfection, REGAL Trial Success Probability Priced In - Seeking Alpha","A Sellas immunotherapy study, long delayed, will end in failure - STAT",0.0,2.0,12.0,53.0,2026-10-03 12:22:13.213593
SNY,2026-10-03,60,10,8,2,0.486,False,Spotlight On: Sanofi and Regeneron get cosy again as they look to build on Dupixent success - firstwordpharma.com,"Eli Lilly’s best-ever weight loss data; Sanofi, Regeneron re-up for $1B upfront; and more - Endpoints News",0.0,0.0,0.0,,2026-10-03 12:22:15.370247
SPTX,2026-10-03,17,3,3,0,1.0,True,Raymond James initiates Seaport Therapeutics stock coverage with strong buy on depression drug potential - Investing.com,,0.0,1.0,3.0,61.0,2026-10-03 12:22:16.679209
SYRE,2026-10-03,25,2,1,1,0.099,True,Spyre Therapeutics Announces Grants of Inducement Awards - The Manila Times,SYRE Stock Steadies As SPY003 Trial Data De-Risks IBD Pipeline - StocksToTrade,1.0,3.0,15.0,25.0,2026-10-03 12:22:21.974053
TAK,2026-10-03,20,9,8,1,0.663,False,Takeda Pharmaceutical (TAK) Gets Priority Review. Can Zasocitinib Win in Psoriasis? - Yahoo Finance,,0.0,0.0,0.0,,2026-10-03 12:22:22.696929
TLSA,2026-10-03,23,4,2,2,0.301,False,Tiziana Life Sciences seeks FDA orphan drug status for nasal MSA therapy - Yahoo Finance,Tiziana (TLSA) lines up MS trial for patients failing current drugs with a nasal antibody twist. - Stock Titan,0.0,0.0,0.0,1808.0,2026-10-03 12:22:26.110125
TVTX,2026-10-03,37,1,0,1,-1.0,True,,Investigation launched into Travere Therapeutics officers for possible self-dealing harming shareholders - Pluang,1.0,3.0,13.0,12.0,2026-10-03 12:22:31.572353
TYRA,2026-10-03,27,2,1,1,-0.289,True,"Stock grant lifts Tyra Biosciences (NASDAQ: TYRA) finance VP stake to 11,258 shares - Stock Titan",Tyra Biosciences (NASDAQ:TYRA) Trading Down 6.7% on Analyst Downgrade - MarketBeat,2.0,3.0,11.0,18.0,2026-10-03 12:22:32.182082
VERA,2026-10-03,14,3,2,1,0.729,True,Vera Therapeutics Announces Inducement Grants Under Nasdaq Listing Rule 5635(c)(4) - GlobeNewswire,"VERA Stock Jumps 16% Premarket – Trutakna Cuts Kidney Disease Progression Risk By 76%, Full FDA Filing Planned In Q4 - TradingView",1.0,4.0,14.0,18.0,2026-10-03 12:22:33.596524
VTVT,2026-10-03,9,2,2,0,1.0,True,vTv Therapeutics (NASDAQ:VTVT) Upgraded to Hold at Wall Street Zen - MarketBeat,,0.0,1.0,10.0,58.0,2026-10-03 12:22:38.746848
XENE,2026-10-03,45,15,3,12,-0.225,False,Xenon Pharmaceuticals Reports Inducement Grants Under Nasdaq Listing Rule 5635(c)(4) - GlobeNewswire,Xenon Pharmaceuticals Investigation Notice: SueWallSt Notifies Investors of Pending Investigation Into Xenon Pharmaceuticals (XENE) - prnewswire.com,0.0,1.0,13.0,58.0,2026-10-03 12:22:40.185694
ZYME,2026-10-03,24,4,4,0,1.0,False,Zymeworks Completes Acquisition of Theravance Biopharma - GlobeNewswire,,1.0,3.0,14.0,10.0,2026-10-03 12:22:42.480249
ABBV,2026-10-05,76,40,36,4,0.8,False,AbbVie wins FDA approval for Parkinson’s drug from $8.7B Cerevel takeover - BioSpace,AbbVie's ABBV-295 delivers up to 9.8% weight loss in Phase 1 (ABBV:NYSE) - Seeking Alpha,0.0,4.0,14.0,32.0,2026-10-05 12:20:44.793617
ABCL,2026-10-05,17,1,1,0,1.0,True,ABCL Stock Surges 121% in 3 Months: Here's What You Need to Know - Yahoo Finance,,0.0,5.0,16.0,53.0,2026-10-05 12:20:45.678526
ABVX,2026-10-05,29,4,1,3,-0.714,False,,ABVX Investors Have Opportunity to Join Abivax S.A. Fraud Investigation with the Schall Law Firm - Eastern Progress,0.0,0.0,0.0,,2026-10-05 12:20:47.132976
ALDX,2026-10-05,12,6,1,5,-0.667,False,Aldeyra Therapeutics Stock Surges as It Files an FDA Dispute Resolution - Aldeyra Therapeutics (NASDAQ:AL - Benzinga,Aldeyra to appeal FDA rejection of reproxalap as a treatment for dry eye disease - Ophthalmology Times,1.0,3.0,12.0,6.0,2026-10-05 12:20:50.837623
ALGS,2026-10-05,8,4,0,4,-1.0,False,,ALGS Q2 2026 Earnings: Narrower-Than-Expected Loss Lifts Shares 3.15% - Negative Surprise Momentum - dars.gov.et,1.0,2.0,9.0,20.0,2026-10-05 12:20:51.497374
ALLR,2026-10-05,12,2,2,0,1.0,True,"Allarity Therapeutics Granted Japanese Patent for Stenoparib DRP® Companion Diagnostic, Further Strengthening Stenoparib Development - Investing News Network",,4.0,5.0,20.0,4.0,2026-10-05 12:20:52.734066
AMGN,2026-10-05,39,11,8,3,0.531,False,AMGEN ANNOUNCES POSITIVE TOPLINE PHASE 3 RESULTS FOR DAZODALIBEP IN MODERATE-TO-SEVERE SYSTEMIC SJÖGREN'S DISEASE - PR Newswire,Amgen (AMGN) Stock Sees Modest Fair Value Lift As Analysts Weigh Pipeline Risks - Yahoo Finance,0.0,2.0,10.0,62.0,2026-10-05 12:20:54.182264
ARVN,2026-10-05,23,4,2,2,-0.011,False,Press Release: Arvinas Announces Inducement Grant Under Nasdaq Listing Rule 5635(c)(4) - Moomoo,"ARVN Stock Drops On CEO Exit — Retail Is Bullish On New Chief’s Credentials, Dismisses Selloff - Stocktwits",0.0,1.0,16.0,62.0,2026-10-05 12:20:58.963907
ATOS,2026-10-05,14,6,5,1,0.678,False,Atossa Therapeutics Announces Plan to Issue Stapled CVR for Shareholders Tied to Potential Rare Pediatric Disease Priority Review Voucher - PR Newswire,"Discontinued operations of Atossa Therapeutics, Inc. – HAN:YAG - tradingview.com",2.0,3.0,17.0,6.0,2026-10-05 12:21:00.727015
AZN,2026-10-05,81,17,12,5,0.463,False,AstraZeneca files for US FDA approval of HUTCHMED lung cancer drug combination - Reuters,"AstraZeneca buys into Summit, UniQure drops on 4-year data, FDA on a roll - BioSpace",0.0,0.0,0.0,,2026-10-05 12:21:04.245260
BFRI,2026-10-05,8,7,7,0,1.0,False,Biofrontera wins FDA approval for Ameluz to treat skin cancer By Investing.com - Investing.com UK,,1.0,2.0,15.0,21.0,2026-10-05 12:21:07.963919
BIIB,2026-10-05,15,3,2,1,-0.063,True,Biogen (BIIB) Reports Promising 52-Week Phase 2 Data for Litifil - gurufocus.com,does biogen have a weight loss drug - polskieradio.pl,0.0,1.0,14.0,68.0,2026-10-05 12:21:09.234291
BMEA,2026-10-05,30,24,0,24,-1.0,False,,Biomea Fusion Announces Termination of Proposed Public Offering of Securities - GlobeNewswire,1.0,2.0,11.0,13.0,2026-10-05 12:21:10.618217
BNTX,2026-10-05,39,5,1,4,-0.753,False,,BioNTech Stock Recently Got Downgraded. But Is Wall Street Underestimating Its Cancer Pipeline? - Yahoo Finance,0.0,0.0,0.0,,2026-10-05 12:21:12.940719
BRTX,2026-10-05,2,2,0,2,-1.0,True,,BioRestorative Therapies Inc expected to post a loss of $2.50 a share - Earnings Preview - tradingview.com,2.0,7.0,15.0,24.0,2026-10-05 12:21:14.108424
BTAI,2026-10-05,3,0,0,0,0.0,True,,,,,,,2026-10-05 12:21:14.822752
CADL,2026-10-05,23,10,8,2,0.288,False,Candel Therapeutics: Strong Buy On Aglatimagene Prostate Cancer BLA Filing In Q4 (CADL) - Seeking Alpha,Candel Therapeutics Announces Integrated Clinical and Biomarker Data That Showed Durable Local and Systemic Immune Activation after Aglatimagene Besadenovec in Intermediate-Risk Localized Prostate Cancer - The Manila Tim,2.0,3.0,13.0,25.0,2026-10-05 12:21:15.426567
CAPR,2026-10-05,59,28,6,22,-0.404,False,Capricor Therapeutics (CAPR) Shares Surge on Positive Phase 3 Da - gurufocus.com,"SEPTEMBER 28, 2026 CAPR INVESTOR DEADLINE: Capricor Therapeutics, Inc. Investors with Substantial Losses Have Opportunity to Lead Class Action Lawsuit - PR Newswire",0.0,5.0,15.0,42.0,2026-10-05 12:21:16.237466
CGON,2026-10-05,5,1,1,0,1.0,True,"CGON: Durable efficacy, operational simplicity, and pivotal trial catalysts drive strong outlook - tradingview.com",,0.0,1.0,11.0,60.0,2026-10-05 12:21:19.305497
CL,2026-10-05,38,2,1,1,0.377,True,Colgate-Palmolive (CL) is Making Room for Its Stronger Growth Engines. Will it Pay Off? - Yahoo Finance,Colgate-Palmolive Company(NYSE: CL) dropped from S&P 100 - marketscreener.com,0.0,1.0,9.0,66.0,2026-10-05 12:21:19.976325
CLDX,2026-10-05,31,12,10,2,0.77,False,Celldex Announces Positive Results from Phase 3 EMBARQ-CSU1 - GlobeNewswire,"SHAREHOLDER ALERT: Purcell & Lefkowitz LLP Announces Shareholder Investigation of Celldex Therapeutics, Inc. (NASDAQ: CLDX) - Eastern Progress",1.0,3.0,8.0,13.0,2026-10-05 12:21:20.794405
CORT,2026-10-05,28,4,2,2,0.054,False,Strong Commercial Execution and Pipeline Opportunities Propel Corcept Therapeutics (CORT) - Yahoo Finance,Corcept Therapeutics Incorporated(NasdaqCM: CORT) dropped from S&P 600 Health Care - marketscreener.com,1.0,2.0,14.0,12.0,2026-10-05 12:21:24.783283
CRBP,2026-10-05,0,0,0,0,0.0,True,,,1.0,2.0,19.0,21.0,2026-10-05 12:21:26.152113
CRDL,2026-10-05,20,6,1,5,-0.841,False,,Fewer relapses in heart trial push Cardiol Therapeutics (CRDL) to add patients and delay results - Stock Titan,0.0,0.0,0.0,,2026-10-05 12:21:27.553495
CSLLY,2026-10-05,7,0,0,0,0.0,True,,,0.0,0.0,0.0,,2026-10-05 12:21:28.244033
DBVT,2026-10-05,26,6,3,3,-0.196,False,"DBV Submits Viaskin Allergy Patch to FDA, in Bid for Approval - Allergic Living","DBV Technologies shares decline nearly 3%, among the largest drops in the SBF 120 - Ideal Investisseur",1.0,2.0,13.0,5.0,2026-10-05 12:21:29.693537
DNLI,2026-10-05,2,2,2,0,1.0,True,"Denali Therapeutics Receives FDA Approval for AVLAYAH™, First New Treatment for Hunter Syndrome in Nearly 20 Years - Quiver Quantitative",,0.0,2.0,16.0,60.0,2026-10-05 12:21:31.975962
EIKN,2026-10-05,8,0,0,0,0.0,True,,,0.0,3.0,8.0,52.0,2026-10-05 12:21:34.594904
ELDN,2026-10-05,13,3,2,1,0.333,True,"Eledon Pharmaceuticals, Inc. Presents Updated Long-Term Phase 2 BESTOW Extension Study Results For Tegoprubart And Announces FDA Fast Track Designation - marketscreener.com","No reported rejections followed Eledon’s drug after six months, versus seven for tacrolimus. Phase 3 is expected in Q4 2026. - Stock Titan",0.0,1.0,8.0,53.0,2026-10-05 12:21:35.239382
ENLV,2026-10-05,5,3,0,3,-1.0,True,,Enlivex terminates securities deal with Rain Foundation - Investing.com,0.0,0.0,0.0,,2026-10-05 12:21:35.747217
EWTX,2026-10-05,16,3,2,1,0.17,True,Edgewise Therapeutics Reports Inducement Grants as permitted by the Nasdaq Listing Rules - PR Newswire,(EWTX) Risk Channels and Responsive Allocation - Stock Traders Daily,0.0,3.0,10.0,60.0,2026-10-05 12:21:37.610796
EYPT,2026-10-05,4,1,0,1,-1.0,True,,EyePoint Pharmaceuticals stock holds at USD 3.25 after loss - AD HOC NEWS,1.0,5.0,19.0,25.0,2026-10-05 12:21:38.801851
GILD,2026-10-05,45,6,3,3,-0.356,False,"CEO O’Day tells Fierce how Gilead’s cancer, inflammation expansion has reached ‘critical mass’ - Fierce Biotech",Gilead Sciences (GILD) Declines More Than Market: Some Information for Investors - Yahoo Finance,0.0,1.0,10.0,62.0,2026-10-05 12:21:41.243015
GMAB,2026-10-05,35,8,6,2,0.624,False,Why is Genmab stock rallying today? - Investing.com,Genmab (CPSE:GMAB) Stock Sees Modest Fair Value Cut As Analysts Weigh Pipeline Risks - Yahoo Finance,0.0,0.0,0.0,,2026-10-05 12:21:43.205314
IBRX,2026-10-05,20,5,3,2,0.085,False,Jefferies upgrades ImmunityBio stock to Strong Buy - AD HOC NEWS,ImmunityBio Founder Pushes Back After FDA Warning Letter Over Anktiva Claims — Says Ad 'Never Aired At All' - Stocktwits,0.0,2.0,17.0,62.0,2026-10-05 12:21:49.660771
IDYA,2026-10-05,16,2,1,1,-0.289,True,IDEAYA Biosciences Announces Inducement Grants under Nasdaq Listing Rule 5635(c)(4) - Santa Maria Times,IDEAYA Biosciences stock reports Q2 revenue growth despite loss - AD HOC NEWS,0.0,1.0,16.0,62.0,2026-10-05 12:21:50.325750
IGC,2026-10-05,0,0,0,0,0.0,True,,,0.0,1.0,11.0,83.0,2026-10-05 12:21:51.094167
IMUX,2026-10-05,1,0,0,0,0.0,True,,,2.0,4.0,21.0,24.0,2026-10-05 12:21:52.104032
INCY,2026-10-05,16,3,2,1,0.33,True,"Incyte: Priced For Success, With No Margin Of Safety (NASDAQ:INCY) - Seeking Alpha","Incyte's Colorectal Cancer Program Remains Risky, Long-Term, RBC Says - marketscreener.com",0.0,2.0,13.0,35.0,2026-10-05 12:21:53.375326
INSM,2026-10-05,24,9,9,0,1.0,False,"FDA Grants Priority Review to Insmed's sNDA for ARIKAYCE® (amikacin liposome inhalation suspension) for Treatment of MAC Lung Disease With PDUFA Target Action Date Set for January 28, 2027 - Insmed Incorporated Investor ",,1.0,3.0,12.0,0.0,2026-10-05 12:21:54.722732
IONS,2026-10-05,18,10,9,1,0.858,False,Ionis announces positive topline results from Phase 3 FUSION study of ulefnersen marking significant milestone in advancing first potential disease modifying treatment for FUS-ALS - Yahoo Finance,Ionis Pharmaceuticals Eyes TRYNGOLZA Growth as Pipeline Faces Cardio Setbacks - Yahoo Finance,1.0,6.0,20.0,12.0,2026-10-05 12:21:55.341812
IRON,2026-10-05,10,1,0,1,-1.0,True,,"Rosen Law Firm Encourages Disc Medicine, Inc. Investors to Inquire About Securities Class Action Investigation - IRON - PR Newswire",1.0,2.0,16.0,25.0,2026-10-05 12:21:56.724802
KOD,2026-10-05,77,16,16,0,1.0,False,Kodiak Sciences (KOD) Surges 138% in September Amid Strong Insider Buying and High Price-to-Sales Ratio - gurufocus.com,,1.0,2.0,8.0,7.0,2026-10-05 12:21:59.369199
KYTX,2026-10-05,30,7,6,1,0.448,False,KYTX Stock Soars After Hours: What’s Driving The Rally? - Stocktwits,Weighing the risks of CAR T in autoimmune disease as Kyverna nears market - BioSpace,1.0,4.0,22.0,11.0,2026-10-05 12:22:02.184607
LLY,2026-10-05,63,27,7,20,-0.394,False,Lilly Secures FDA Approval to Expand Jaypirca Indication - Intellectia AI,"Lilly's weight-loss pill was linked to lower predicted 10-year risk: 57% for diabetes, 18% for heart disease. - Stock Titan",0.0,1.0,7.0,61.0,2026-10-05 12:22:03.541428
LTRN,2026-10-05,28,8,0,8,-1.0,False,,Lantern Pharma Disclosed Failure to Satisfy a Continued Listing Rule or Standard - tradingview.com,4.0,6.0,13.0,4.0,2026-10-05 12:22:05.434402
MIRM,2026-10-05,22,11,11,0,1.0,False,Mirum Pharmaceuticals Announces FDA Approval of Atebrioz and Positive Phase 3 Data for Hepatitis Delta - Kalkine Media,,2.0,3.0,17.0,7.0,2026-10-05 12:22:11.857404
MSLE,2026-10-05,29,8,0,8,-1.0,False,,"Satellos completes enrollment for Duchenne trial, delays data - Investing.com",0.0,0.0,0.0,,2026-10-05 12:22:15.843725
NAMS,2026-10-05,25,11,10,1,0.899,False,NewAmsterdam Pharma (NAMS) Wins EU Approvals. Can Cholesterol Pills Drive Royalties? - Yahoo Finance,NAMS Q2 2026 Earnings: Wider-Than-Expected Loss as Clinical-Stage Spending Continues - Guidance vs Actual - dars.gov.et,2.0,7.0,14.0,6.0,2026-10-05 12:22:16.523844
NBIX,2026-10-05,30,2,2,0,1.0,True,Ruder Finn Wins Neurocrine Biosciences US AOR - PRovoke Media,,1.0,3.0,10.0,7.0,2026-10-05 12:22:17.183065
NPCE,2026-10-05,10,2,2,0,1.0,True,"NeuroPace (NASDAQ:NPCE) Upgraded to ""Strong-Buy"" at KeyCorp - MarketBeat",,0.0,2.0,6.0,55.0,2026-10-05 12:22:18.379531
NTLA,2026-10-05,16,2,2,0,1.0,True,Intellia Therapeutics Reports Inducement Grants Under Nasdaq Listing Rule 5635(c)(4) - GlobeNewswire,,1.0,3.0,17.0,27.0,2026-10-05 12:22:19.555847
NUVB,2026-10-05,11,6,6,0,1.0,False,Nuvation Bio Announces FDA Approval of Supplemental New Drug Application for IBTROZI® (taletrectinib) with Updated Duration of Response in TKI-Naïve Advanced ROS1-Positive Non-Small Cell Lung Cancer - PR Newswire,,0.0,1.0,10.0,60.0,2026-10-05 12:22:20.190353
NVO,2026-10-05,53,11,2,9,-0.58,False,Nanexa shares soar on €1.17 billion Novo Nordisk deal for injection technology - Reuters,Regeneron weight-loss drug halves muscle loss in combination with Novo's semaglutide in trial - Reuters,0.0,0.0,0.0,,2026-10-05 12:22:20.845793
OCGN,2026-10-05,27,2,2,0,1.0,True,"Ocugen Receives Provisional Approval and Priority Designation Under the Longevity and Regenerative Therapies Act in The Bahamas to Provide OCU400 to Patients for Treatment of Retinitis Pigmentosa - Ocugen, Inc.",,2.0,4.0,22.0,12.0,2026-10-05 12:22:23.809443
OLMA,2026-10-05,7,2,1,1,0.0,True,Olema Oncology Reports Inducement Grants Under Nasdaq Listing Rule 5635(c)(4) - GlobeNewswire,Olema stock falls 12.9% as Q2 loss widens to $63.2M on R&D spend - scanx.trade,0.0,2.0,15.0,53.0,2026-10-05 12:22:26.710023
OMER,2026-10-05,23,4,4,0,1.0,False,Omeros stock upgraded at Cantor Fitzgerald (OMER:NASDAQ) - Seeking Alpha,,0.0,3.0,13.0,53.0,2026-10-05 12:22:27.330341
ONC,2026-10-05,22,5,5,0,1.0,False,"BeOne Medicines: Pivotal oncology pipeline, strong BRUKINSA growth, and global expansion drive raised outlook - tradingview.com",,0.0,2.0,12.0,40.0,2026-10-05 12:22:28.059546
ORIC,2026-10-05,32,3,2,1,-0.014,True,ORIC Pharmaceuticals Reports Inducement Grants under Nasdaq Listing Rule 5635(c)(4) - The Manila Times,ORIC Falls After Hours On Safety Concerns Around Prostate Cancer Candidate At Higher Doses - Stocktwits,0.0,2.0,10.0,63.0,2026-10-05 12:22:28.736322
PBLS,2026-10-05,10,0,0,0,0.0,True,,,1.0,4.0,5.0,20.0,2026-10-05 12:22:29.943374
PCSA,2026-10-05,3,0,0,0,0.0,True,,,1.0,3.0,7.0,0.0,2026-10-05 12:22:31.243697
PCVX,2026-10-05,35,13,9,4,0.46,False,"Vaxcyte Reports Positive Topline Data from OPUS-1, the Pivotal Adult Phase 3 Trial of VAX-31, the Company's 31-Valent Pneumococcal Conjugate Vaccine Candidate - Investing News Network","S&P 500 Futures Decline in Premarket Trading; Vaxcyte, PTC Lead - Barron's",1.0,4.0,12.0,0.0,2026-10-05 12:22:31.891600
PFE,2026-10-05,85,16,5,11,-0.351,False,Pfizer Scores Promising Win for Experimental Eczema Drug - Yahoo Finance,"Pfizer, Moderna lose bids to escape Bayer US mRNA patent lawsuit - Reuters",0.0,1.0,10.0,62.0,2026-10-05 12:22:33.154312
PII,2026-10-05,2,1,0,1,-1.0,True,,Polaris Group(TWSE: 6550) dropped from S&P Global BMI Index - marketscreener.com,0.0,1.0,9.0,69.0,2026-10-05 12:22:35.159042
PRAX,2026-10-05,8,1,1,0,1.0,True,"Praxis Precision Medicines, Inc. Announces Inducement Grants Under Nasdaq Listing Rule 5635(c)(4) - Yahoo Finance UK",,0.0,2.0,22.0,60.0,2026-10-05 12:22:36.301163
QNRX,2026-10-05,11,7,5,2,0.515,False,FDA Grants Quoin Pharmaceuticals Fast Track Designation for QRX003 in Peeling Skin Syndrome - Minichart,Potential dilution looms as Quoin (NASDAQ: QNRX) registers ADS resales tied to warrant exercises - Stock Titan,2.0,5.0,16.0,13.0,2026-10-05 12:22:37.051171
RARE,2026-10-05,34,27,26,1,0.886,False,Ultragenyx's $4 million gene therapy wins FDA approval for a rare brain and nervous system disorder - The Business Journals,,1.0,5.0,19.0,18.0,2026-10-05 12:22:37.855959
RCUS,2026-10-05,21,2,2,0,1.0,True,Wall Street Zen upgrades Arcus Biosciences stock to Hold - AD HOC NEWS,,0.0,1.0,12.0,61.0,2026-10-05 12:22:38.485937
REGN,2026-10-05,73,29,17,12,0.232,False,Regeneron And Sanofi Announce A Win-Win Collaboration Expansion (NASDAQ:REGN) - Seeking Alpha,Regeneron weight-loss drug halves muscle loss in combination with Novo's semaglutide in trial - Reuters,1.0,2.0,10.0,5.0,2026-10-05 12:22:39.237138
RGNX,2026-10-05,18,4,4,0,1.0,False,REGENXBIO Presents Positive Three-Year Durability Data for Surabgene Lomparvovec in Diabetic Retinopathy at Retina Society Annual Scientific Meeting - PR Newswire,,1.0,5.0,13.0,12.0,2026-10-05 12:22:39.799919
RPRX,2026-10-05,41,0,0,0,0.0,True,,,0.0,1.0,9.0,61.0,2026-10-05 12:22:41.054732
SGIOF,2026-10-05,22,12,12,0,1.0,False,"Shionogi & Co., Ltd.- Shionogi Continues Rare Disease Expansion With Planned Acquisition Of Intrabio Inc - tradingview.com",,0.0,0.0,0.0,,2026-10-05 12:22:43.039877
SKBBY,2026-10-05,1,1,0,1,-1.0,True,,Kelun-Biotech’s Trastuzumab Botidotin Cuts Progression Risk by 61% in Phase III Breast Cancer Study - BioPharma APAC,0.0,0.0,0.0,,2026-10-05 12:22:45.021340
SLDB,2026-10-05,10,3,3,0,1.0,True,Solid Biosciences Reports Inducement Grants Under Nasdaq Listing Rule 5635(c)(4) - Yahoo Finance,,0.0,1.0,6.0,60.0,2026-10-05 12:22:46.820251
SLS,2026-10-05,19,7,3,4,0.462,False,SLS Stock Rises Overnight: Traders Rally Behind Jim Cramer's 'Two Thumbs Up' Call Ahead Of Key AML Readout - Stocktwits,"A Sellas immunotherapy study, long delayed, will end in failure - STAT",0.0,2.0,11.0,55.0,2026-10-05 12:22:48.234126
SNY,2026-10-05,0,0,0,0,0.0,True,,,0.0,0.0,0.0,,2026-10-05 12:22:50.312152
SPTX,2026-10-05,19,4,4,0,1.0,False,Raymond James initiates Seaport Therapeutics stock coverage with strong buy on depression drug potential - Investing.com,,0.0,1.0,3.0,63.0,2026-10-05 12:22:51.616961
SRPT,2026-10-05,14,3,2,1,0.778,True,Sarepta Therapeutics Announces Inducement Grants Under Nasdaq Listing Rule 5635(c)(4) - Business Wire,Sarepta Bats Away Investors’ Duchenne Therapy Safety Lawsuit (1) - Bloomberg Law News,1.0,3.0,12.0,12.0,2026-10-05 12:22:52.327770
STOK,2026-10-05,24,8,6,2,0.391,False,"Stoke Therapeutics Appoints Bo Cumbo to its Board of Directors, Enhancing Commercial Expertise as the Company Advances Zorevunersen Development Toward Potential FDA Approval and Commercialization - Business Wire",(STOK) Risk Channels and Responsive Allocation - Stock Traders Daily,1.0,3.0,14.0,10.0,2026-10-05 12:22:53.524531
TLSA,2026-10-05,21,3,2,1,0.644,True,Tiziana Life Sciences seeks FDA orphan drug status for nasal MSA therapy - Yahoo Finance,Tiziana (TLSA) lines up MS trial for patients failing current drugs with a nasal antibody twist. - Stock Titan,0.0,0.0,0.0,1810.0,2026-10-05 12:23:00.178584
TRAW,2026-10-05,2,2,0,2,-1.0,True,,Why Did TRAW Stock Slump 28% After Hours? - Stocktwits,0.0,4.0,21.0,52.0,2026-10-05 12:23:03.072908
TTRX,2026-10-05,10,3,2,1,0.245,True,Turn Therapeutics (NASDAQ:TTRX) Stock Rating Upgraded by Lucid Cap Mkts - MarketBeat,Turn Therapeutics (NASDAQ:TTRX) Cut to Sell at Wall Street Zen - MarketBeat,2.0,7.0,25.0,25.0,2026-10-05 12:23:03.738145
TVTX,2026-10-05,36,2,0,2,-1.0,True,,Investigation launched into Travere Therapeutics officers for possible self-dealing harming shareholders - pluang.com,1.0,3.0,13.0,14.0,2026-10-05 12:23:04.986290
VERA,2026-10-05,16,6,5,1,0.807,False,Vera set for full FDA approval of Trutakna after late-stage trial win - Seeking Alpha,"VERA Stock Jumps 16% Premarket – Trutakna Cuts Kidney Disease Progression Risk By 76%, Full FDA Filing Planned In Q4 - Stocktwits",1.0,4.0,14.0,20.0,2026-10-05 12:23:06.899925
VSTM,2026-10-05,24,2,1,1,0.049,True,Verastem (VSTM) Shares React to Positive Two-Year Phase 2 RAMP 201 Study Results in Ovarian Cancer - gurufocus.com,Understanding the Setup: (VSTM) and Scalable Risk - Stock Traders Daily,0.0,2.0,15.0,59.0,2026-10-05 12:23:10.461056
VTVT,2026-10-05,12,3,2,1,0.269,True,vTv Therapeutics (NASDAQ:VTVT) Upgraded to Hold at Wall Street Zen - MarketBeat,vTv Therapeutics Q2 2026 Earnings: Wider-Than-Expected Loss as Clinical-Stage Biotech Remains Pre-Revenue - siam.in,0.0,1.0,10.0,60.0,2026-10-05 12:23:11.563447
XENE,2026-10-05,43,13,3,10,-0.177,False,Xenon Pharmaceuticals Reports Inducement Grants Under Nasdaq Listing Rule 5635(c)(4) - GlobeNewswire,Xenon Pharmaceuticals Investigation Notice: SueWallSt Notifies Investors of Pending Investigation Into Xenon Pharmaceuticals (XENE) - PR Newswire,0.0,1.0,13.0,60.0,2026-10-05 12:23:13.040135
ZYME,2026-10-05,25,2,2,0,1.0,True,Zymeworks Completes Acquisition of Theravance Biopharma - GlobeNewswire,,1.0,3.0,14.0,12.0,2026-10-05 12:23:15.361245
ABBV,2026-10-06,76,31,25,6,0.508,False,AbbVie wins FDA approval for Parkinson’s drug from $8.7B Cerevel takeover - BioSpace,"Genmab, AbbVie blood cancer drug combo cuts risk of progression or death in late-stage study - Reuters",1.0,5.0,15.0,1.0,2026-10-06 12:20:25.445014
ABVX,2026-10-06,26,5,1,4,-0.744,False,,ABVX Investors Have Opportunity to Join Abivax S.A. Fraud Investigation with the Schall Law Firm - Eastern Progress,0.0,0.0,0.0,,2026-10-06 12:20:27.863256
ADAG,2026-10-06,15,3,2,1,0.333,True,Adagene (NASDAQ: ADAG) Obtains NMPA IND Approval for ADG138 Phase 1 Trial in Advanced Solid Tumors - Kalkine Media,Adagene Announces NMPA Clearance of Investigational New - GlobeNewswire,0.0,0.0,0.0,,2026-10-06 12:20:30.323213
ALDX,2026-10-06,15,7,1,6,-0.714,False,Aldeyra Therapeutics Stock Surges as It Files an FDA Dispute Resolution - Aldeyra Therapeutics (NASDAQ:AL - Benzinga,Aldeyra to appeal FDA rejection of reproxalap as a treatment for dry eye disease - Ophthalmology Times,1.0,3.0,12.0,7.0,2026-10-06 12:20:31.763895
ALLR,2026-10-06,9,0,0,0,0.0,True,,,4.0,5.0,20.0,5.0,2026-10-06 12:20:35.072082
AMGN,2026-10-06,52,13,11,2,0.684,False,AMGEN ANNOUNCES POSITIVE TOPLINE PHASE 3 RESULTS FOR DAZODALIBEP IN MODERATE-TO-SEVERE SYSTEMIC SJÖGREN'S DISEASE - PR Newswire,Amgen Drug Meets Goals of Key Test in Common Autoimmune Disease With No Approved Meds - MedCity News,0.0,2.0,10.0,63.0,2026-10-06 12:20:36.727650
ARDX,2026-10-06,50,19,0,19,-1.0,False,,"ARDX STOCKHOLDER ALERT: Bronstein, Gewirtz and Grossman, LLC Announces that Ardelyx, Inc. Investors with Substantial Losses Have Opportunity to Lead Class Action Lawsuit! - ACCESS Newswire",0.0,2.0,10.0,50.0,2026-10-06 12:20:39.670886
ARGX,2026-10-06,23,6,6,0,1.0,False,Argenx Implements Decentralized Decision-Making to Maintain Research Agility During Commercial Expansion - geneonline.com,,0.0,0.0,0.0,,2026-10-06 12:20:40.383603
ARVN,2026-10-06,25,5,3,2,0.245,False,Press Release: Arvinas Announces Inducement Grant Under Nasdaq Listing Rule 5635(c)(4) - Moomoo,"ARVN Stock Drops On CEO Exit — Retail Is Bullish On New Chief’s Credentials, Dismisses Selloff - Stocktwits",0.0,1.0,16.0,63.0,2026-10-06 12:20:41.058682
AZN,2026-10-06,82,8,5,3,0.213,False,AstraZeneca files for US FDA approval of HUTCHMED lung cancer drug combination - Reuters,"AstraZeneca buys into Summit, UniQure drops on 4-year data, FDA on a roll - BioSpace",0.0,0.0,0.0,,2026-10-06 12:20:46.041234
BFRI,2026-10-06,6,2,2,0,1.0,True,Biofrontera stock gets FDA approval for skin cancer treatment - Investing.com India,,1.0,2.0,15.0,22.0,2026-10-06 12:20:50.061050
BMEA,2026-10-06,31,26,0,26,-1.0,False,,Biomea Fusion Announces Termination of Proposed Public Offering of Securities - GlobeNewswire,1.0,2.0,11.0,14.0,2026-10-06 12:20:53.035272
BMY,2026-10-06,50,6,2,4,-0.477,False,What Does Bristol Myers Squibb (BMY) Gain From Its Broader Heart Drug Approval? - Simply Wall Street,Bristol-Myers Squibb shares slide as Leerink Partners downgrades on pipeline doubt - Yahoo Finance,0.0,1.0,9.0,68.0,2026-10-06 12:20:56.918605
BNTX,2026-10-06,36,4,1,3,-0.682,False,,BioNTech Stock Recently Got Downgraded. But Is Wall Street Underestimating Its Cancer Pipeline? - Yahoo Finance,0.0,0.0,0.0,,2026-10-06 12:20:57.703873
CADL,2026-10-06,17,8,7,1,0.566,False,Candel Therapeutics: Strong Buy On Aglatimagene Prostate Cancer BLA Filing In Q4 (CADL) - Seeking Alpha,Candel Therapeutics Announces Integrated Clinical and Biomarker Data That Showed Durable Local and Systemic Immune Activation after Aglatimagene Besadenovec in Intermediate-Risk Localized Prostate Cancer - The Manila Tim,2.0,3.0,13.0,26.0,2026-10-06 12:21:00.648461
CAPR,2026-10-06,60,32,5,27,-0.505,False,Capricor Therapeutics (CAPR) Shares Surge on Positive Phase 3 Da - GuruFocus,Capricor drops as deramiocel OLE data fails to quell regulatory concerns - Seeking Alpha,0.0,5.0,15.0,43.0,2026-10-06 12:21:01.432030
CGEM,2026-10-06,30,3,1,2,0.049,True,Up to $100M hinges on first-line approval as Cullinan (CGEM) starts a lung cancer drug submission. - Stock Titan,Cullinan delays early-stage data for arthritis drug (CGEX) - Seeking Alpha,3.0,5.0,16.0,4.0,2026-10-06 12:21:03.251496
CGON,2026-10-06,4,0,0,0,0.0,True,,,0.0,1.0,11.0,61.0,2026-10-06 12:21:04.925301
CL,2026-10-06,39,3,1,2,-0.421,True,Colgate-Palmolive (CL) is Making Room for Its Stronger Growth Engines. Will it Pay Off? - Yahoo Finance,Colgate-Palmolive (NYSE:CL) Price Target Cut to $90.00 by Analysts at Wells Fargo & Company - marketbeat.com,0.0,1.0,9.0,67.0,2026-10-06 12:21:05.668547
CLDX,2026-10-06,32,13,11,2,0.815,False,Celldex Announces Positive Results from Phase 3 EMBARQ-CSU1 - GlobeNewswire,"SHAREHOLDER ALERT: Purcell & Lefkowitz LLP Announces Shareholder Investigation of Celldex Therapeutics, Inc. (NASDAQ: CLDX) - Eastern Progress",1.0,3.0,8.0,14.0,2026-10-06 12:21:06.545177
CNSY,2026-10-06,30,9,8,1,0.747,False,CNSY: Commercial Rollout And CNS Cancer Testing Expansion Still Support Future Upside - Simply Wall Street,Cerenome Price Target Cut to $31.00/Share From $50.00 by Lake Street - Moomoo,2.0,4.0,20.0,4.0,2026-10-06 12:21:07.867267
COYA,2026-10-06,13,0,0,0,0.0,True,,,2.0,4.0,15.0,1.0,2026-10-06 12:21:11.630413
CRDF,2026-10-06,4,2,2,0,1.0,True,Cardiff Oncology Shares Rise After Upgrade From HC Wainwright - Yahoo Finance,,1.0,3.0,14.0,22.0,2026-10-06 12:21:12.970901
CRDL,2026-10-06,22,4,0,4,-1.0,False,,Cardiol Therapeutics Stock Faces Downside Pressure as Biotech Sentiment Weakens - kalkine.ca,0.0,0.0,0.0,,2026-10-06 12:21:13.683437
CSLLY,2026-10-06,6,1,0,1,-1.0,True,,Why CSL Limited (ASX: CSL) reported a Vifor-driven loss yet guided to FY27 growth as an S&P/ASX 200 biotech - kalkine.com.au,0.0,0.0,0.0,,2026-10-06 12:21:14.354503
CYTK,2026-10-06,42,9,5,4,-0.041,False,Cytokinetics (CYTK): Can Myqorzo Growth Create a New Biopharma Success Story? - Yahoo Finance,"Cytokinetics Maps MYQORZO Expansion, Heart Failure Pipeline at Bernstein Conference - Yahoo Finance",0.0,3.0,13.0,39.0,2026-10-06 12:21:15.011229
DBVT,2026-10-06,30,7,3,4,-0.383,False,"DBV Submits Viaskin Allergy Patch to FDA, in Bid for Approval - Allergic Living","DBV Technologies shares decline nearly 3%, among the largest drops in the SBF 120 - Ideal Investisseur",1.0,2.0,13.0,6.0,2026-10-06 12:21:15.667759
DNTH,2026-10-06,8,1,1,0,1.0,True,Dianthus Therapeutics Announces Inducement Grants Under Nasdaq Listing Rule 5635(c)(4) - The Manila Times,,0.0,1.0,11.0,63.0,2026-10-06 12:21:19.486279
ELDN,2026-10-06,18,2,1,1,0.0,True,"Eledon Pharmaceuticals, Inc. Presents Updated Long-Term Phase 2 BESTOW Extension Study Results For Tegoprubart And Announces FDA Fast Track Designation - marketscreener.com","No reported rejections followed Eledon’s drug after six months, versus seven for tacrolimus. Phase 3 is expected in Q4 2026. - Stock Titan",0.0,1.0,8.0,54.0,2026-10-06 12:21:22.198347
ENLV,2026-10-06,4,2,0,2,-1.0,True,,Enlivex terminates securities deal with Rain Foundation - Investing.com,0.0,0.0,0.0,,2026-10-06 12:21:22.863437
EPRX,2026-10-06,10,2,1,1,-0.099,True,Eupraxia Pharmaceuticals Posts Strong 52-Week EoE Data for EP-104GI in RESOLVE Trial - TipRanks,Eupraxia Pharmaceuticals (TSX:EPRX) Stock Drops 13.86% After 52-Week RESOLVE Data as Phase 2b Readout Moves to December - kalkine.ca,0.0,0.0,0.0,,2026-10-06 12:21:24.349053
EXEL,2026-10-06,20,4,2,2,0.417,False,Exelixis (NASDAQ:EXEL) Flashes Strong Technicals and Tight Breakout Setup - ChartMill,Could Zanzalintinib's FDA Delay Affect Exelixis' Growth Plans? - Yahoo Finance,1.0,3.0,9.0,25.0,2026-10-06 12:21:25.932570
FDMT,2026-10-06,33,2,1,1,-0.049,True,FDMT Maintains by B of A Securities -- Price Target Raised to $3 - GuruFocus,"Insiders At 4D Molecular Therapeutics Sold US$757k In Stock, Alluding To Potential Weakness - Moomoo",1.0,3.0,16.0,8.0,2026-10-06 12:21:27.736449
GEHC,2026-10-06,61,2,1,1,-0.243,True,GE HealthCare (GEHC) Upgraded to Buy: Here's Why - Yahoo Finance,Securities Fraud Investigation Into GE HealthCare - GlobeNewswire,1.0,5.0,13.0,14.0,2026-10-06 12:21:29.077395
GILD,2026-10-06,51,8,4,4,-0.464,False,"CEO O’Day tells Fierce how Gilead’s cancer, inflammation expansion has reached ‘critical mass’ - Fierce Biotech",Gilead Sciences (GILD) Declines More Than Market: Some Information for Investors - Yahoo Finance,0.0,1.0,10.0,63.0,2026-10-06 12:21:29.837599
GMAB,2026-10-06,72,30,23,7,0.575,False,"AbbVie, Genmab report positive results from Phase III EPCORE DLBCL-2 trial - Yahoo",Genmab and AbbVie's bispecific antibody halves progression-or-death risk in lymphoma trial - European Biotechnology Magazine,0.0,0.0,0.0,,2026-10-06 12:21:32.038120
HURA,2026-10-06,8,0,0,0,0.0,True,,,4.0,10.0,27.0,12.0,2026-10-06 12:21:37.318947
IBRX,2026-10-06,22,4,2,2,-0.114,False,"ImmunityBio (IBRX) Meeting With Turkish President Fuels Expansion Hopes, Shares Climb 10% - Yahoo Finance",ImmunityBio Founder Pushes Back After FDA Warning Letter Over Anktiva Claims — Says Ad 'Never Aired At All' - Stocktwits,0.0,2.0,17.0,63.0,2026-10-06 12:21:38.683727
INSM,2026-10-06,33,8,7,1,0.398,False,"FDA Grants Priority Review to Insmed's sNDA for ARIKAYCE® (amikacin liposome inhalation suspension) for Treatment of MAC Lung Disease With PDUFA Target Action Date Set for January 28, 2027 - Yahoo Finance",Insmed drops as investors weigh CFO departure despite reaffirmed 2026 outlook - quiverquant.com,1.0,3.0,12.0,1.0,2026-10-06 12:21:44.530175
KARD,2026-10-06,15,3,1,2,-0.496,True,"A 48,368-option grant at Kardigan (KARD) vests monthly over three years. - Stock Titan",KARD’s Danicamtiv Trial Progress Puts Genetic Heart Failure in Investor Focus - TipRanks,1.0,2.0,3.0,6.0,2026-10-06 12:21:49.196861
KOD,2026-10-06,72,15,15,0,1.0,False,Kodiak Sciences stock soars on positive AMD trial data - Investing.com,,1.0,2.0,8.0,8.0,2026-10-06 12:21:49.996312
KYTX,2026-10-06,28,10,9,1,0.641,False,KYTX Stock Soars After Hours: What’s Driving The Rally? - Stocktwits,Weighing the risks of CAR T in autoimmune disease as Kyverna nears market - BioSpace,1.0,4.0,22.0,12.0,2026-10-06 12:21:53.259706
LLY,2026-10-06,45,16,6,10,-0.186,False,Lilly Secures FDA Approval to Expand Jaypirca Indication - Intellectia AI,Eli Lilly’s New Drug Combo Just Set A Record For Weight Loss In Type 2 Diabetes - Yahoo Health,0.0,1.0,7.0,62.0,2026-10-06 12:21:55.157363
LTRN,2026-10-06,31,10,0,10,-1.0,False,,Lantern Pharma Disclosed Failure to Satisfy a Continued Listing Rule or Standard - TradingView,4.0,6.0,13.0,5.0,2026-10-06 12:21:57.415856
LXEO,2026-10-06,40,4,4,0,1.0,False,Lexeo Therapeutics completes acquisition of Mantle Therapeutics - Investing.com,,2.0,3.0,14.0,7.0,2026-10-06 12:21:58.863439
LXRX,2026-10-06,25,3,2,1,0.002,True,Lexicon Pharmaceuticals upgraded to Buy with ke... - Pluang,Lexicon Pharmaceuticals Q2FY26 Results: Net loss widens to $31.8 million - scanx.trade,0.0,1.0,10.0,61.0,2026-10-06 12:21:59.706715
MAZE,2026-10-06,19,2,0,2,-1.0,True,,"Maze Therapeutics (MAZE) Slides On Weak Momentum, Is The Current Valuation About Right? - Simply Wall Street",0.0,2.0,10.0,50.0,2026-10-06 12:22:01.097521
MDWD,2026-10-06,8,0,0,0,0.0,True,,,0.0,0.0,0.0,,2026-10-06 12:22:03.594505
MSLE,2026-10-06,30,8,2,6,-0.217,False,Satellos Granted Composition of Matter Patent for Forazapadin - The Spec,"Satellos completes enrollment for Duchenne trial, delays data - Investing.com",0.0,0.0,0.0,,2026-10-06 12:22:07.989309
NAMS,2026-10-06,24,12,9,3,0.285,False,NewAmsterdam Pharma (NAMS) Wins EU Approvals. Can Cholesterol Pills Drive Royalties? - Yahoo Finance,RBC Capital cuts NewAmsterdam Pharma stock price target on trial risk - Investing.com,2.0,7.0,14.0,7.0,2026-10-06 12:22:08.883357
NPCE,2026-10-06,8,0,0,0,0.0,True,,,0.0,2.0,6.0,56.0,2026-10-06 12:22:11.232141
NVO,2026-10-06,50,11,0,11,-1.0,False,,Regeneron weight-loss drug halves muscle loss in combination with Novo's semaglutide in trial - Reuters,0.0,0.0,0.0,,2026-10-06 12:22:15.499356
OCGN,2026-10-06,33,5,4,1,0.188,False,Ocugen Receives Provisional Approval and Priority Designation Under the Longevity and Regenerative Therapies Act in The Bahamas to Provide OCU400 to Patients for Treatment of Retinitis Pigmentosa - GlobeNewswire,"Ocugen Q2FY26 Results: Net loss widens to $0.07, opex up 18% YoY - scanx.trade",3.0,5.0,23.0,0.0,2026-10-06 12:22:17.062810
PCVX,2026-10-06,68,19,14,5,0.528,False,Vaxcyte (PCVX) Shares Surge 54% on Strong Phase 3 VAX-31 Data - GuruFocus,Vaxcyte Announces Commencement of Proposed Public Offerings - GlobeNewswire,1.0,4.0,12.0,1.0,2026-10-06 12:22:25.684240
PFE,2026-10-06,79,17,8,9,0.029,False,Vaxcyte claims success in bid to beat Pfizer and Merck in lucrative vaccine market - STAT,"Pfizer vs. J&J: Comparing Growth, Patent Risks and Valuation - Yahoo Finance",0.0,1.0,10.0,63.0,2026-10-06 12:22:27.132720
PMVP,2026-10-06,12,2,2,0,1.0,True,"PMV Pharmaceuticals Director Matthew Joseph Eckler Granted 84,000 Stock Options - Kalkine Media",,1.0,4.0,8.0,1.0,2026-10-06 12:22:29.990687
PRAX,2026-10-06,10,1,1,0,1.0,True,"Praxis Precision Medicines, Inc. Announces Inducement Grants Under Nasdaq Listing Rule 5635(c)(4) - uk.finance.yahoo.com",,0.0,1.0,22.0,61.0,2026-10-06 12:22:30.762602
RARE,2026-10-06,35,29,28,1,0.917,False,Ultragenyx's $4 million gene therapy wins FDA approval for a rare brain and nervous system disorder - The Business Journals,,1.0,5.0,19.0,19.0,2026-10-06 12:22:32.262969
REGN,2026-10-06,74,30,18,12,0.215,False,Regeneron And Sanofi Announce A Win-Win Collaboration Expansion (NASDAQ:REGN) - Seeking Alpha,Regeneron weight-loss drug halves muscle loss in combination with Novo's semaglutide in trial - Reuters,2.0,3.0,11.0,0.0,2026-10-06 12:22:33.961677
RGNX,2026-10-06,21,4,3,1,-0.075,False,REGENXBIO Presents Positive Three-Year Durability Data for Surabgene Lomparvovec in Diabetic Retinopathy at Retina Society Annual Scientific Meeting - PR Newswire,RGNX Stock Slumps 15% After-Hours — What’s Driving The Selloff? - Stocktwits,1.0,5.0,13.0,13.0,2026-10-06 12:22:34.635665
SLDB,2026-10-06,8,2,2,0,1.0,True,Solid Biosciences Reports Inducement Grants Under Nasdaq Listing Rule 5635(c)(4) - Yahoo Finance,,0.0,1.0,6.0,61.0,2026-10-06 12:22:41.985696
SLS,2026-10-06,18,6,2,4,0.157,False,"SELLAS Life Sciences: Valued For Perfection, REGAL Trial Success Probability Priced In - Seeking Alpha","A Sellas immunotherapy study, long delayed, will end in failure - STAT",0.0,2.0,11.0,56.0,2026-10-06 12:22:43.729448
SMMT,2026-10-06,9,1,0,1,-1.0,True,,Precision Trading with Summit Therapeutics Inc. (SMMT) Risk Zones - Stock Traders Daily,3.0,9.0,20.0,7.0,2026-10-06 12:22:44.493306
SNY,2026-10-06,78,16,13,3,0.542,False,Regeneron And Sanofi Announce A Win-Win Collaboration Expansion (NASDAQ:REGN) - Seeking Alpha,"Eli Lilly’s best-ever weight loss data; Sanofi, Regeneron re-up for $1B upfront; and more - Endpoints News",0.0,0.0,0.0,,2026-10-06 12:22:45.954066
SRPT,2026-10-06,13,4,2,2,0.028,False,Sarepta Therapeutics Announces Inducement Grants Under Nasdaq Listing Rule 5635(c)(4) - Business Wire,"Sarepta Therapeutics Investigation Initiated: Kahn Swick & Foti, LLC Investigates the Officers and Directors of Sarepta Therapeutics, Inc. - SRPT - Business Wire",1.0,3.0,12.0,13.0,2026-10-06 12:22:48.051357
STOK,2026-10-06,24,9,6,3,0.005,False,"Stoke Therapeutics Appoints Bo Cumbo to its Board of Directors, Enhancing Commercial Expertise as the Company Advances Zorevunersen Development Toward Potential FDA Approval and Commercialization - Business Wire","Stoke Therapeutics Announces Presentations of STK-002, an Investigational Medicine for the Treatment of Autosomal Dominant Optic Atrophy (ADOA), at the American Academy of Ophthalmology (AAO) 2026 Annual Meeting - Busine",1.0,3.0,14.0,11.0,2026-10-06 12:22:49.406120
SXTP,2026-10-06,0,0,0,0,0.0,True,,,3.0,7.0,17.0,0.0,2026-10-06 12:22:52.289850
SYRE,2026-10-06,50,9,3,6,-0.351,False,Spyre Therapeutics grants equity inducement awards to employee - scanx.trade,Spyre Therapeutics stock falls on public offering launch - Investing.com,1.0,3.0,15.0,28.0,2026-10-06 12:22:52.942429
TAK,2026-10-06,24,7,6,1,0.586,False,Takeda Pharmaceutical (TAK) Gets Priority Review. Can Zasocitinib Win in Psoriasis? - Yahoo Finance,,0.0,0.0,0.0,,2026-10-06 12:22:53.801596
TTRX,2026-10-06,7,3,2,1,0.245,True,Turn Therapeutics (NASDAQ:TTRX) Stock Rating Upgraded by Lucid Cap Mkts - marketbeat.com,Turn Therapeutics (NASDAQ:TTRX) Cut to Sell at Wall Street Zen - marketbeat.com,2.0,6.0,25.0,26.0,2026-10-06 12:23:02.141425
TVRD,2026-10-06,0,0,0,0,0.0,True,,,0.0,3.0,13.0,53.0,2026-10-06 12:23:02.865041
VERA,2026-10-06,15,6,5,1,0.807,False,Vera set for full FDA approval of Trutakna after late-stage trial win - Seeking Alpha,"VERA Stock Jumps 16% Premarket – Trutakna Cuts Kidney Disease Progression Risk By 76%, Full FDA Filing Planned In Q4 - Stocktwits",1.0,3.0,14.0,21.0,2026-10-06 12:23:05.806550
VRTX,2026-10-06,0,0,0,0,0.0,True,,,0.0,2.0,9.0,35.0,2026-10-06 12:23:08.714848
VSTM,2026-10-06,28,3,2,1,0.536,True,Verastem Oncology Announces Inducement Grants Under Nasdaq Listing Rule 5635(c)(4) - marketscreener.com,Understanding the Setup: (VSTM) and Scalable Risk - Stock Traders Daily,0.0,2.0,15.0,60.0,2026-10-06 12:23:09.349108
XENE,2026-10-06,44,14,3,11,-0.213,False,Xenon Pharmaceuticals Reports Inducement Grants Under Nasdaq Listing Rule 5635(c)(4) - GlobeNewswire,Xenon Pharmaceuticals Investigation Notice: SueWallSt Notifies Investors of Pending Investigation Into Xenon Pharmaceuticals (XENE) - PR Newswire,0.0,1.0,13.0,61.0,2026-10-06 12:23:12.438839
ZYME,2026-10-06,28,3,3,0,1.0,True,Zymeworks Completes Acquisition of Theravance Biopharma - GlobeNewswire,,1.0,3.0,14.0,13.0,2026-10-06 12:23:14.940411
ABBV,2026-10-07,88,30,24,6,0.523,False,AbbVie wins FDA approval for Parkinson’s drug from $8.7B Cerevel takeover - BioSpace,"Genmab, AbbVie blood cancer drug combo cuts risk of progression or death in late-stage study - Reuters",1.0,5.0,15.0,2.0,2026-10-07 03:50:10.698227
ACRS,2026-10-07,2,0,0,0,0.0,True,,,0.0,2.0,12.0,62.0,2026-10-07 03:50:14.985874
ADAG,2026-10-07,14,2,1,1,0.0,True,Adagene (NASDAQ: ADAG) Obtains NMPA IND Approval for ADG138 Phase 1 Trial in Advanced Solid Tumors - Kalkine Media,Adagene Announces NMPA Clearance of Investigational New - GlobeNewswire,0.0,0.0,0.0,,2026-10-07 03:50:15.655743
ALGS,2026-10-07,10,5,0,5,-1.0,False,,ALGS Q2 2026 Earnings: Loss Per Share Narrower Than Consensus as Clinical-Stage Model Holds - https://www.dars.gov.et/,1.0,2.0,9.0,22.0,2026-10-07 03:50:17.782353
ALKS,2026-10-07,3,0,0,0,0.0,True,,,2.0,5.0,20.0,16.0,2026-10-07 03:50:18.386598
ALZN,2026-10-07,6,2,0,2,-1.0,True,,Alzamend Neuro (ALZN) Drops 19.77% to $1.39 as Microcap Biotech Selloff Deepens - Low Risk Entry Stocks - https://www.dars.gov.et/,1.0,3.0,9.0,8.0,2026-10-07 03:50:20.155626
AMGN,2026-10-07,49,11,9,2,0.602,False,AMGEN ANNOUNCES POSITIVE TOPLINE PHASE 3 RESULTS FOR DAZODALIBEP IN MODERATE-TO-SEVERE SYSTEMIC SJÖGREN'S DISEASE - PR Newswire,Amgen Drug Meets Goals of Key Test in Common Autoimmune Disease With No Approved Meds - MedCity News,0.0,2.0,10.0,64.0,2026-10-07 03:50:21.134751
APOG,2026-10-07,0,0,0,0,0.0,True,,,3.0,5.0,17.0,1.0,2026-10-07 03:50:23.337444
ARDX,2026-10-07,50,18,0,18,-1.0,False,,"ARDX STOCKHOLDER ALERT: Bronstein, Gewirtz and Grossman, LLC Announces that Ardelyx, Inc. Investors with Substantial Losses Have Opportunity to Lead Class Action Lawsuit! - ACCESS Newswire",0.0,2.0,10.0,51.0,2026-10-07 03:50:24.301559
ARGX,2026-10-07,26,7,7,0,1.0,False,Halozyme Announces Expansion of Global Collaboration and License Agreement with argenx to Support the Development of Subcutaneous Formulations for Two Additional Exclusive Targets Using its ENHANZE® Technology - PR Newsw,,0.0,0.0,0.0,,2026-10-07 03:50:24.957373
ARVN,2026-10-07,26,4,2,2,0.147,False,Press Release: Arvinas Announces Inducement Grant Under Nasdaq Listing Rule 5635(c)(4) - Moomoo,"ARVN Stock Drops On CEO Exit — Retail Is Bullish On New Chief’s Credentials, Dismisses Selloff - Stocktwits",0.0,1.0,15.0,64.0,2026-10-07 03:50:25.700300
AURA,2026-10-07,4,1,0,1,-1.0,True,,Precision Trading with Aura Biosciences Inc. (AURA) Risk Zones - Stock Traders Daily,0.0,2.0,10.0,57.0,2026-10-07 03:50:28.404321
AZN,2026-10-07,84,7,6,1,0.765,False,AstraZeneca files for US FDA approval of HUTCHMED lung cancer drug combination - Reuters,"AstraZeneca buys into Summit, UniQure drops on 4-year data, FDA on a roll - BioSpace",0.0,0.0,0.0,,2026-10-07 03:50:31.477671
BBIO,2026-10-07,24,6,6,0,1.0,False,FDA Grants Priority Review for BridgeBio Pharma's Oral Infigrati - GuruFocus,,0.0,4.0,18.0,37.0,2026-10-07 03:50:32.893692
BEAM,2026-10-07,15,1,0,1,-1.0,True,,BEAM Investors Have Opportunity to Join Beam Therapeutics Inc. Fraud Investigation with SBS Law - Business Wire,0.0,1.0,10.0,64.0,2026-10-07 03:50:34.246832
BFRI,2026-10-07,6,0,0,0,0.0,True,,,1.0,2.0,15.0,23.0,2026-10-07 03:50:35.149767
BIIB,2026-10-07,25,5,4,1,0.604,False,Will Biogen (BIIB) Beat Estimates Again in Its Next Earnings Report? - Yahoo Finance,does biogen have a weight loss drug - www.polskieradio.pl,0.0,1.0,14.0,70.0,2026-10-07 03:50:36.872013
BMEA,2026-10-07,27,22,0,22,-1.0,False,,Biomea Fusion Announces Termination of Proposed Public Offering of Securities - GlobeNewswire,1.0,2.0,10.0,15.0,2026-10-07 03:50:38.213773
BMRN,2026-10-07,32,1,1,0,1.0,True,Did VOXZOGO’s Hypochondroplasia Win and New R&D Hire Just Reframe BioMarin’s (BMRN) Investment Narrative? - Yahoo Finance,,4.0,9.0,24.0,1.0,2026-10-07 03:50:39.026177
BMY,2026-10-07,50,9,4,5,-0.17,False,Bristol Myers Squibb Co. stock outperforms competitors on strong trading day - MarketWatch,Bristol-Myers Squibb shares slide as Leerink Partners downgrades on pipeline doubt - Yahoo Finance,0.0,1.0,9.0,69.0,2026-10-07 03:50:39.782158
BNTX,2026-10-07,36,3,1,2,-0.333,True,,BioNTech Stock Recently Got Downgraded. But Is Wall Street Underestimating Its Cancer Pipeline? - Yahoo Finance,0.0,0.0,0.0,,2026-10-07 03:50:40.570647
BRTX,2026-10-07,3,3,0,3,-1.0,True,,Maxim Downgrades BioRestorative Therapies to Hold From Buy - www.marketscreener.com,2.0,7.0,15.0,26.0,2026-10-07 03:50:42.038075
CGEM,2026-10-07,30,2,0,2,-1.0,True,,Cullinan delays early-stage data for arthritis drug (CGEX) - Seeking Alpha,3.0,5.0,16.0,5.0,2026-10-07 03:50:45.639411
CLDX,2026-10-07,32,14,12,2,0.847,False,Celldex Announces Positive Results from Phase 3 EMBARQ-CSU1 - GlobeNewswire,"SHAREHOLDER ALERT: Purcell & Lefkowitz LLP Announces Shareholder Investigation of Celldex Therapeutics, Inc. (NASDAQ: CLDX) - Eastern Progress",1.0,3.0,8.0,15.0,2026-10-07 03:50:48.719938
CNSY,2026-10-07,31,10,9,1,0.771,False,CNSY: Commercial Rollout And CNS Cancer Testing Expansion Still Support Future Upside - Simply Wall Street,Cerenome Price Target Cut to $31.00/Share From $50.00 by Lake Street - Moomoo,2.0,4.0,20.0,5.0,2026-10-07 03:50:50.888853
COGT,2026-10-07,6,1,0,1,-1.0,True,,"Insiders At Cogent Biosciences Sold US$12m In Stock, Alluding To Potential Weakness - Moomoo",0.0,3.0,11.0,35.0,2026-10-07 03:50:52.911895
CORT,2026-10-07,30,3,2,1,0.381,True,Strong Commercial Execution and Pipeline Opportunities Propel Corcept Therapeutics (CORT) - Yahoo Finance,Corcept Therapeutics Incorporated(NasdaqCM: CORT) dropped from S&P 600 - marketscreener.com,1.0,2.0,13.0,14.0,2026-10-07 03:50:53.681829
CRDF,2026-10-07,2,0,0,0,0.0,True,,,1.0,3.0,14.0,23.0,2026-10-07 03:50:55.661719
CSLLY,2026-10-07,5,0,0,0,0.0,True,,,0.0,0.0,0.0,,2026-10-07 03:50:57.016527
CYTK,2026-10-07,24,10,6,4,0.012,False,Apply Now: Cytokinetics Communications Grant Program 2026 - fundsforNGOs - Grants and Resources for Sustainability,"Cytokinetics Maps MYQORZO Expansion, Heart Failure Pipeline at Bernstein Conference - Yahoo Finance",0.0,3.0,13.0,40.0,2026-10-07 03:50:58.039255
DBVT,2026-10-07,27,5,2,3,-0.415,False,"DBV Submits Viaskin Allergy Patch to FDA, in Bid for Approval - Allergic Living","DBV Technologies shares decline nearly 3%, among the largest drops in the SBF 120 - Ideal Investisseur",1.0,2.0,13.0,7.0,2026-10-07 03:50:58.951924
ELDN,2026-10-07,18,3,2,1,0.333,True,"Eledon Pharmaceuticals, Inc. Presents Updated Long-Term Phase 2 BESTOW Extension Study Results For Tegoprubart And Announces FDA Fast Track Designation - marketscreener.com","No reported rejections followed Eledon’s drug after six months, versus seven for tacrolimus. Phase 3 is expected in Q4 2026. - Stock Titan",0.0,1.0,8.0,55.0,2026-10-07 03:51:05.569848
EXEL,2026-10-07,18,4,2,2,-0.111,False,Exelixis (NASDAQ:EXEL) Flashes Strong Technicals and Tight Breakout Setup - ChartMill,Exelixis delays cancer-drug review: what it means for Exelixis stock - AD HOC NEWS,1.0,3.0,9.0,26.0,2026-10-07 03:51:08.979834
FDMT,2026-10-07,27,1,0,1,-1.0,True,,"Insiders At 4D Molecular Therapeutics Sold US$757k In Stock, Alluding To Potential Weakness - Moomoo",1.0,3.0,16.0,9.0,2026-10-07 03:51:10.437413
GEHC,2026-10-07,58,3,1,2,-0.504,True,GE HealthCare (GEHC) Upgraded to Buy: Here's Why - Yahoo Finance,The Bull Case For GE HealthCare (GEHC) Could Change Following Imaging Software Recall And Dividend Hike – Learn Why - Yahoo Finance,1.0,5.0,13.0,15.0,2026-10-07 03:51:11.910311
GILD,2026-10-07,50,9,5,4,-0.167,False,Cognizant (CTSH) Extends Strategic Partnership with Gilead Scien - GuruFocus,Gilead Sciences (GILD) Declines More Than Market: Some Information for Investors - Yahoo Finance,0.0,1.0,9.0,64.0,2026-10-07 03:51:12.675892
GMAB,2026-10-07,82,33,24,9,0.489,False,Jefferies says Genmab’s Epkinly data clearly beat investors’ bar for success - MedWatch,"Genmab, AbbVie blood cancer drug combo cuts risk of progression or death in late-stage study - Reuters",0.0,0.0,0.0,,2026-10-07 03:51:14.865023
IBRX,2026-10-07,24,4,2,2,-0.192,False,"ImmunityBio (IBRX) Meeting With Turkish President Fuels Expansion Hopes, Shares Climb 10% - Yahoo Finance",IBRX Stock Declines — ImmunityBio Resubmits Anktiva Application To FDA With Additional Data - Stocktwits,0.0,2.0,17.0,64.0,2026-10-07 03:51:21.791499
INCY,2026-10-07,12,1,1,0,1.0,True,Mirum and Incyte gain approval of zilurgisertib for rare bone disorder - Seeking Alpha,,0.0,2.0,13.0,37.0,2026-10-07 03:51:25.964010
INO,2026-10-07,14,1,1,0,1.0,True,Inovio Pharmaceuticals Inc. stock outperforms competitors on strong trading day - MarketWatch,,1.0,4.0,13.0,1.0,2026-10-07 03:51:26.781415
INSM,2026-10-07,35,6,5,1,0.291,False,"FDA Grants Priority Review to Insmed's sNDA for ARIKAYCE® (amikacin liposome inhalation suspension) for Treatment of MAC Lung Disease With PDUFA Target Action Date Set for January 28, 2027 - Insmed Incorporated Investor ",Insmed drops as investors weigh CFO departure despite reaffirmed 2026 outlook - Quiver Quantitative,1.0,3.0,12.0,2.0,2026-10-07 03:51:28.740681
IRD,2026-10-07,8,1,1,0,1.0,True,IRD Maintained by Jones Trading -- Price Target Raised to $17.00 - GuruFocus,,2.0,3.0,18.0,26.0,2026-10-07 03:51:30.162364
JAZZ,2026-10-07,25,1,1,0,1.0,True,New Jazz Pharmaceuticals Quality Improvement Grant Opportunity for HER2+ Gastroesophageal Adenocarcinoma and Glioma - Conquer Cancer - Oncodaily,,2.0,8.0,16.0,14.0,2026-10-07 03:51:32.335207
KOD,2026-10-07,72,14,13,1,0.848,False,Kodiak Sciences stock soars on positive AMD trial data - Investing.com,"Diluted net income available to common stockholders of Kodiak Sciences, Inc. – HAN:K27 - TradingView",1.0,2.0,8.0,9.0,2026-10-07 03:51:33.910427
KYTX,2026-10-07,26,8,7,1,0.591,False,KYTX Stock Soars After Hours: What’s Driving The Rally? - Stocktwits,Weighing the risks of CAR T in autoimmune disease as Kyverna nears market - BioSpace,1.0,4.0,22.0,13.0,2026-10-07 03:51:37.207832
LLY,2026-10-07,50,17,9,8,0.178,False,Lilly Secures FDA Approval to Expand Jaypirca Indication - Intellectia AI,"Eli Lilly Has Been a Growth Beast, but This Is the Riskiest Part About Its Stock - Yahoo Finance",0.0,1.0,7.0,63.0,2026-10-07 03:51:38.803267
LTRN,2026-10-07,31,8,0,8,-1.0,False,,Lantern Pharma Disclosed Failure to Satisfy a Continued Listing Rule or Standard - TradingView,4.0,6.0,13.0,6.0,2026-10-07 03:51:40.898932
LXRX,2026-10-07,27,4,2,2,-0.354,False,Lexicon Pharmaceuticals upgraded to Buy with ke... - Pluang,Lexicon Pharmaceuticals stock faces a Q2 loss as trials advance - AD HOC NEWS,0.0,1.0,10.0,62.0,2026-10-07 03:51:43.171264
MIRM,2026-10-07,19,10,10,0,1.0,False,Mirum Pharmaceuticals Announces FDA Approval of Atebrioz and Positive Phase 3 Data for Hepatitis Delta - Kalkine Media,,2.0,3.0,17.0,9.0,2026-10-07 03:51:47.628743
MSLE,2026-10-07,31,6,0,6,-1.0,False,,"Satellos completes enrollment for Duchenne trial, delays data - Investing.com",0.0,0.0,0.0,,2026-10-07 03:51:50.921875
NAMS,2026-10-07,21,11,7,4,0.093,False,NewAmsterdam Pharma (NAMS) Wins EU Approvals. Can Cholesterol Pills Drive Royalties? - Yahoo Finance,RBC Capital cuts NewAmsterdam Pharma stock price target on trial risk - Investing.com,2.0,7.0,14.0,8.0,2026-10-07 03:51:51.806538
NTLA,2026-10-07,19,5,2,3,-0.27,False,Intellia Therapeutics Reports Inducement Grants Under Nasdaq Listing Rule 5635(c)(4) - GlobeNewswire,"Diluted earnings per share (diluted EPS) of Intellia Therapeutics, Inc. – HAN:38I - TradingView",1.0,3.0,17.0,29.0,2026-10-07 03:51:55.376292
NVS,2026-10-07,9,7,4,3,0.337,False,Novartis Beats Patent Listing Suit Over Entresto - Law360,Novartis defeats drug-purchaser lawsuit over delay of Entresto generics - Reuters,0.0,0.0,0.0,,2026-10-07 03:51:57.756537
OCGN,2026-10-07,32,6,5,1,0.285,False,Ocugen Receives Provisional Approval and Priority Designation Under the Longevity and Regenerative Therapies Act in The Bahamas to Provide OCU400 to Patients for Treatment of Retinitis Pigmentosa - GlobeNewswire,"Ocugen Q2FY26 Results: Net loss widens to $0.07, opex up 18% YoY - scanx.trade",3.0,5.0,23.0,1.0,2026-10-07 03:51:58.470726
OCUL,2026-10-07,20,5,4,1,0.411,False,Ocular Therapeutix reports positive pre-NDA FDA meeting for AXPAXLI - Glance by Eyes On Eyecare,Precision Trading with Ocular Therapeutix Inc. (OCUL) Risk Zones - Stock Traders Daily,0.0,1.0,9.0,65.0,2026-10-07 03:51:59.990433
OLMA,2026-10-07,6,1,1,0,1.0,True,Olema Oncology Reports Inducement Grants Under Nasdaq Listing Rule 5635(c)(4) - GlobeNewswire,,0.0,2.0,15.0,55.0,2026-10-07 03:52:01.227091
ORIC,2026-10-07,41,3,1,2,-0.46,True,ORIC Pharmaceuticals Reports Inducement Grants under Nasdaq Listing Rule 5635(c)(4) - GlobeNewswire,ORIC Pharmaceuticals (ORIC) Gains A De Risked Path As Undervalued Case Holds - Simply Wall Street,0.0,2.0,10.0,65.0,2026-10-07 03:52:03.697727
PCVX,2026-10-07,76,36,26,10,0.444,False,Vaxcyte claims success in bid to beat Pfizer and Merck in lucrative vaccine market - STAT,"Vaxcyte Announces Pricing of Concurrent Public Offerings of Common Stock, Pre-Funded Warrants and Convertible Senior Notes - Yahoo Finance",1.0,4.0,12.0,2.0,2026-10-07 03:52:06.320074
PFE,2026-10-07,82,17,10,7,0.169,False,Vaxcyte claims success in bid to beat Pfizer and Merck in lucrative vaccine market - STAT,"Novavax Pulls Back From Plague-Scare Spike as Officials Call Risk Low; Moderna Nudges Higher, Pfizer Inches Higher - Yahoo Finance",0.0,1.0,10.0,64.0,2026-10-07 03:52:07.805557
QNRX,2026-10-07,13,6,5,1,0.772,False,FDA Grants Quoin Pharmaceuticals Fast Track Designation for QRX003 in Peeling Skin Syndrome - Minichart,Potential dilution looms as Quoin (NASDAQ: QNRX) registers ADS resales tied to warrant exercises - Stock Titan,2.0,5.0,16.0,15.0,2026-10-07 03:52:12.605678
RARE,2026-10-07,33,29,26,3,0.399,False,Ultragenyx's $4 million gene therapy wins FDA approval for a rare brain and nervous system disorder - The Business Journals,RARE Q2 2026 Earnings: Narrower-Than-Expected Loss Lifts Shares Modestly - Revenue Recognition Risk - https://www.dars.gov.et/,1.0,5.0,19.0,20.0,2026-10-07 03:52:13.330629
REGN,2026-10-07,72,27,16,11,0.224,False,Regeneron And Sanofi Announce A Win-Win Collaboration Expansion (NASDAQ:REGN) - Seeking Alpha,Regeneron weight-loss drug halves muscle loss in combination with Novo's semaglutide in trial - Reuters,2.0,3.0,10.0,1.0,2026-10-07 03:52:14.959666
RGNX,2026-10-07,19,4,3,1,-0.124,False,Regenxbio stock gains on positive gene therapy trial data - Yahoo Finance,RGNX Stock Slumps 15% After-Hours — What’s Driving The Selloff? - Stocktwits,1.0,5.0,13.0,14.0,2026-10-07 03:52:15.682351
RNAC,2026-10-07,11,2,2,0,1.0,True,Cartesian Therapeutics Announces New Employment Inducement Grants - GlobeNewswire,,1.0,2.0,15.0,8.0,2026-10-07 03:52:16.538436
SLDB,2026-10-07,10,4,4,0,1.0,False,"A director converts a stock grant and holds 141,585 Solid Biosciences (SLDB) shares directly. - Stock Titan",,0.0,1.0,6.0,62.0,2026-10-07 03:52:22.992507
SLS,2026-10-07,18,7,3,4,0.502,False,"SELLAS Life Sciences: Valued For Perfection, REGAL Trial Success Probability Priced In - Seeking Alpha","A Sellas immunotherapy study, long delayed, will end in failure - STAT",0.0,2.0,11.0,57.0,2026-10-07 03:52:24.448155
SNDX,2026-10-07,20,4,4,0,1.0,False,Syndax Pharmaceuticals Reports Inducement Grants Under NASDAQ Listing Rule 5635(c)(4) - Yahoo Finance,,0.0,2.0,11.0,64.0,2026-10-07 03:52:26.155970
SNY,2026-10-07,70,14,12,2,0.7,False,Regeneron And Sanofi Announce A Win-Win Collaboration Expansion (NASDAQ:REGN) - Seeking Alpha,"Eli Lilly’s best-ever weight loss data; Sanofi, Regeneron re-up for $1B upfront; and more - Endpoints News",0.0,0.0,0.0,,2026-10-07 03:52:26.835821
SPTX,2026-10-07,16,3,3,0,1.0,True,Raymond James initiates Seaport Therapeutics stock coverage with strong buy on depression drug potential - Investing.com,,0.0,1.0,3.0,65.0,2026-10-07 03:52:28.160099
SYRE,2026-10-07,52,8,3,5,-0.267,False,Spyre Therapeutics grants equity inducement awards to employee - scanx.trade,Spyre Therapeutics stock falls on public offering launch - Investing.com,1.0,3.0,15.0,29.0,2026-10-07 03:52:36.133139
TAK,2026-10-07,24,8,7,1,0.691,False,Takeda Pharmaceutical (TAK) Gets Priority Review. Can Zasocitinib Win in Psoriasis? - Yahoo Finance,,0.0,0.0,0.0,,2026-10-07 03:52:36.943363
TDAC,2026-10-07,0,0,0,0,0.0,True,,,0.0,1.0,6.0,72.0,2026-10-07 03:52:38.214444
TECX,2026-10-07,14,2,2,0,1.0,True,Tectonic Therapeutic gets FDA fast track for HHT drug TX2100 - Investing.com,,1.0,2.0,9.0,8.0,2026-10-07 03:52:38.865743
TGTX,2026-10-07,8,1,1,0,1.0,True,TGTX Stock Continues Rally For 8 Straight Sessions On New BRIUMVI Clinical Data - Stocktwits,,0.0,1.0,9.0,65.0,2026-10-07 03:52:39.564372
TRAW,2026-10-07,1,1,0,1,-1.0,True,,Why Did TRAW Stock Slump 28% After Hours? - Stocktwits,0.0,4.0,20.0,54.0,2026-10-07 03:52:44.145118
TYRA,2026-10-07,22,3,1,2,-0.567,True,"Stock grant lifts Tyra Biosciences (NASDAQ: TYRA) finance VP stake to 11,258 shares - Stock Titan","Tyra Biosciences, Inc. (TYRA) Investigation: Bronstein, Gewirtz - The National Law Review",2.0,3.0,11.0,22.0,2026-10-07 03:52:47.416498
VERA,2026-10-07,9,1,1,0,1.0,True,Vera Therapeutics Announces Inducement Grants Under Nasdaq Listing Rule 5635(c)(4) - GlobeNewswire,,1.0,3.0,14.0,22.0,2026-10-07 03:52:48.765688
VNDA,2026-10-07,11,8,3,5,-0.24,False,,Vanda Pharmaceuticals Announces Positive Phase III Results for HETLIOZ®(tasimelteon) in Delayed Sleep-Wake Phase Disorder - PR Newswire,0.0,1.0,14.0,63.0,2026-10-07 03:52:51.042656
VSTM,2026-10-07,30,2,1,1,0.049,True,Verastem (VSTM) Shares React to Positive Two-Year Phase 2 RAMP 201 Study Results in Ovarian Cancer - GuruFocus,Understanding the Setup: (VSTM) and Scalable Risk - Stock Traders Daily,0.0,2.0,15.0,61.0,2026-10-07 03:52:52.524260
VTVT,2026-10-07,10,2,1,1,0.195,True,vTv Therapeutics (NASDAQ:VTVT) Upgraded to Hold at Wall Street Zen - MarketBeat,vTv Therapeutics Q2 2026 Earnings: Wider-Than-Expected Loss as Clinical-Stage Biotech Remains Pre-Revenue - www.dars.gov.et,1.0,2.0,11.0,1.0,2026-10-07 03:52:53.749414
ZYME,2026-10-07,29,4,3,1,0.263,False,Zymeworks Completes Acquisition of Theravance Biopharma - GlobeNewswire,Dilution adjustment of Zymeworks Inc. – HAN:ZA8 - TradingView,1.0,3.0,14.0,14.0,2026-10-07 03:52:58.521076
