drug_id,snapshot_date,ticker,catalyst_date,verdict,setup,conviction,evidence,pulled_at
4750492304405847,2026-09-21,SKM,2026-12-09,NO TRADE,NO_EDGE,4,,2026-09-21 23:09:48.681911
5478309507793443,2026-09-21,VIR,2026-12-31,NO TRADE,NO_EDGE,4,,2026-09-21 23:09:48.681911
6893534978263929,2026-09-21,GILD,2027-03-01,NO TRADE,NO_EDGE,3,,2026-09-21 23:09:48.681911
6985165070154027,2026-09-21,VERX,2027-02-02,NO TRADE,NO_EDGE,3,,2026-09-21 23:09:48.681911
12435896884885957,2026-09-21,ONC,2026-09-22,NO TRADE,NO_EDGE,6,,2026-09-21 23:09:48.681911
12595100049958644,2026-09-21,JAZZ,2026-09-30,BUY VOL,VOL_BUY_CHEAP,49,untested,2026-09-21 23:09:48.681911
16821003132661816,2026-09-21,AZN,2026-09-28,NO TRADE,NO_EDGE,4,,2026-09-21 23:09:48.681911
17304192090473818,2026-09-21,CORT,2026-09-01,NO TRADE,NO_EDGE,2,,2026-09-21 23:09:48.681911
18529572395977945,2026-09-21,PFE,2027-01-18,NO TRADE,NO_EDGE,1,,2026-09-21 23:09:48.681911
18971897866108208,2026-09-21,NVS,2026-11-03,NO TRADE,NO_EDGE,1,,2026-09-21 23:09:48.681911
36632223261958574,2026-09-21,GMAB,2026-09-01,NO TRADE,NO_EDGE,2,,2026-09-21 23:09:48.681911
38942477599780233,2026-09-21,INCY,2026-10-19,NO TRADE,NO_EDGE,1,,2026-09-21 23:09:48.681911
44000722375436180,2026-09-21,SBFM,2027-02-01,NO TRADE,NO_EDGE,2,,2026-09-21 23:09:48.681911
49060388678255386,2026-09-21,CL,2026-11-01,NO TRADE,NO_EDGE,1,,2026-09-21 23:09:48.681911
52490783581154249,2026-09-21,ZBIO,2026-09-01,NO TRADE,NO_EDGE,4,,2026-09-21 23:09:48.681911
61937648243034597,2026-09-21,PFE,2026-12-30,NO TRADE,NO_EDGE,0,,2026-09-21 23:09:48.681911
62357363534644698,2026-09-21,SUPN,2026-09-01,NO TRADE,NO_EDGE,1,,2026-09-21 23:09:48.681911
68315723041780208,2026-09-21,TLTFF,2026-12-01,NO TRADE,NO_EDGE,2,,2026-09-21 23:09:48.681911
68812751625955080,2026-09-21,NTHI,2026-12-30,SHORT,DILUTION_SHORT,52,supported,2026-09-21 23:09:48.681911
70897858954459972,2026-09-21,CORT,2026-09-01,NO TRADE,NO_EDGE,3,,2026-09-21 23:09:48.681911
81755227632725144,2026-09-21,VNDA,2026-12-12,LONG,BASE_RATE_LONG,29,weak,2026-09-21 23:09:48.681911
84144411003217329,2026-09-21,QNRX,2027-01-31,NO TRADE,NO_EDGE,5,,2026-09-21 23:09:48.681911
86021429154612346,2026-09-21,BBIO,2026-11-27,NO TRADE,NO_EDGE,10,,2026-09-21 23:09:48.681911
86431631212664264,2026-09-21,HAFC,2027-01-01,NO TRADE,NO_EDGE,2,,2026-09-21 23:09:48.681911
93055653804308969,2026-09-21,EWTX,2027-03-01,SHORT,DILUTION_SHORT,19,supported,2026-09-21 23:09:48.681911
102950193952033246,2026-09-21,IMUX,2026-11-01,NO TRADE,NO_EDGE,4,,2026-09-21 23:09:48.681911
108742177283748398,2026-09-21,NVS,2026-12-14,NO TRADE,NO_EDGE,4,,2026-09-21 23:09:48.681911
109107024871452838,2026-09-21,NVS,2026-10-15,NO TRADE,NO_EDGE,4,,2026-09-21 23:09:48.681911
114043394592637061,2026-09-21,SNY,2026-12-17,NO TRADE,NO_EDGE,3,,2026-09-21 23:09:48.681911
114931543863814183,2026-09-21,NVO,2027-01-25,NO TRADE,NO_EDGE,1,,2026-09-21 23:09:48.681911
115726789842540791,2026-09-21,AVIR,2026-09-01,NO TRADE,NO_EDGE,3,,2026-09-21 23:09:48.681911
118831260866524826,2026-09-21,GNLX,2027-02-01,NO TRADE,NO_EDGE,3,,2026-09-21 23:09:48.681911
121453500802276973,2026-09-21,LLY,2026-12-01,NO TRADE,NO_EDGE,2,,2026-09-21 23:09:48.681911
130129402136981756,2026-09-21,SNY,2027-02-17,NO TRADE,NO_EDGE,1,,2026-09-21 23:09:48.681911
131984470820949352,2026-09-21,QNRX,2026-12-30,NO TRADE,NO_EDGE,5,,2026-09-21 23:09:48.681911
133989152738883371,2026-09-21,AZN,2026-10-27,NO TRADE,NO_EDGE,4,,2026-09-21 23:09:48.681911
139073196904481915,2026-09-21,CORT,2026-10-01,NO TRADE,NO_EDGE,2,,2026-09-21 23:09:48.681911
140633044982783524,2026-09-21,NUVB,2027-03-01,NO TRADE,NO_EDGE,5,,2026-09-21 23:09:48.681911
140803669361580050,2026-09-21,KARD,2026-12-01,NO TRADE,NO_EDGE,3,,2026-09-21 23:09:48.681911
140955454411638517,2026-09-21,DSGN,2026-09-01,NO TRADE,NO_EDGE,3,,2026-09-21 23:09:48.681911
142592189318773647,2026-09-21,CRBP,2027-01-16,NO TRADE,NO_EDGE,9,,2026-09-21 23:09:48.681911
145723300535647550,2026-09-21,REGN,2026-11-13,NO TRADE,NO_EDGE,4,,2026-09-21 23:09:48.681911
158337973585919400,2026-09-21,RNAC,2026-12-30,NO TRADE,NO_EDGE,2,,2026-09-21 23:09:48.681911
160374961716568031,2026-09-21,SKBBY,2026-12-01,NO TRADE,NO_EDGE,0,,2026-09-21 23:09:48.681911
160386940021573862,2026-09-21,ONC,2026-11-01,NO TRADE,NO_EDGE,3,,2026-09-21 23:09:48.681911
160960760728085426,2026-09-21,DSGN,2026-12-01,NO TRADE,NO_EDGE,5,,2026-09-21 23:09:48.681911
161771317641149346,2026-09-21,DBVT,2026-11-01,NO TRADE,NO_EDGE,3,,2026-09-21 23:09:48.681911
164008216372829958,2026-09-21,PFE,2026-12-02,NO TRADE,NO_EDGE,0,,2026-09-21 23:09:48.681911
165094879933787161,2026-09-21,AMGN,2026-12-14,NO TRADE,NO_EDGE,0,,2026-09-21 23:09:48.681911
166743087750950943,2026-09-21,IBO,2026-12-31,SHORT,DILUTION_SHORT,28,supported,2026-09-21 23:09:48.681911
173523452596540229,2026-09-21,IDYA,2027-01-29,NO TRADE,NO_EDGE,7,,2026-09-21 23:09:48.681911
174695383932404981,2026-09-21,LLY,2027-03-01,NO TRADE,NO_EDGE,2,,2026-09-21 23:09:48.681911
176871108208680696,2026-09-21,CLDX,2026-10-01,NO TRADE,NO_EDGE,3,,2026-09-21 23:09:48.681911
178337141707374965,2026-09-21,BMY,2026-10-06,NO TRADE,NO_EDGE,1,,2026-09-21 23:09:48.681911
182380289812789285,2026-09-21,AZN,2026-11-11,NO TRADE,NO_EDGE,0,,2026-09-21 23:09:48.681911
190161362620674117,2026-09-21,SHNTY,2026-12-31,NO TRADE,NO_EDGE,2,,2026-09-21 23:09:48.681911
202086486643127814,2026-09-21,SRRK,2026-11-01,BUY VOL,VOL_BUY_CHEAP,34,untested,2026-09-21 23:09:48.681911
205733232054228160,2026-09-21,AMGN,2026-10-31,NO TRADE,NO_EDGE,4,,2026-09-21 23:09:48.681911
209462851908210668,2026-09-21,AZN,2027-01-06,NO TRADE,NO_EDGE,1,,2026-09-21 23:09:48.681911
223112085902020671,2026-09-21,IBRX,2026-10-01,NO TRADE,NO_EDGE,5,,2026-09-21 23:09:48.681911
225802608937042066,2026-09-21,INSM,2026-12-31,SHORT,DILUTION_SHORT,25,supported,2026-09-21 23:09:48.681911
227492694236726695,2026-09-21,REGN,2027-02-09,NO TRADE,NO_EDGE,3,,2026-09-21 23:09:48.681911
229575034316653374,2026-09-21,NAMS,2026-09-01,NO TRADE,NO_EDGE,4,,2026-09-21 23:09:48.681911
230552348673146332,2026-09-21,VNDA,2026-10-01,BUY VOL,VOL_BUY_CHEAP,17,untested,2026-09-21 23:09:48.681911
234587972181842188,2026-09-21,SBFM,2027-01-14,NO TRADE,NO_EDGE,2,,2026-09-21 23:09:48.681911
237702874000113700,2026-09-21,SHNTY,2026-12-31,NO TRADE,NO_EDGE,2,,2026-09-21 23:09:48.681911
239484979665170356,2026-09-21,ABBV,2026-11-01,NO TRADE,NO_EDGE,3,,2026-09-21 23:09:48.681911
242495837709758000,2026-09-21,PHAT,2026-10-01,BUY VOL,VOL_BUY_CHEAP,29,untested,2026-09-21 23:09:48.681911
244348174000082349,2026-09-21,AZN,2027-02-23,NO TRADE,NO_EDGE,1,,2026-09-21 23:09:48.681911
248496486193258712,2026-09-21,ANRO,2026-12-01,NO TRADE,NO_EDGE,4,,2026-09-21 23:09:48.681911
249559339284929470,2026-09-21,CSLLY,2026-10-26,NO TRADE,NO_EDGE,3,,2026-09-21 23:09:48.681911
255034622971081376,2026-09-21,COGT,2026-11-30,NO TRADE,NO_EDGE,10,,2026-09-21 23:09:48.681911
256399667361706572,2026-09-21,INCY,2026-11-20,NO TRADE,NO_EDGE,3,,2026-09-21 23:09:48.681911
257406750836113194,2026-09-21,LLY,2026-11-01,NO TRADE,NO_EDGE,1,,2026-09-21 23:09:48.681911
262251951756197087,2026-09-21,BMY,2026-11-18,NO TRADE,NO_EDGE,1,,2026-09-21 23:09:48.681911
264854844285383668,2026-09-21,LLY,2027-02-01,NO TRADE,NO_EDGE,1,,2026-09-21 23:09:48.681911
267057646085462651,2026-09-21,GILD,2026-09-01,NO TRADE,NO_EDGE,2,,2026-09-21 23:09:48.681911
268191790828638049,2026-09-21,OCGN,2027-03-01,NO TRADE,NO_EDGE,7,,2026-09-21 23:09:48.681911
275735411630835882,2026-09-21,VERX,2027-01-25,NO TRADE,NO_EDGE,0,,2026-09-21 23:09:48.681911
280152524911491076,2026-09-21,GOVX,2026-12-31,SHORT,DILUTION_SHORT,41,supported,2026-09-21 23:09:48.681911
283319725578905254,2026-09-21,AZN,2027-02-10,NO TRADE,NO_EDGE,4,,2026-09-21 23:09:48.681911
290088875762656072,2026-09-21,ABBV,2026-12-01,NO TRADE,NO_EDGE,3,,2026-09-21 23:09:48.681911
292407168323037190,2026-09-21,ALDX,2026-12-01,LONG,BASE_RATE_LONG,8,weak,2026-09-21 23:09:48.681911
292617191327870811,2026-09-21,ANNX,2026-12-31,NO TRADE,NO_EDGE,5,,2026-09-21 23:09:48.681911
292984258691209593,2026-09-21,TAK,2027-03-16,NO TRADE,NO_EDGE,1,,2026-09-21 23:09:48.681911
295631208097783108,2026-09-21,GILD,2026-10-01,NO TRADE,NO_EDGE,3,,2026-09-21 23:09:48.681911
295712788039019118,2026-09-21,VNDA,2027-03-01,NO TRADE,NO_EDGE,5,,2026-09-21 23:09:48.681911
303235547983642362,2026-09-21,AZN,2026-09-30,NO TRADE,NO_EDGE,0,,2026-09-21 23:09:48.681911
303474194314793091,2026-09-21,SKBBY,2026-11-01,NO TRADE,NO_EDGE,0,,2026-09-21 23:09:48.681911
311311391297136727,2026-09-21,PFE,2026-10-30,NO TRADE,NO_EDGE,0,,2026-09-21 23:09:48.681911
312842049878470300,2026-09-21,ARWR,2026-09-30,NO TRADE,NO_EDGE,6,,2026-09-21 23:09:48.681911
321286083412226106,2026-09-21,SNY,2027-01-19,NO TRADE,NO_EDGE,4,,2026-09-21 23:09:48.681911
321905298787451669,2026-09-21,SNY,2026-11-30,NO TRADE,NO_EDGE,1,,2026-09-21 23:09:48.681911
322479810608056688,2026-09-21,AZN,2027-01-04,NO TRADE,NO_EDGE,1,,2026-09-21 23:09:48.681911
334480139650835828,2026-09-21,BPRE,2027-03-01,NO TRADE,NO_EDGE,0,,2026-09-21 23:09:48.681911
343885869048690232,2026-09-21,NAMS,2026-11-01,BUY VOL,VOL_BUY_CHEAP,20,untested,2026-09-21 23:09:48.681911
352519775200610612,2026-09-21,AMGN,2026-11-30,NO TRADE,NO_EDGE,4,,2026-09-21 23:09:48.681911
353005231536472075,2026-09-21,PII,2027-02-28,NO TRADE,NO_EDGE,7,,2026-09-21 23:09:48.681911
355859424299140461,2026-09-21,REGN,2026-12-03,NO TRADE,NO_EDGE,2,,2026-09-21 23:09:48.681911
365055865107566725,2026-09-21,AZN,2026-11-24,NO TRADE,NO_EDGE,4,,2026-09-21 23:09:48.681911
372320766247790320,2026-09-21,ABBV,2027-02-01,NO TRADE,NO_EDGE,2,,2026-09-21 23:09:48.681911
377100550536786573,2026-09-21,SGIOF,2026-12-30,NO TRADE,NO_EDGE,2,,2026-09-21 23:09:48.681911
388952982334638169,2026-09-21,ABBV,2026-10-01,NO TRADE,NO_EDGE,1,,2026-09-21 23:09:48.681911
390474796628532622,2026-09-21,SKYE,2026-11-20,SHORT,DILUTION_SHORT,38,supported,2026-09-21 23:09:48.681911
390749422941899680,2026-09-21,ABBV,2026-12-01,NO TRADE,NO_EDGE,1,,2026-09-21 23:09:48.681911
390957335257956876,2026-09-21,SKBBY,2027-02-20,NO TRADE,NO_EDGE,2,,2026-09-21 23:09:48.681911
394383470946117412,2026-09-21,PCVX,2027-03-01,NO TRADE,NO_EDGE,3,,2026-09-21 23:09:48.681911
396431658262726246,2026-09-21,RARE,2027-01-01,NO TRADE,NO_EDGE,5,,2026-09-21 23:09:48.681911
396991972378637102,2026-09-21,NTHI,2026-11-30,SHORT,DILUTION_SHORT,54,supported,2026-09-21 23:09:48.681911
400880035539474114,2026-09-21,MRK,2027-01-12,NO TRADE,NO_EDGE,0,,2026-09-21 23:09:48.681911
402360243902569926,2026-09-21,SKBBY,2026-11-30,NO TRADE,NO_EDGE,0,,2026-09-21 23:09:48.681911
402907745036541794,2026-09-21,BEAM,2026-12-01,NO TRADE,NO_EDGE,4,,2026-09-21 23:09:48.681911
408294226974395884,2026-09-21,GILD,2027-03-01,NO TRADE,NO_EDGE,3,,2026-09-21 23:09:48.681911
420124014847071242,2026-09-21,AZN,2026-09-30,NO TRADE,NO_EDGE,3,,2026-09-21 23:09:48.681911
420810200106868466,2026-09-21,AXSM,2026-12-01,NO TRADE,NO_EDGE,3,,2026-09-21 23:09:48.681911
433073627151817789,2026-09-21,VERA,2026-09-01,NO TRADE,NO_EDGE,4,,2026-09-21 23:09:48.681911
433307640087836152,2026-09-21,INO,2026-10-30,SHORT,DILUTION_SHORT,46,supported,2026-09-21 23:09:48.681911
433822869339680826,2026-09-21,IRON,2026-10-01,BUY VOL,VOL_BUY_CHEAP,41,untested,2026-09-21 23:09:48.681911
436403257094934080,2026-09-21,BMY,2027-02-05,NO TRADE,NO_EDGE,4,,2026-09-21 23:09:48.681911
441201457313159655,2026-09-21,IMCR,2026-11-30,SELL VOL,VOL_SELL_RICH,58,untested,2026-09-21 23:09:48.681911
441617024580207732,2026-09-21,SIGA,2027-01-01,NO TRADE,NO_EDGE,6,,2026-09-21 23:09:48.681911
442336993135667685,2026-09-21,INCY,2026-11-05,NO TRADE,NO_EDGE,3,,2026-09-21 23:09:48.681911
448488092695616323,2026-09-21,ABBV,2026-11-01,NO TRADE,NO_EDGE,3,,2026-09-21 23:09:48.681911
448706200979545550,2026-09-21,SMMT,2026-11-14,NO TRADE,NO_EDGE,13,,2026-09-21 23:09:48.681911
452014332594303549,2026-09-21,PFE,2026-12-25,NO TRADE,NO_EDGE,3,,2026-09-21 23:09:48.681911
454518016144235396,2026-09-21,GMAB,2027-02-01,NO TRADE,NO_EDGE,0,,2026-09-21 23:09:48.681911
455715242325269133,2026-09-21,BMY,2026-09-30,NO TRADE,NO_EDGE,4,,2026-09-21 23:09:48.681911
458427981042512729,2026-09-21,MRK,2026-10-22,NO TRADE,NO_EDGE,4,,2026-09-21 23:09:48.681911
467238638255310871,2026-09-21,RYTM,2026-10-31,NO TRADE,NO_EDGE,6,,2026-09-21 23:09:48.681911
469394068151618130,2026-09-21,MAZE,2026-09-01,NO TRADE,NO_EDGE,4,,2026-09-21 23:09:48.681911
472153235226570779,2026-09-21,NVS,2027-01-29,NO TRADE,NO_EDGE,4,,2026-09-21 23:09:48.681911
475542458548170702,2026-09-21,NVS,2027-01-29,NO TRADE,NO_EDGE,3,,2026-09-21 23:09:48.681911
480577615179993261,2026-09-21,AZN,2026-12-10,NO TRADE,NO_EDGE,3,,2026-09-21 23:09:48.681911
482076089009345182,2026-09-21,MIRM,2026-10-01,BUY VOL,VOL_BUY_CHEAP,30,untested,2026-09-21 23:09:48.681911
483932433002068321,2026-09-21,ZLAB,2027-03-14,NO TRADE,NO_EDGE,4,,2026-09-21 23:09:48.681911
487841267066980184,2026-09-21,SUNI,2027-01-01,SHORT,DILUTION_SHORT,25,supported,2026-09-21 23:09:48.681911
491848082497852770,2026-09-21,QNRX,2026-12-30,NO TRADE,NO_EDGE,5,,2026-09-21 23:09:48.681911
495319759551302637,2026-09-21,TGTX,2026-10-31,NO TRADE,NO_EDGE,3,,2026-09-21 23:09:48.681911
498849508269970709,2026-09-21,NVS,2027-02-01,NO TRADE,NO_EDGE,4,,2026-09-21 23:09:48.681911
499156175574428513,2026-09-21,CL,2026-09-01,NO TRADE,NO_EDGE,1,,2026-09-21 23:09:48.681911
500855747009558061,2026-09-21,PFE,2026-09-23,NO TRADE,NO_EDGE,4,,2026-09-21 23:09:48.681911
505119812663494559,2026-09-21,INCY,2026-10-09,NO TRADE,NO_EDGE,1,,2026-09-21 23:09:48.681911
505635711423549570,2026-09-21,CADL,2027-02-01,NO TRADE,NO_EDGE,4,,2026-09-21 23:09:48.681911
506084476502818277,2026-09-21,JAZZ,2026-12-31,NO TRADE,NO_EDGE,4,,2026-09-21 23:09:48.681911
507004488784772789,2026-09-21,OCS,2026-12-01,NO TRADE,NO_EDGE,1,,2026-09-21 23:09:48.681911
511715316879880235,2026-09-21,TAK,2026-10-31,NO TRADE,NO_EDGE,4,,2026-09-21 23:09:48.681911
514351734127284572,2026-09-21,PEPG,2027-03-01,NO TRADE,NO_EDGE,4,,2026-09-21 23:09:48.681911
516030313102827215,2026-09-21,STOK,2027-03-01,NO TRADE,NO_EDGE,1,,2026-09-21 23:09:48.681911
516961617620928529,2026-09-21,LRMR,2027-01-01,NO TRADE,NO_EDGE,4,,2026-09-21 23:09:48.681911
521653090031976383,2026-09-21,MDGL,2027-03-01,NO TRADE,NO_EDGE,3,,2026-09-21 23:09:48.681911
524165499897549636,2026-09-21,ABBV,2026-12-18,NO TRADE,NO_EDGE,4,,2026-09-21 23:09:48.681911
526195508477278069,2026-09-21,TECX,2026-11-24,NO TRADE,NO_EDGE,8,,2026-09-21 23:09:48.681911
534774849491638224,2026-09-21,GKOS,2026-09-01,NO TRADE,NO_EDGE,4,,2026-09-21 23:09:48.681911
535259905415636453,2026-09-21,TAK,2027-02-17,NO TRADE,NO_EDGE,3,,2026-09-21 23:09:48.681911
541149370610942034,2026-09-21,SKBBY,2026-12-31,NO TRADE,NO_EDGE,2,,2026-09-21 23:09:48.681911
550224897893225285,2026-09-21,NVS,2026-12-30,NO TRADE,NO_EDGE,1,,2026-09-21 23:09:48.681911
550259417006426930,2026-09-21,ABBV,2027-02-01,NO TRADE,NO_EDGE,2,,2026-09-21 23:09:48.681911
553069160039441764,2026-09-21,ABBV,2027-01-01,NO TRADE,NO_EDGE,1,,2026-09-21 23:09:48.681911
560236032874476262,2026-09-21,BMRN,2027-03-01,NO TRADE,NO_EDGE,2,,2026-09-21 23:09:48.681911
563115528163931301,2026-09-21,MANE,2026-12-01,NO TRADE,NO_EDGE,3,,2026-09-21 23:09:48.681911
570681510733305785,2026-09-21,IRD,2026-10-17,NO TRADE,NO_EDGE,13,,2026-09-21 23:09:48.681911
573435847797241740,2026-09-21,NTLA,2027-03-10,SHORT,DILUTION_SHORT,27,supported,2026-09-21 23:09:48.681911
579826575894752853,2026-09-21,INCY,2026-10-09,NO TRADE,NO_EDGE,1,,2026-09-21 23:09:48.681911
580153757663626866,2026-09-21,SNY,2026-11-06,NO TRADE,NO_EDGE,1,,2026-09-21 23:09:48.681911
583897336266186782,2026-09-21,SBFM,2026-12-01,NO TRADE,NO_EDGE,2,,2026-09-21 23:09:48.681911
592955289741096123,2026-09-21,INCY,2026-10-19,NO TRADE,NO_EDGE,1,,2026-09-21 23:09:48.681911
593547891629782210,2026-09-21,PRAX,2027-01-29,LONG,BASE_RATE_LONG,28,weak,2026-09-21 23:09:48.681911
595831615329597560,2026-09-21,GMAB,2027-03-01,NO TRADE,NO_EDGE,2,,2026-09-21 23:09:48.681911
603095084236096263,2026-09-21,AZN,2027-02-18,NO TRADE,NO_EDGE,1,,2026-09-21 23:09:48.681911
609609280219236168,2026-09-21,PCVX,2027-01-01,NO TRADE,NO_EDGE,3,,2026-09-21 23:09:48.681911
615146271566909531,2026-09-21,COCP,2026-10-01,NO TRADE,NO_EDGE,4,,2026-09-21 23:09:48.681911
617228506346682955,2026-09-21,PFE,2026-12-28,NO TRADE,NO_EDGE,0,,2026-09-21 23:09:48.681911
617954340097823791,2026-09-21,INCY,2026-09-30,NO TRADE,NO_EDGE,4,,2026-09-21 23:09:48.681911
618174490211915213,2026-09-21,PRAX,2026-12-01,NO TRADE,NO_EDGE,2,,2026-09-21 23:09:48.681911
620025010288511384,2026-09-21,BMY,2027-03-11,NO TRADE,NO_EDGE,0,,2026-09-21 23:09:48.681911
623483016735594125,2026-09-21,AZN,2027-01-18,NO TRADE,NO_EDGE,4,,2026-09-21 23:09:48.681911
625054472027302914,2026-09-21,SNY,2027-02-09,NO TRADE,NO_EDGE,3,,2026-09-21 23:09:48.681911
626246263853011393,2026-09-21,LTRN,2026-12-01,SHORT,DILUTION_SHORT,25,supported,2026-09-21 23:09:48.681911
627197171826391139,2026-09-21,IONS,2026-09-22,BUY VOL,VOL_BUY_CHEAP,45,untested,2026-09-21 23:09:48.681911
629005734191242824,2026-09-21,AMGN,2026-10-22,NO TRADE,NO_EDGE,1,,2026-09-21 23:09:48.681911
632915791984634521,2026-09-21,EWTX,2027-01-01,SHORT,DILUTION_SHORT,19,supported,2026-09-21 23:09:48.681911
633610557070501101,2026-09-21,ZURA,2026-11-01,NO TRADE,NO_EDGE,4,,2026-09-21 23:09:48.681911
638020214344904889,2026-09-21,PFE,2026-12-02,NO TRADE,NO_EDGE,1,,2026-09-21 23:09:48.681911
638092399700325652,2026-09-21,MLTX,2027-01-15,NO TRADE,NO_EDGE,3,,2026-09-21 23:09:48.681911
640329277486934243,2026-09-21,SGIOF,2026-12-31,NO TRADE,NO_EDGE,2,,2026-09-21 23:09:48.681911
641458436634363881,2026-09-21,SNY,2026-12-23,NO TRADE,NO_EDGE,3,,2026-09-21 23:09:48.681911
644254564274166952,2026-09-21,AVLN,2026-12-01,NO TRADE,NO_EDGE,4,,2026-09-21 23:09:48.681911
647543400842947349,2026-09-21,GILD,2026-12-23,NO TRADE,NO_EDGE,7,,2026-09-21 23:09:48.681911
648123464800703808,2026-09-21,SNY,2026-12-01,NO TRADE,NO_EDGE,2,,2026-09-21 23:09:48.681911
651766684691511946,2026-09-21,NVO,2026-12-14,NO TRADE,NO_EDGE,3,,2026-09-21 23:09:48.681911
655775238371644588,2026-09-21,DWTX,2026-12-01,SHORT,DILUTION_SHORT,26,supported,2026-09-21 23:09:48.681911
660948441232806719,2026-09-21,KRYS,2027-02-01,NO TRADE,NO_EDGE,3,,2026-09-21 23:09:48.681911
665315108577549427,2026-09-21,TAK,2026-11-30,NO TRADE,NO_EDGE,3,,2026-09-21 23:09:48.681911
669029809013395063,2026-09-21,OCUL,2027-03-01,NO TRADE,NO_EDGE,2,,2026-09-21 23:09:48.681911
669951363273452605,2026-09-21,LLY,2026-09-01,NO TRADE,NO_EDGE,1,,2026-09-21 23:09:48.681911
684786373242560189,2026-09-21,EIKN,2026-12-01,NO TRADE,NO_EDGE,4,,2026-09-21 23:09:48.681911
688350110705182110,2026-09-21,RGNX,2026-09-01,NO TRADE,NO_EDGE,4,,2026-09-21 23:09:48.681911
693186896063219416,2026-09-21,NVS,2027-02-11,NO TRADE,NO_EDGE,1,,2026-09-21 23:09:48.681911
693345067404570219,2026-09-21,ARGX,2026-11-01,NO TRADE,NO_EDGE,2,,2026-09-21 23:09:48.681911
696056543417977590,2026-09-21,AZN,2026-09-30,NO TRADE,NO_EDGE,0,,2026-09-21 23:09:48.681911
700026303070403252,2026-09-21,MRK,2026-11-20,NO TRADE,NO_EDGE,0,,2026-09-21 23:09:48.681911
706210002919363027,2026-09-21,BMY,2026-12-14,NO TRADE,NO_EDGE,3,,2026-09-21 23:09:48.681911
712586041177424814,2026-09-21,ABOS,2026-10-01,BUY VOL,VOL_BUY_CHEAP,28,untested,2026-09-21 23:09:48.681911
722562244782239763,2026-09-21,PFE,2026-10-19,NO TRADE,NO_EDGE,3,,2026-09-21 23:09:48.681911
722690761727789329,2026-09-21,IMCR,2026-10-01,BUY VOL,VOL_BUY_CHEAP,24,untested,2026-09-21 23:09:48.681911
736509180786853430,2026-09-21,BMY,2026-11-02,NO TRADE,NO_EDGE,4,,2026-09-21 23:09:48.681911
739434607707581864,2026-09-21,MRK,2026-11-06,NO TRADE,NO_EDGE,2,,2026-09-21 23:09:48.681911
741829590958307505,2026-09-21,INCY,2027-01-06,NO TRADE,NO_EDGE,4,,2026-09-21 23:09:48.681911
746769423220695948,2026-09-21,LABT,2027-01-01,NO TRADE,NO_EDGE,4,,2026-09-21 23:09:48.681911
749817826159428153,2026-09-21,KRYS,2026-12-01,NO TRADE,NO_EDGE,3,,2026-09-21 23:09:48.681911
757761488965008448,2026-09-21,SLDB,2026-10-15,SELL VOL,VOL_SELL_RICH,73,untested,2026-09-21 23:09:48.681911
761440403394441594,2026-09-21,NAMS,2026-11-01,BUY VOL,VOL_BUY_CHEAP,47,untested,2026-09-21 23:09:48.681911
764660676288563775,2026-09-21,ACET,2026-12-01,NO TRADE,NO_EDGE,5,,2026-09-21 23:09:48.681911
765763442014822621,2026-09-21,VIR,2026-12-01,BUY VOL,VOL_BUY_CHEAP,22,untested,2026-09-21 23:09:48.681911
767662838639222208,2026-09-21,MIRM,2026-09-26,BUY VOL,VOL_BUY_CHEAP,29,untested,2026-09-21 23:09:48.681911
771886529835914733,2026-09-21,OCUL,2027-01-08,NO TRADE,NO_EDGE,4,,2026-09-21 23:09:48.681911
772401970539186448,2026-09-21,ARWR,2027-02-01,NO TRADE,NO_EDGE,5,,2026-09-21 23:09:48.681911
774786327377869577,2026-09-21,URGN,2027-03-01,SHORT,DILUTION_SHORT,16,supported,2026-09-21 23:09:48.681911
777978547717806339,2026-09-21,REGN,2026-10-12,NO TRADE,NO_EDGE,1,,2026-09-21 23:09:48.681911
780546423956862194,2026-09-21,DMAC,2026-12-01,SELL VOL,VOL_SELL_RICH,31,untested,2026-09-21 23:09:48.681911
780791740296941732,2026-09-21,DFNS,2027-02-28,SHORT,DILUTION_SHORT,44,supported,2026-09-21 23:09:48.681911
781035225562721180,2026-09-21,AZN,2027-02-22,NO TRADE,NO_EDGE,0,,2026-09-21 23:09:48.681911
783504160172255985,2026-09-21,NVS,2026-10-26,NO TRADE,NO_EDGE,1,,2026-09-21 23:09:48.681911
790321512785219692,2026-09-21,MIRM,2027-01-01,NO TRADE,NO_EDGE,4,,2026-09-21 23:09:48.681911
792979119400272411,2026-09-21,VNDA,2026-09-01,NO TRADE,NO_EDGE,4,,2026-09-21 23:09:48.681911
793596408827773947,2026-09-21,ALZN,2026-12-01,NO TRADE,NO_EDGE,4,,2026-09-21 23:09:48.681911
794696053962392057,2026-09-21,SNY,2027-01-18,NO TRADE,NO_EDGE,4,,2026-09-21 23:09:48.681911
794819980207863074,2026-09-21,SNDX,2026-09-01,NO TRADE,NO_EDGE,4,,2026-09-21 23:09:48.681911
798052013447560442,2026-09-21,CYTK,2026-09-01,NO TRADE,NO_EDGE,4,,2026-09-21 23:09:48.681911
810226721256287906,2026-09-21,AZN,2026-11-30,NO TRADE,NO_EDGE,4,,2026-09-21 23:09:48.681911
811241018860044876,2026-09-21,TAK,2026-10-02,SELL VOL,VOL_SELL_RICH,100,untested,2026-09-21 23:09:48.681911
814649937907544778,2026-09-21,ALGS,2027-03-01,SHORT,DILUTION_SHORT,20,supported,2026-09-21 23:09:48.681911
815334073944225079,2026-09-21,TAK,2026-12-31,NO TRADE,NO_EDGE,1,,2026-09-21 23:09:48.681911
818335021774687806,2026-09-21,ORIC,2026-09-01,NO TRADE,NO_EDGE,5,,2026-09-21 23:09:48.681911
819959254288856105,2026-09-21,TVTX,2027-03-12,NO TRADE,NO_EDGE,7,,2026-09-21 23:09:48.681911
828416916200427795,2026-09-21,AZN,2027-01-13,NO TRADE,NO_EDGE,1,,2026-09-21 23:09:48.681911
829958228344830551,2026-09-21,IRON,2026-09-01,NO TRADE,NO_EDGE,3,,2026-09-21 23:09:48.681911
830551219423525543,2026-09-21,XENE,2026-10-01,BUY VOL,VOL_BUY_CHEAP,53,untested,2026-09-21 23:09:48.681911
831943043014285870,2026-09-21,IDYA,2027-01-15,NO TRADE,NO_EDGE,5,,2026-09-21 23:09:48.681911
836772153399541500,2026-09-21,BHVN,2026-10-01,SHORT,DILUTION_SHORT,23,supported,2026-09-21 23:09:48.681911
836799262687333160,2026-09-21,NVS,2026-09-30,NO TRADE,NO_EDGE,4,,2026-09-21 23:09:48.681911
837144321409627112,2026-09-21,PCVX,2027-03-01,NO TRADE,NO_EDGE,3,,2026-09-21 23:09:48.681911
839723581447104076,2026-09-21,TPB,2026-09-30,BUY VOL,VOL_BUY_CHEAP,83,untested,2026-09-21 23:09:48.681911
841907168274376399,2026-09-21,ARVN,2026-11-30,SELL VOL,VOL_SELL_RICH,35,untested,2026-09-21 23:09:48.681911
843648242682071467,2026-09-21,BMY,2027-01-30,NO TRADE,NO_EDGE,3,,2026-09-21 23:09:48.681911
844641943454049418,2026-09-21,SNY,2026-12-17,NO TRADE,NO_EDGE,3,,2026-09-21 23:09:48.681911
849379780256696155,2026-09-21,DNLI,2027-03-01,NO TRADE,NO_EDGE,5,,2026-09-21 23:09:48.681911
855637026909256948,2026-09-21,PRAX,2026-12-01,NO TRADE,NO_EDGE,2,,2026-09-21 23:09:48.681911
862440463540233142,2026-09-21,TAK,2026-11-30,NO TRADE,NO_EDGE,3,,2026-09-21 23:09:48.681911
862572071388100498,2026-09-21,CGEN,2027-03-01,NO TRADE,NO_EDGE,2,,2026-09-21 23:09:48.681911
871069256005475479,2026-09-21,NVS,2027-01-29,NO TRADE,NO_EDGE,1,,2026-09-21 23:09:48.681911
871451690115215623,2026-09-21,PGEN,2026-11-11,SHORT,DILUTION_SHORT,30,supported,2026-09-21 23:09:48.681911
872694879095706496,2026-09-21,IBRX,2026-09-30,NO TRADE,NO_EDGE,8,,2026-09-21 23:09:48.681911
875757317107893180,2026-09-21,VERX,2026-10-30,NO TRADE,NO_EDGE,1,,2026-09-21 23:09:48.681911
877622113475905426,2026-09-21,SRPT,2026-12-31,SHORT,DILUTION_SHORT,28,supported,2026-09-21 23:09:48.681911
877825641085743538,2026-09-21,INCY,2026-09-28,NO TRADE,NO_EDGE,4,,2026-09-21 23:09:48.681911
879976936928276893,2026-09-21,OMER,2026-12-01,NO TRADE,NO_EDGE,5,,2026-09-21 23:09:48.681911
886448113848109326,2026-09-21,SHNTY,2026-12-31,NO TRADE,NO_EDGE,2,,2026-09-21 23:09:48.681911
891391672366148642,2026-09-21,MRK,2026-10-28,NO TRADE,NO_EDGE,0,,2026-09-21 23:09:48.681911
897418545255637154,2026-09-21,NVS,2027-02-02,NO TRADE,NO_EDGE,4,,2026-09-21 23:09:48.681911
899415956492094485,2026-09-21,SUPN,2026-12-30,NO TRADE,NO_EDGE,4,,2026-09-21 23:09:48.681911
901079765240181641,2026-09-21,GNLX,2026-12-01,SELL VOL,VOL_SELL_RICH,44,untested,2026-09-21 23:09:48.681911
906025417708957484,2026-09-21,SVA,2026-11-01,NO TRADE,NO_EDGE,1,,2026-09-21 23:09:48.681911
907655497094013976,2026-09-21,CRDL,2026-09-21,NO TRADE,NO_EDGE,1,,2026-09-21 23:09:48.681911
912944536941205247,2026-09-21,SHNTY,2026-12-10,NO TRADE,NO_EDGE,2,,2026-09-21 23:09:48.681911
917745918414922256,2026-09-21,AZN,2027-01-29,NO TRADE,NO_EDGE,4,,2026-09-21 23:09:48.681911
918260391526644166,2026-09-21,ARGX,2027-02-01,NO TRADE,NO_EDGE,2,,2026-09-21 23:09:48.681911
921811232348627916,2026-09-21,AZN,2026-11-17,NO TRADE,NO_EDGE,4,,2026-09-21 23:09:48.681911
924642304817281289,2026-09-21,PFE,2027-03-17,NO TRADE,NO_EDGE,1,,2026-09-21 23:09:48.681911
928126807027574493,2026-09-21,TAK,2027-02-10,NO TRADE,NO_EDGE,1,,2026-09-21 23:09:48.681911
929016968323953501,2026-09-21,GILD,2026-12-01,NO TRADE,NO_EDGE,0,,2026-09-21 23:09:48.681911
931170603447390732,2026-09-21,TYRA,2026-11-01,NO TRADE,NO_EDGE,6,,2026-09-21 23:09:48.681911
932727825410692770,2026-09-21,MRK,2027-01-04,NO TRADE,NO_EDGE,0,,2026-09-21 23:09:48.681911
935598807117953346,2026-09-21,PFE,2026-12-08,NO TRADE,NO_EDGE,3,,2026-09-21 23:09:48.681911
935769080215225753,2026-09-21,KPRX,2026-11-01,NO TRADE,NO_EDGE,1,,2026-09-21 23:09:48.681911
937322181399828706,2026-09-21,VRTX,2026-11-30,NO TRADE,NO_EDGE,6,,2026-09-21 23:09:48.681911
940029896160339359,2026-09-21,SXTP,2027-02-01,SHORT,DILUTION_SHORT,28,supported,2026-09-21 23:09:48.681911
940807918487722332,2026-09-21,BMY,2026-11-01,NO TRADE,NO_EDGE,1,,2026-09-21 23:09:48.681911
944604394640722945,2026-09-21,VNDA,2026-12-01,BUY VOL,VOL_BUY_CHEAP,20,untested,2026-09-21 23:09:48.681911
947363399083881304,2026-09-21,FDMT,2027-03-01,NO TRADE,NO_EDGE,4,,2026-09-21 23:09:48.681911
948177646908802036,2026-09-21,SVA,2027-01-01,NO TRADE,NO_EDGE,1,,2026-09-21 23:09:48.681911
949294619915297804,2026-09-21,ABCL,2027-02-01,NO TRADE,NO_EDGE,5,,2026-09-21 23:09:48.681911
949819988737086514,2026-09-21,LLY,2027-02-01,NO TRADE,NO_EDGE,2,,2026-09-21 23:09:48.681911
949970401044453555,2026-09-21,ABBV,2027-03-01,NO TRADE,NO_EDGE,1,,2026-09-21 23:09:48.681911
955252076161769738,2026-09-21,BTAI,2026-11-14,NO TRADE,NO_EDGE,4,,2026-09-21 23:09:48.681911
960060430215535671,2026-09-21,BIIB,2026-12-01,NO TRADE,NO_EDGE,1,,2026-09-21 23:09:48.681911
961412990398880152,2026-09-21,AZN,2026-10-23,NO TRADE,NO_EDGE,4,,2026-09-21 23:09:48.681911
974022527001432805,2026-09-21,AZN,2026-11-02,NO TRADE,NO_EDGE,1,,2026-09-21 23:09:48.681911
974347803624130919,2026-09-21,OCGN,2027-02-12,NO TRADE,NO_EDGE,6,,2026-09-21 23:09:48.681911
975155466976797575,2026-09-21,PFE,2026-11-29,NO TRADE,NO_EDGE,0,,2026-09-21 23:09:48.681911
977726819793520492,2026-09-21,SRPT,2026-10-31,SHORT,DILUTION_SHORT,31,supported,2026-09-21 23:09:48.681911
979439545861050343,2026-09-21,CGON,2026-11-01,NO TRADE,NO_EDGE,2,,2026-09-21 23:09:48.681911
979765115718867012,2026-09-21,APOG,2026-11-01,BUY VOL,VOL_BUY_CHEAP,18,untested,2026-09-21 23:09:48.681911
981345309163066026,2026-09-21,AAPG,2026-12-01,NO TRADE,NO_EDGE,1,,2026-09-21 23:09:48.681911
984757253729357229,2026-09-21,SNY,2027-01-08,NO TRADE,NO_EDGE,2,,2026-09-21 23:09:48.681911
989271056923145332,2026-09-21,REGN,2026-11-02,NO TRADE,NO_EDGE,4,,2026-09-21 23:09:48.681911
1000307395574077313,2026-09-21,IONS,2026-12-01,NO TRADE,NO_EDGE,3,,2026-09-21 23:09:48.681911
1005006289867780451,2026-09-21,BIOA,2026-11-30,NO TRADE,NO_EDGE,6,,2026-09-21 23:09:48.681911
1005465036733817054,2026-09-21,INCY,2026-12-26,NO TRADE,NO_EDGE,1,,2026-09-21 23:09:48.681911
1005586876714992166,2026-09-21,NPCE,2026-11-30,SELL VOL,VOL_SELL_RICH,73,untested,2026-09-21 23:09:48.681911
1006794984131010177,2026-09-21,CELZ,2027-01-20,NO TRADE,NO_EDGE,7,,2026-09-21 23:09:48.681911
1010767394841206325,2026-09-21,KPTI,2026-09-01,NO TRADE,NO_EDGE,3,,2026-09-21 23:09:48.681911
1014035734390058440,2026-09-21,NVS,2026-12-30,NO TRADE,NO_EDGE,3,,2026-09-21 23:09:48.681911
1015589753860446178,2026-09-21,ABBV,2026-12-01,NO TRADE,NO_EDGE,1,,2026-09-21 23:09:48.681911
1020952605897517064,2026-09-21,GILD,2027-01-01,NO TRADE,NO_EDGE,2,,2026-09-21 23:09:48.681911
1021885988616742161,2026-09-21,BHVN,2026-09-01,NO TRADE,NO_EDGE,5,,2026-09-21 23:09:48.681911
1035834745534574183,2026-09-21,OLMA,2026-10-31,NO TRADE,NO_EDGE,3,,2026-09-21 23:09:48.681911
1039687324740845911,2026-09-21,LLY,2027-03-01,NO TRADE,NO_EDGE,2,,2026-09-21 23:09:48.681911
1045511314910523081,2026-09-21,CYTK,2026-11-14,LONG,BASE_RATE_LONG,29,weak,2026-09-21 23:09:48.681911
1051646802441902831,2026-09-21,MRK,2027-01-31,NO TRADE,NO_EDGE,0,,2026-09-21 23:09:48.681911
1053390061336547340,2026-09-21,CRDF,2026-11-01,SHORT,RUNUP_FADE,16,not supported,2026-09-21 23:09:48.681911
1054134680903477515,2026-09-21,ONC,2027-03-01,LONG,BASE_RATE_LONG,14,weak,2026-09-21 23:09:48.681911
1054988797500202616,2026-09-21,BFRI,2026-09-28,SHORT,DILUTION_SHORT,60,supported,2026-09-21 23:09:48.681911
1055702941273875556,2026-09-21,ESLA,2026-12-31,SHORT,DILUTION_SHORT,40,supported,2026-09-21 23:09:48.681911
1064093227499377860,2026-09-21,SNY,2026-10-14,NO TRADE,NO_EDGE,1,,2026-09-21 23:09:48.681911
1064097952497276106,2026-09-21,SHNTY,2026-12-31,NO TRADE,NO_EDGE,2,,2026-09-21 23:09:48.681911
1064460774881995089,2026-09-21,ORN,2026-10-31,SHORT,DILUTION_SHORT,31,supported,2026-09-21 23:09:48.681911
1069555332067829601,2026-09-21,MRK,2026-09-21,NO TRADE,NO_EDGE,6,,2026-09-21 23:09:48.681911
1071883477195429269,2026-09-21,IMUX,2026-11-01,NO TRADE,NO_EDGE,4,,2026-09-21 23:09:48.681911
1074849078858657583,2026-09-21,OCGN,2026-09-28,BUY VOL,VOL_BUY_CHEAP,43,untested,2026-09-21 23:09:48.681911
1080991591798066119,2026-09-21,IRON,2027-02-01,NO TRADE,NO_EDGE,4,,2026-09-21 23:09:48.681911
1083373184085764640,2026-09-21,NVO,2027-01-29,NO TRADE,NO_EDGE,1,,2026-09-21 23:09:48.681911
1083591072159416426,2026-09-21,AZN,2026-10-07,NO TRADE,NO_EDGE,4,,2026-09-21 23:09:48.681911
1086737037242384820,2026-09-21,MLTX,2026-09-28,BUY VOL,VOL_BUY_CHEAP,70,untested,2026-09-21 23:09:48.681911
1090442318526189002,2026-09-21,ACLX,2026-12-23,NO TRADE,NO_EDGE,4,,2026-09-21 23:09:48.681911
1098435263871917759,2026-09-21,SHNTY,2026-09-30,NO TRADE,NO_EDGE,2,,2026-09-21 23:09:48.681911
1098485338560595212,2026-09-21,IONS,2027-03-01,NO TRADE,NO_EDGE,3,,2026-09-21 23:09:48.681911
1107883911222999666,2026-09-21,CGEM,2027-02-27,LONG,BASE_RATE_LONG,29,weak,2026-09-21 23:09:48.681911
1111741790448869047,2026-09-21,LLY,2026-10-01,NO TRADE,NO_EDGE,1,,2026-09-21 23:09:48.681911
1115661091815337025,2026-09-21,MNKD,2027-03-01,NO TRADE,NO_EDGE,4,,2026-09-21 23:09:48.681911
1116979951023941593,2026-09-21,NVS,2027-02-22,NO TRADE,NO_EDGE,1,,2026-09-21 23:09:48.681911
1117274783998517557,2026-09-21,PFE,2026-12-30,NO TRADE,NO_EDGE,4,,2026-09-21 23:09:48.681911
1120231733031785774,2026-09-21,PMVP,2026-12-15,NO TRADE,NO_EDGE,8,,2026-09-21 23:09:48.681911
1124917677369366444,2026-09-21,SBFM,2027-02-01,NO TRADE,NO_EDGE,2,,2026-09-21 23:09:48.681911
1129069328609836496,2026-09-21,COYA,2027-01-01,NO TRADE,NO_EDGE,2,,2026-09-21 23:09:48.681911
1130592316199161627,2026-09-21,ABBV,2027-02-01,NO TRADE,NO_EDGE,3,,2026-09-21 23:09:48.681911
1133023200754732246,2026-09-21,LLY,2027-02-01,NO TRADE,NO_EDGE,3,,2026-09-21 23:09:48.681911
1137344999849900844,2026-09-21,CORT,2026-12-01,NO TRADE,NO_EDGE,2,,2026-09-21 23:09:48.681911
1140504301184142882,2026-09-21,CELZ,2027-01-31,SHORT,DILUTION_SHORT,51,supported,2026-09-21 23:09:48.681911
1147880790676437962,2026-09-21,VNDA,2026-12-01,BUY VOL,VOL_BUY_CHEAP,15,untested,2026-09-21 23:09:48.681911
1148655894592698436,2026-09-21,ONC,2026-11-01,NO TRADE,NO_EDGE,4,,2026-09-21 23:09:48.681911
1149492502398867425,2026-09-21,PFE,2026-12-04,NO TRADE,NO_EDGE,1,,2026-09-21 23:09:48.681911
1151220833485279542,2026-09-21,COGT,2027-03-01,SHORT,DILUTION_SHORT,17,supported,2026-09-21 23:09:48.681911
5908689688060934,2026-09-22,NBIX,2027-02-01,NO TRADE,NO_EDGE,2,,2026-09-22 10:42:52.640830
21472434693612275,2026-09-22,NVS,2027-02-26,NO TRADE,NO_EDGE,0,,2026-09-22 10:42:52.640830
27475574894590278,2026-09-22,SNY,2026-09-30,NO TRADE,NO_EDGE,3,,2026-09-22 10:42:52.640830
50375983196071472,2026-09-22,ABBV,2026-10-01,NO TRADE,NO_EDGE,2,,2026-09-22 10:42:52.640830
68064694239018827,2026-09-22,TLX,2027-01-01,NO TRADE,NO_EDGE,0,,2026-09-22 10:42:52.640830
68812751625955080,2026-09-22,NTHI,2026-12-30,SHORT,DILUTION_SHORT,39,supported,2026-09-22 10:42:52.640830
74773904448218393,2026-09-22,BMY,2026-10-19,NO TRADE,NO_EDGE,1,,2026-09-22 10:42:52.640830
83631644793199916,2026-09-22,LLY,2026-11-01,NO TRADE,NO_EDGE,2,,2026-09-22 10:42:52.640830
84144411003217329,2026-09-22,QNRX,2027-01-31,SHORT,RUNUP_FADE,31,not supported,2026-09-22 10:42:52.640830
93055653804308969,2026-09-22,EWTX,2027-03-01,SHORT,DILUTION_SHORT,5,supported,2026-09-22 10:42:52.640830
96414980762970471,2026-09-22,INO,2026-12-31,SHORT,DILUTION_SHORT,35,supported,2026-09-22 10:42:52.640830
102950193952033246,2026-09-22,IMUX,2026-11-01,SELL VOL,VOL_SELL_RICH,22,untested,2026-09-22 00:47:55.175163
110509215720897253,2026-09-22,TTRX,2027-01-20,SHORT,RUNUP_FADE,23,not supported,2026-09-22 10:42:52.640830
115185723597061232,2026-09-22,PFE,2026-12-31,NO TRADE,NO_EDGE,0,,2026-09-22 10:42:52.640830
131984470820949352,2026-09-22,QNRX,2026-12-30,SHORT,RUNUP_FADE,31,not supported,2026-09-22 10:42:52.640830
133098279794403238,2026-09-22,IMVT,2026-10-01,SELL VOL,VOL_SELL_RICH,46,untested,2026-09-22 10:42:52.640830
137190085832525722,2026-09-22,NVS,2027-02-26,NO TRADE,NO_EDGE,4,,2026-09-22 10:42:52.640830
141792823081270531,2026-09-22,OGN,2026-10-01,BUY VOL,VOL_BUY_CHEAP,73,untested,2026-09-22 10:42:52.640830
146167460664209734,2026-09-22,HELP,2027-03-18,NO TRADE,NO_EDGE,1,,2026-09-22 10:42:52.640830
149613298904818175,2026-09-22,PFE,2027-03-08,NO TRADE,NO_EDGE,3,,2026-09-22 10:42:52.640830
159251651238994846,2026-09-22,AMGN,2027-01-06,NO TRADE,NO_EDGE,4,,2026-09-22 10:42:52.640830
159314738899983951,2026-09-22,ABBV,2027-03-01,NO TRADE,NO_EDGE,3,,2026-09-22 10:42:52.640830
161771317641149346,2026-09-22,DBVT,2026-11-01,BUY VOL,VOL_BUY_CHEAP,22,untested,2026-09-22 00:47:55.175163
161855385960995621,2026-09-22,ANNX,2026-10-31,NO TRADE,NO_EDGE,4,,2026-09-22 10:42:52.640830
166743087750950943,2026-09-22,IBO,2026-12-31,SHORT,DILUTION_SHORT,7,supported,2026-09-22 10:42:52.640830
225612656098017037,2026-09-22,AZTR,2027-01-15,SHORT,DILUTION_SHORT,41,supported,2026-09-22 10:42:52.640830
225802608937042066,2026-09-22,INSM,2026-12-31,SHORT,DILUTION_SHORT,18,supported,2026-09-22 00:47:55.175163
233362191413713573,2026-09-22,TAK,2027-01-18,NO TRADE,NO_EDGE,1,,2026-09-22 10:42:52.640830
234822055845699325,2026-09-22,BMY,2027-01-06,NO TRADE,NO_EDGE,3,,2026-09-22 10:42:52.640830
236113631186984774,2026-09-22,REGN,2027-02-20,NO TRADE,NO_EDGE,1,,2026-09-22 10:42:52.640830
242495837709758000,2026-09-22,PHAT,2026-10-01,BUY VOL,VOL_BUY_CHEAP,37,untested,2026-09-22 00:47:55.175163
248496486193258712,2026-09-22,ANRO,2026-12-01,SELL VOL,VOL_SELL_RICH,22,untested,2026-09-22 00:47:55.175163
250224290790937052,2026-09-22,BNTX,2026-11-01,NO TRADE,NO_EDGE,3,,2026-09-22 10:42:52.640830
255034622971081376,2026-09-22,COGT,2026-11-30,LONG,BASE_RATE_LONG,29,weak,2026-09-22 10:42:52.640830
262203824504230882,2026-09-22,TVRD,2027-02-01,SHORT,DILUTION_SHORT,25,supported,2026-09-22 10:42:52.640830
269226740790565097,2026-09-22,ABBV,2027-01-01,NO TRADE,NO_EDGE,2,,2026-09-22 10:42:52.640830
273497771305295246,2026-09-22,KRYS,2026-12-01,NO TRADE,NO_EDGE,1,,2026-09-22 10:42:52.640830
274098570854831896,2026-09-22,ARGX,2026-10-01,NO TRADE,NO_EDGE,1,,2026-09-22 10:42:52.640830
278735505969029104,2026-09-22,ABBV,2027-03-01,NO TRADE,NO_EDGE,1,,2026-09-22 10:42:52.640830
280152524911491076,2026-09-22,GOVX,2026-12-31,SHORT,DILUTION_SHORT,55,supported,2026-09-22 00:47:55.175163
292407168323037190,2026-09-22,ALDX,2026-12-01,BUY VOL,VOL_BUY_CHEAP,16,untested,2026-09-22 10:42:52.640830
301662335527679988,2026-09-22,AURA,2026-11-30,SHORT,DILUTION_SHORT,22,supported,2026-09-22 10:42:52.640830
302402720714220874,2026-09-22,TNGX,2026-09-01,NO TRADE,NO_EDGE,5,,2026-09-22 10:42:52.640830
307518635584420795,2026-09-22,MDWD,2026-12-01,BUY VOL,VOL_BUY_CHEAP,25,untested,2026-09-22 10:42:52.640830
310031254084663129,2026-09-22,CNTB,2026-12-01,NO TRADE,NO_EDGE,7,,2026-09-22 10:42:52.640830
343885869048690232,2026-09-22,NAMS,2026-11-01,BUY VOL,VOL_BUY_CHEAP,18,untested,2026-09-22 10:42:52.640830
349971430306725202,2026-09-22,BCDA,2026-12-01,NO TRADE,NO_EDGE,4,,2026-09-22 10:42:52.640830
368813538721987721,2026-09-22,NVS,2027-01-25,NO TRADE,NO_EDGE,4,,2026-09-22 10:42:52.640830
370132512291805045,2026-09-22,AZN,2026-09-30,NO TRADE,NO_EDGE,0,,2026-09-22 10:42:52.640830
373954689374004458,2026-09-22,PFE,2026-12-31,NO TRADE,NO_EDGE,4,,2026-09-22 10:42:52.640830
381706385502149382,2026-09-22,AZN,2026-09-26,NO TRADE,NO_EDGE,3,,2026-09-22 10:42:52.640830
389716337969426138,2026-09-22,CLDX,2026-10-01,NO TRADE,NO_EDGE,3,,2026-09-22 10:42:52.640830
390474796628532622,2026-09-22,SKYE,2026-11-20,SHORT,DILUTION_SHORT,14,supported,2026-09-22 10:42:52.640830
396431658262726246,2026-09-22,RARE,2027-01-01,SHORT,DILUTION_SHORT,6,supported,2026-09-22 10:42:52.640830
396991972378637102,2026-09-22,NTHI,2026-11-30,SHORT,DILUTION_SHORT,40,supported,2026-09-22 10:42:52.640830
417949389279068482,2026-09-22,ABBV,2027-02-01,NO TRADE,NO_EDGE,2,,2026-09-22 10:42:52.640830
433822869339680826,2026-09-22,IRON,2026-10-01,BUY VOL,VOL_BUY_CHEAP,37,untested,2026-09-22 10:42:52.640830
434575756906607083,2026-09-22,BMY,2027-02-16,NO TRADE,NO_EDGE,0,,2026-09-22 10:42:52.640830
435572402079246865,2026-09-22,MLTX,2027-02-04,NO TRADE,NO_EDGE,3,,2026-09-22 10:42:52.640830
435649122225367913,2026-09-22,AVIR,2026-12-01,NO TRADE,NO_EDGE,3,,2026-09-22 10:42:52.640830
441201457313159655,2026-09-22,IMCR,2026-11-30,SELL VOL,VOL_SELL_RICH,99,untested,2026-09-22 00:47:55.175163
452933539683483806,2026-09-22,BIIB,2026-09-27,NO TRADE,NO_EDGE,1,,2026-09-22 10:42:52.640830
474691711946611635,2026-09-22,ADAG,2026-10-31,NO TRADE,NO_EDGE,2,,2026-09-22 10:42:52.640830
483306294086907796,2026-09-22,ARGX,2027-03-01,NO TRADE,NO_EDGE,1,,2026-09-22 10:42:52.640830
487841267066980184,2026-09-22,SUNI,2027-01-01,SHORT,DILUTION_SHORT,12,supported,2026-09-22 00:47:55.175163
490492667749895407,2026-09-22,AMGN,2027-01-21,NO TRADE,NO_EDGE,1,,2026-09-22 10:42:52.640830
491848082497852770,2026-09-22,QNRX,2026-12-30,SHORT,RUNUP_FADE,31,not supported,2026-09-22 10:42:52.640830
494381513945079716,2026-09-22,RYTM,2027-03-13,LONG,BASE_RATE_LONG,21,weak,2026-09-22 10:42:52.640830
494532038719456181,2026-09-22,BMY,2026-10-12,NO TRADE,NO_EDGE,3,,2026-09-22 10:42:52.640830
496183528672515851,2026-09-22,LLY,2026-11-01,NO TRADE,NO_EDGE,1,,2026-09-22 10:42:52.640830
504518372323109919,2026-09-22,NVS,2026-12-23,NO TRADE,NO_EDGE,4,,2026-09-22 10:42:52.640830
507965691958461353,2026-09-22,SLN,2026-09-01,NO TRADE,NO_EDGE,5,,2026-09-22 10:42:52.640830
520055922105974873,2026-09-22,VIR,2026-11-01,BUY VOL,VOL_BUY_CHEAP,25,untested,2026-09-22 10:42:52.640830
522496027252750694,2026-09-22,NVO,2026-10-01,NO TRADE,NO_EDGE,1,,2026-09-22 10:42:52.640830
529472749835000782,2026-09-22,AXSM,2026-12-01,NO TRADE,NO_EDGE,3,,2026-09-22 10:42:52.640830
531922255610958206,2026-09-22,CMND,2026-12-31,NO TRADE,NO_EDGE,6,,2026-09-22 10:42:52.640830
536654844824909747,2026-09-22,ARDX,2027-02-26,NO TRADE,NO_EDGE,4,,2026-09-22 10:42:52.640830
550770984088601417,2026-09-22,REGN,2026-11-13,NO TRADE,NO_EDGE,3,,2026-09-22 10:42:52.640830
558252592028877017,2026-09-22,PCRX,2026-12-01,BUY VOL,VOL_BUY_CHEAP,17,untested,2026-09-22 10:42:52.640830
558443163019692833,2026-09-22,SKBBY,2026-12-30,NO TRADE,NO_EDGE,2,,2026-09-22 10:42:52.640830
573435847797241740,2026-09-22,NTLA,2027-03-10,SHORT,DILUTION_SHORT,17,supported,2026-09-22 10:42:52.640830
574521295167980081,2026-09-22,ABVX,2026-12-01,NO TRADE,NO_EDGE,2,,2026-09-22 10:42:52.640830
581806079345890887,2026-09-22,NVS,2027-02-04,NO TRADE,NO_EDGE,3,,2026-09-22 10:42:52.640830
583579727859979907,2026-09-22,RNAC,2026-12-01,SELL VOL,VOL_SELL_RICH,60,untested,2026-09-22 10:42:52.640830
589180912933161750,2026-09-22,ALKS,2026-11-01,NO TRADE,NO_EDGE,2,,2026-09-22 10:42:52.640830
593703082225426947,2026-09-22,BRTX,2026-12-01,SHORT,DILUTION_SHORT,31,supported,2026-09-22 10:42:52.640830
605792516038310370,2026-09-22,AZN,2027-01-11,NO TRADE,NO_EDGE,1,,2026-09-22 10:42:52.640830
624629195242523235,2026-09-22,ONC,2026-12-31,NO TRADE,NO_EDGE,4,,2026-09-22 10:42:52.640830
626106268795251743,2026-09-22,BMY,2027-03-18,NO TRADE,NO_EDGE,4,,2026-09-22 10:42:52.640830
626246263853011393,2026-09-22,LTRN,2026-12-01,SHORT,DILUTION_SHORT,31,supported,2026-09-22 00:47:55.175163
627197171826391139,2026-09-22,IONS,2026-09-22,BUY VOL,VOL_BUY_CHEAP,38,untested,2026-09-22 10:42:52.640830
632915791984634521,2026-09-22,EWTX,2027-01-01,SHORT,DILUTION_SHORT,5,supported,2026-09-22 00:47:55.175163
633610557070501101,2026-09-22,ZURA,2026-11-01,SELL VOL,VOL_SELL_RICH,44,untested,2026-09-22 10:42:52.640830
640947704431986909,2026-09-22,GRCE,2027-03-01,NO TRADE,NO_EDGE,4,,2026-09-22 10:42:52.640830
642753341605117135,2026-09-22,VERX,2027-03-12,NO TRADE,NO_EDGE,4,,2026-09-22 10:42:52.640830
647019237411464491,2026-09-22,AZN,2026-10-31,NO TRADE,NO_EDGE,0,,2026-09-22 10:42:52.640830
654405720512636788,2026-09-22,SBFM,2026-12-30,NO TRADE,NO_EDGE,4,,2026-09-22 10:42:52.640830
655775238371644588,2026-09-22,DWTX,2026-12-01,SHORT,DILUTION_SHORT,35,supported,2026-09-22 00:47:55.175163
666695244088665572,2026-09-22,RCUS,2027-01-01,NO TRADE,NO_EDGE,4,,2026-09-22 10:42:52.640830
681390530154462512,2026-09-22,TAK,2026-10-31,NO TRADE,NO_EDGE,0,,2026-09-22 10:42:52.640830
709964016535378594,2026-09-22,ABBV,2026-09-01,NO TRADE,NO_EDGE,1,,2026-09-22 10:42:52.640830
722690761727789329,2026-09-22,IMCR,2026-10-01,NO TRADE,NO_EDGE,5,,2026-09-22 00:47:55.175163
729449591992865425,2026-09-22,REGN,2026-10-07,NO TRADE,NO_EDGE,1,,2026-09-22 10:42:52.640830
757761488965008448,2026-09-22,SLDB,2026-10-15,BUY VOL,VOL_BUY_CHEAP,39,untested,2026-09-22 00:47:55.175163
764194768413410289,2026-09-22,SNY,2026-12-01,NO TRADE,NO_EDGE,4,,2026-09-22 10:42:52.640830
767662838639222208,2026-09-22,MIRM,2026-09-26,BUY VOL,VOL_BUY_CHEAP,31,untested,2026-09-22 10:42:52.640830
769162463166394276,2026-09-22,SNY,2026-09-29,NO TRADE,NO_EDGE,3,,2026-09-22 10:42:52.640830
774786327377869577,2026-09-22,URGN,2027-03-01,SHORT,DILUTION_SHORT,4,supported,2026-09-22 10:42:52.640830
780546423956862194,2026-09-22,DMAC,2026-12-01,NO TRADE,NO_EDGE,3,,2026-09-22 10:42:52.640830
780791740296941732,2026-09-22,DFNS,2027-02-28,SHORT,DILUTION_SHORT,25,supported,2026-09-22 00:47:55.175163
784562518815610767,2026-09-22,GEHC,2026-12-01,NO TRADE,NO_EDGE,3,,2026-09-22 10:42:52.640830
795015977846587540,2026-09-22,LLY,2026-11-01,NO TRADE,NO_EDGE,1,,2026-09-22 10:42:52.640830
802435162071046445,2026-09-22,PFE,2026-12-31,NO TRADE,NO_EDGE,4,,2026-09-22 10:42:52.640830
811177242721446975,2026-09-22,CRBP,2026-11-01,NO TRADE,NO_EDGE,9,,2026-09-22 10:42:52.640830
814649937907544778,2026-09-22,ALGS,2027-03-01,SHORT,DILUTION_SHORT,5,supported,2026-09-22 10:42:52.640830
817508116591286787,2026-09-22,ONC,2026-11-01,NO TRADE,NO_EDGE,4,,2026-09-22 10:42:52.640830
828746618686760440,2026-09-22,BMEA,2027-03-01,SHORT,DILUTION_SHORT,54,supported,2026-09-22 10:42:52.640830
834277873803349925,2026-09-22,SXTP,2027-03-01,SHORT,DILUTION_SHORT,24,supported,2026-09-22 10:42:52.640830
834744906537399002,2026-09-22,VNDA,2026-09-01,NO TRADE,NO_EDGE,4,,2026-09-22 10:42:52.640830
846181020017886408,2026-09-22,SOGP,2026-12-01,NO TRADE,NO_EDGE,1,,2026-09-22 10:42:52.640830
858168342412770606,2026-09-22,ENLV,2027-02-01,NO TRADE,NO_EDGE,2,,2026-09-22 10:42:52.640830
866925310416622634,2026-09-22,KPTI,2026-12-01,SHORT,DILUTION_SHORT,14,supported,2026-09-22 10:42:52.640830
871451690115215623,2026-09-22,PGEN,2026-11-11,SHORT,DILUTION_SHORT,8,supported,2026-09-22 10:42:52.640830
877622113475905426,2026-09-22,SRPT,2026-12-31,SHORT,DILUTION_SHORT,7,supported,2026-09-22 10:42:52.640830
903798913751330930,2026-09-22,SYRE,2026-10-31,NO TRADE,NO_EDGE,6,,2026-09-22 10:42:52.640830
907197496213879161,2026-09-22,SUNI,2027-01-01,SHORT,DILUTION_SHORT,12,supported,2026-09-22 10:42:52.640830
918404018830644400,2026-09-22,DNLI,2026-12-01,NO TRADE,NO_EDGE,5,,2026-09-22 10:42:52.640830
925382059751345241,2026-09-22,TLSA,2026-09-01,NO TRADE,NO_EDGE,2,,2026-09-22 10:42:52.640830
927227397887179558,2026-09-22,AZN,2027-02-11,NO TRADE,NO_EDGE,3,,2026-09-22 10:42:52.640830
940029896160339359,2026-09-22,SXTP,2027-02-01,SHORT,DILUTION_SHORT,18,supported,2026-09-22 10:42:52.640830
944604394640722945,2026-09-22,VNDA,2026-12-01,NO TRADE,NO_EDGE,3,,2026-09-22 10:42:52.640830
946730411862307554,2026-09-22,BHVN,2026-12-01,SHORT,DILUTION_SHORT,29,supported,2026-09-22 10:42:52.640830
948917273401241698,2026-09-22,WVE,2026-09-01,NO TRADE,NO_EDGE,4,,2026-09-22 10:42:52.640830
966042397522168533,2026-09-22,TRAW,2026-12-01,SHORT,DILUTION_SHORT,7,supported,2026-09-22 10:42:52.640830
972228914591341862,2026-09-22,SOGP,2026-12-01,NO TRADE,NO_EDGE,1,,2026-09-22 10:42:52.640830
977726819793520492,2026-09-22,SRPT,2026-10-31,SHORT,DILUTION_SHORT,8,supported,2026-09-22 10:42:52.640830
979765115718867012,2026-09-22,APOG,2026-11-01,BUY VOL,VOL_BUY_CHEAP,32,untested,2026-09-22 10:42:52.640830
986222831977293147,2026-09-22,NVS,2026-09-30,NO TRADE,NO_EDGE,3,,2026-09-22 10:42:52.640830
1005586876714992166,2026-09-22,NPCE,2026-11-30,SELL VOL,VOL_SELL_RICH,66,untested,2026-09-22 10:42:52.640830
1038479953295881990,2026-09-22,MCUJF,2026-11-01,NO TRADE,NO_EDGE,4,,2026-09-22 10:42:52.640830
1039449576121312907,2026-09-22,NVO,2027-03-01,NO TRADE,NO_EDGE,1,,2026-09-22 10:42:52.640830
1046164427400144933,2026-09-22,GILD,2027-03-01,NO TRADE,NO_EDGE,2,,2026-09-22 10:42:52.640830
1049236594844534039,2026-09-22,DCTH,2026-12-01,NO TRADE,NO_EDGE,4,,2026-09-22 10:42:52.640830
1053390061336547340,2026-09-22,CRDF,2026-11-01,SHORT,RUNUP_FADE,7,not supported,2026-09-22 00:47:55.175163
1054988797500202616,2026-09-22,BFRI,2026-09-28,SHORT,DILUTION_SHORT,30,supported,2026-09-22 10:42:52.640830
1055702941273875556,2026-09-22,ESLA,2026-12-31,SHORT,DILUTION_SHORT,50,supported,2026-09-22 10:42:52.640830
1061371624908351827,2026-09-22,SHNTY,2026-12-01,NO TRADE,NO_EDGE,1,,2026-09-22 10:42:52.640830
1064460774881995089,2026-09-22,ORN,2026-10-31,SHORT,DILUTION_SHORT,8,supported,2026-09-22 10:42:52.640830
1068461824299533873,2026-09-22,TARA,2026-12-01,SELL VOL,VOL_SELL_RICH,25,untested,2026-09-22 10:42:52.640830
1071883477195429269,2026-09-22,IMUX,2026-11-01,SELL VOL,VOL_SELL_RICH,33,untested,2026-09-22 10:42:52.640830
1074849078858657583,2026-09-22,OCGN,2026-09-28,BUY VOL,VOL_BUY_CHEAP,51,untested,2026-09-22 10:42:52.640830
1075441263385450931,2026-09-22,ENTA,2026-12-01,NO TRADE,NO_EDGE,4,,2026-09-22 10:42:52.640830
1081461777834801722,2026-09-22,ABBV,2026-11-01,NO TRADE,NO_EDGE,3,,2026-09-22 10:42:52.640830
1102339413731314806,2026-09-22,SKBBY,2026-12-31,NO TRADE,NO_EDGE,0,,2026-09-22 10:42:52.640830
1121929598504760212,2026-09-22,LXEO,2026-12-01,NO TRADE,NO_EDGE,5,,2026-09-22 10:42:52.640830
1123531521241662864,2026-09-22,KOD,2027-02-01,NO TRADE,NO_EDGE,4,,2026-09-22 10:42:52.640830
1127685848791328437,2026-09-22,PCRX,2026-11-01,BUY VOL,VOL_BUY_CHEAP,37,untested,2026-09-22 10:42:52.640830
1140504301184142882,2026-09-22,CELZ,2027-01-31,SHORT,DILUTION_SHORT,69,supported,2026-09-22 00:47:55.175163
1146274445139574129,2026-09-22,TGTX,2027-01-21,NO TRADE,NO_EDGE,3,,2026-09-22 10:42:52.640830
1147880790676437962,2026-09-22,VNDA,2026-12-01,NO TRADE,NO_EDGE,2,,2026-09-22 10:42:52.640830
1148098767056567739,2026-09-22,BMY,2026-10-19,NO TRADE,NO_EDGE,1,,2026-09-22 10:42:52.640830
2040958445020164,2026-09-23,EIKN,2026-12-01,NO TRADE,NO_EDGE,3,,2026-09-23 22:11:16.294486
4832440370480978,2026-09-23,AZN,2026-08-28,NO TRADE,NO_EDGE,2,,2026-09-23 22:11:16.294486
5978206095410371,2026-09-23,SRPT,2026-10-31,SHORT,DILUTION_SHORT,4,supported,2026-09-23 22:11:16.294486
8084878826506187,2026-09-23,BHVN,2026-12-01,SHORT,DILUTION_SHORT,25,supported,2026-09-23 22:11:16.294486
10743478038343453,2026-09-23,VNDA,2027-03-01,NO TRADE,NO_EDGE,3,,2026-09-23 22:11:16.294486
13536735271395623,2026-09-23,DSGN,2026-09-01,NO TRADE,NO_EDGE,2,,2026-09-23 22:11:16.294486
21125081852248764,2026-09-23,NVS,2026-10-26,NO TRADE,NO_EDGE,1,,2026-09-23 22:11:16.294486
22003881259555582,2026-09-23,GILD,2027-03-01,NO TRADE,NO_EDGE,1,,2026-09-23 22:11:16.294486
26103479826367900,2026-09-23,ABBV,2026-12-18,NO TRADE,NO_EDGE,2,,2026-09-23 22:11:16.294486
26660633902126286,2026-09-23,LLY,2027-02-01,NO TRADE,NO_EDGE,0,,2026-09-23 22:11:16.294486
28706517489902385,2026-09-23,NVS,2026-12-30,NO TRADE,NO_EDGE,1,,2026-09-23 22:11:16.294486
33780954436919181,2026-09-23,ANNX,2026-12-31,NO TRADE,NO_EDGE,3,,2026-09-23 22:11:16.294486
34292288621742435,2026-09-23,VNDA,2026-09-01,NO TRADE,NO_EDGE,3,,2026-09-23 22:11:16.294486
36211594750352460,2026-09-23,MRK,2026-08-18,NO TRADE,NO_EDGE,2,,2026-09-23 22:11:16.294486
39655341464214207,2026-09-23,NVS,2027-01-29,NO TRADE,NO_EDGE,1,,2026-09-23 22:11:16.294486
40173692341518013,2026-09-23,SNY,2026-12-17,NO TRADE,NO_EDGE,2,,2026-09-23 22:11:16.294486
44388507751108970,2026-09-23,VNDA,2026-12-01,NO TRADE,NO_EDGE,1,,2026-09-23 22:11:16.294486
48558517586801874,2026-09-23,PFE,2026-12-30,NO TRADE,NO_EDGE,0,,2026-09-23 22:11:16.294486
49685209125437183,2026-09-23,COCP,2026-10-01,NO TRADE,NO_EDGE,3,,2026-09-23 22:11:16.294486
59461478780323741,2026-09-23,ENTA,2026-12-01,NO TRADE,NO_EDGE,3,,2026-09-23 22:11:16.294486
60676128956965869,2026-09-23,AZN,2026-08-10,NO TRADE,NO_EDGE,2,,2026-09-23 22:11:16.294486
69618634553583032,2026-09-23,SKBBY,2026-12-31,NO TRADE,NO_EDGE,0,,2026-09-23 22:11:16.294486
70559294966787961,2026-09-23,AVIR,2026-09-01,NO TRADE,NO_EDGE,2,,2026-09-23 22:11:16.294486
76734096538974448,2026-09-23,PFE,2027-01-18,NO TRADE,NO_EDGE,1,,2026-09-23 22:11:16.294486
77554662523297424,2026-09-23,INO,2026-12-31,SHORT,DILUTION_SHORT,17,supported,2026-09-23 22:11:16.294486
78122767944017542,2026-09-23,TLSA,2026-09-01,NO TRADE,NO_EDGE,1,,2026-09-23 22:11:16.294486
80330085181690575,2026-09-23,RYTM,2026-10-31,NO TRADE,NO_EDGE,3,,2026-09-23 22:11:16.294486
81755227632725144,2026-09-23,VNDA,2026-12-12,SELL VOL,VOL_SELL_RICH,38,untested,2026-09-23 22:11:16.294486
84082560484402082,2026-09-23,CRBP,2026-11-01,NO TRADE,NO_EDGE,4,,2026-09-23 22:11:16.294486
93108439502766171,2026-09-23,AZN,2026-10-31,NO TRADE,NO_EDGE,0,,2026-09-23 22:11:16.294486
106592888896929838,2026-09-23,IBO,2026-12-31,SHORT,DILUTION_SHORT,3,supported,2026-09-23 22:11:16.294486
109801316871451022,2026-09-23,NVS,2026-10-15,NO TRADE,NO_EDGE,2,,2026-09-23 22:11:16.294486
110606932296341210,2026-09-23,BMY,2027-02-16,NO TRADE,NO_EDGE,0,,2026-09-23 22:11:16.294486
111151383584651636,2026-09-23,BMY,2027-03-18,NO TRADE,NO_EDGE,2,,2026-09-23 22:11:16.294486
112627640842879098,2026-09-23,SXTP,2027-03-01,SHORT,DILUTION_SHORT,11,supported,2026-09-23 22:11:16.294486
117714742304006623,2026-09-23,ZURA,2026-11-01,SELL VOL,VOL_SELL_RICH,38,untested,2026-09-23 22:11:16.294486
129264643347252318,2026-09-23,AAPG,2026-12-01,NO TRADE,NO_EDGE,1,,2026-09-23 22:11:16.294486
129363082002298198,2026-09-23,VIR,2026-12-01,BUY VOL,VOL_BUY_CHEAP,18,untested,2026-09-23 22:11:16.294486
135555395962559140,2026-09-23,LXEO,2026-12-01,NO TRADE,NO_EDGE,3,,2026-09-23 22:11:16.294486
135985645997799673,2026-09-23,ALKS,2026-11-01,NO TRADE,NO_EDGE,2,,2026-09-23 22:11:16.294486
137895195060967883,2026-09-23,TTRX,2027-01-20,SHORT,RUNUP_FADE,11,not supported,2026-09-23 22:11:16.294486
145837316150516383,2026-09-23,REGN,2026-10-01,NO TRADE,NO_EDGE,2,,2026-09-23 22:11:16.294486
145970663636511886,2026-09-23,INCY,2027-01-06,NO TRADE,NO_EDGE,2,,2026-09-23 22:11:16.294486
147442147414825091,2026-09-23,SOGP,2026-12-01,NO TRADE,NO_EDGE,1,,2026-09-23 22:11:16.294486
152416673699301433,2026-09-23,GNLX,2027-02-01,NO TRADE,NO_EDGE,2,,2026-09-23 22:11:16.294486
153811303099147505,2026-09-23,CGON,2026-11-01,NO TRADE,NO_EDGE,1,,2026-09-23 22:11:16.294486
156196833772122087,2026-09-23,SVA,2027-01-01,NO TRADE,NO_EDGE,1,,2026-09-23 22:11:16.294486
159191745803891366,2026-09-23,ONC,2027-03-01,LONG,BASE_RATE_LONG,9,weak,2026-09-23 22:11:16.294486
159667543942525892,2026-09-23,RCUS,2027-01-01,NO TRADE,NO_EDGE,3,,2026-09-23 22:11:16.294486
164859759516067863,2026-09-23,SHNTY,2026-12-31,NO TRADE,NO_EDGE,1,,2026-09-23 22:11:16.294486
168067074125661592,2026-09-23,MDWD,2026-12-01,BUY VOL,VOL_BUY_CHEAP,16,untested,2026-09-23 22:11:16.294486
171511541672933515,2026-09-23,NVS,2027-02-04,NO TRADE,NO_EDGE,1,,2026-09-23 22:11:16.294486
185035299935432941,2026-09-23,SKM,2026-12-09,NO TRADE,NO_EDGE,2,,2026-09-23 22:11:16.294486
187562190626558240,2026-09-23,SNY,2027-02-17,NO TRADE,NO_EDGE,1,,2026-09-23 22:11:16.294486
188427137726646978,2026-09-23,MRK,2026-11-06,NO TRADE,NO_EDGE,1,,2026-09-23 22:11:16.294486
188488292460551413,2026-09-23,GRCE,2027-03-01,NO TRADE,NO_EDGE,2,,2026-09-23 22:11:16.294486
190948796692578335,2026-09-23,CSLLY,2026-10-26,NO TRADE,NO_EDGE,1,,2026-09-23 22:11:16.294486
195060417997431261,2026-09-23,PCRX,2026-11-01,BUY VOL,VOL_BUY_CHEAP,24,untested,2026-09-23 22:11:16.294486
196163649142388761,2026-09-23,ABBV,2027-02-01,NO TRADE,NO_EDGE,2,,2026-09-23 22:11:16.294486
202482532335904823,2026-09-23,OLMA,2026-10-31,BUY VOL,VOL_BUY_CHEAP,14,untested,2026-09-23 22:11:16.294486
213250672234912554,2026-09-23,TAK,2026-10-31,NO TRADE,NO_EDGE,0,,2026-09-23 22:11:16.294486
213699131008100806,2026-09-23,TLTFF,2026-12-01,NO TRADE,NO_EDGE,1,,2026-09-23 22:11:16.294486
214015122100704304,2026-09-23,KOD,2027-02-01,NO TRADE,NO_EDGE,3,,2026-09-23 22:11:16.294486
215079921909060486,2026-09-23,ADAG,2026-10-31,NO TRADE,NO_EDGE,1,,2026-09-23 22:11:16.294486
217983022454879166,2026-09-23,ORN,2026-10-31,SHORT,DILUTION_SHORT,4,supported,2026-09-23 22:11:16.294486
220172835346836955,2026-09-23,SKBBY,2026-11-30,NO TRADE,NO_EDGE,0,,2026-09-23 22:11:16.294486
222722794980540582,2026-09-23,REGN,2026-10-12,NO TRADE,NO_EDGE,1,,2026-09-23 22:11:16.294486
234894332471052103,2026-09-23,KPTI,2026-09-01,NO TRADE,NO_EDGE,3,,2026-09-23 22:11:16.294486
235369045599790266,2026-09-23,BMY,2027-03-11,NO TRADE,NO_EDGE,0,,2026-09-23 22:11:16.294486
240109081601923467,2026-09-23,SNY,2026-08-08,NO TRADE,NO_EDGE,1,,2026-09-23 22:11:16.294486
242056439125505434,2026-09-23,AMGN,2027-01-21,NO TRADE,NO_EDGE,0,,2026-09-23 22:11:16.294486
243102647425195760,2026-09-23,QNRX,2026-12-30,SHORT,RUNUP_FADE,15,not supported,2026-09-23 22:11:16.294486
244897065606305337,2026-09-23,PFE,2026-10-30,NO TRADE,NO_EDGE,0,,2026-09-23 22:11:16.294486
245546760782664881,2026-09-23,SNY,2026-09-29,NO TRADE,NO_EDGE,2,,2026-09-23 22:11:16.294486
245989603336722563,2026-09-23,URGN,2027-03-01,SHORT,DILUTION_SHORT,3,supported,2026-09-23 22:11:16.294486
249465807002134772,2026-09-23,ALZN,2026-12-01,NO TRADE,NO_EDGE,2,,2026-09-23 22:11:16.294486
255310249991674994,2026-09-23,SVA,2026-11-01,NO TRADE,NO_EDGE,1,,2026-09-23 22:11:16.294486
257909905331991535,2026-09-23,SBFM,2026-12-30,NO TRADE,NO_EDGE,2,,2026-09-23 22:11:16.294486
264119304389514111,2026-09-23,PFE,2026-12-28,NO TRADE,NO_EDGE,0,,2026-09-23 22:11:16.294486
265804755397974544,2026-09-23,ZBIO,2026-10-01,NO TRADE,NO_EDGE,4,,2026-09-23 22:11:16.294486
266007992594077856,2026-09-23,SXTP,2027-02-01,SHORT,DILUTION_SHORT,11,supported,2026-09-23 22:11:16.294486
269845961825483905,2026-09-23,NTHI,2026-12-30,SHORT,DILUTION_SHORT,19,supported,2026-09-23 22:11:16.294486
275423972510889716,2026-09-23,ABBV,2026-10-01,NO TRADE,NO_EDGE,2,,2026-09-23 22:11:16.294486
276075869374735298,2026-09-23,GNLX,2026-12-01,SELL VOL,VOL_SELL_RICH,29,untested,2026-09-23 22:11:16.294486
277778883530085385,2026-09-23,MAZE,2026-09-01,NO TRADE,NO_EDGE,4,,2026-09-23 22:11:16.294486
277824669913728157,2026-09-23,BMY,2026-12-14,NO TRADE,NO_EDGE,2,,2026-09-23 22:11:16.294486
283688094905461036,2026-09-23,INCY,2026-09-30,NO TRADE,NO_EDGE,2,,2026-09-23 22:11:16.294486
284250030838530712,2026-09-23,TAK,2027-01-18,NO TRADE,NO_EDGE,1,,2026-09-23 22:11:16.294486
287851770778242386,2026-09-23,SKBBY,2026-11-01,NO TRADE,NO_EDGE,0,,2026-09-23 22:11:16.294486
291766879031997640,2026-09-23,ABBV,2027-03-01,NO TRADE,NO_EDGE,2,,2026-09-23 22:11:16.294486
293178173489735454,2026-09-23,REGN,2026-11-02,NO TRADE,NO_EDGE,2,,2026-09-23 22:11:16.294486
297268046820125394,2026-09-23,AZN,2026-08-14,NO TRADE,NO_EDGE,1,,2026-09-23 22:11:16.294486
298848119851057385,2026-09-23,NVS,2027-02-26,NO TRADE,NO_EDGE,0,,2026-09-23 22:11:16.294486
303048066102465063,2026-09-23,DNLI,2026-12-01,NO TRADE,NO_EDGE,3,,2026-09-23 22:11:16.294486
305667119210048200,2026-09-23,LLY,2027-03-01,NO TRADE,NO_EDGE,2,,2026-09-23 22:11:16.294486
310231950393409518,2026-09-23,PRAX,2026-12-01,NO TRADE,NO_EDGE,2,,2026-09-23 22:11:16.294486
311627460685091568,2026-09-23,ABBV,2027-03-01,NO TRADE,NO_EDGE,1,,2026-09-23 22:11:16.294486
316035730884334310,2026-09-23,REGN,2026-12-03,NO TRADE,NO_EDGE,1,,2026-09-23 22:11:16.294486
317540180411150621,2026-09-23,AZN,2027-01-06,NO TRADE,NO_EDGE,1,,2026-09-23 22:11:16.294486
321491470283188518,2026-09-23,REGN,2026-10-07,NO TRADE,NO_EDGE,1,,2026-09-23 22:11:16.294486
322836055788178093,2026-09-23,ORIC,2026-09-01,NO TRADE,NO_EDGE,3,,2026-09-23 22:11:16.294486
324511671604606078,2026-09-23,TAK,2027-03-16,NO TRADE,NO_EDGE,0,,2026-09-23 22:11:16.294486
332472580338232532,2026-09-23,GMAB,2027-02-01,NO TRADE,NO_EDGE,0,,2026-09-23 22:11:16.294486
333753876283161197,2026-09-23,TAK,2026-12-31,NO TRADE,NO_EDGE,1,,2026-09-23 22:11:16.294486
338212856055025312,2026-09-23,ARDX,2027-02-26,NO TRADE,NO_EDGE,2,,2026-09-23 22:11:16.294486
343274961073921009,2026-09-23,KRYS,2026-12-01,NO TRADE,NO_EDGE,1,,2026-09-23 22:11:16.294486
347082926034707315,2026-09-23,TRAW,2026-12-01,SHORT,DILUTION_SHORT,4,supported,2026-09-23 22:11:16.294486
348068757861962568,2026-09-23,NVO,2026-12-14,NO TRADE,NO_EDGE,2,,2026-09-23 22:11:16.294486
349065816416993860,2026-09-23,AZN,2027-02-23,NO TRADE,NO_EDGE,1,,2026-09-23 22:11:16.294486
349602536475904843,2026-09-23,GILD,2027-03-01,NO TRADE,NO_EDGE,2,,2026-09-23 22:11:16.294486
351428928607203686,2026-09-23,SNY,2026-12-01,NO TRADE,NO_EDGE,2,,2026-09-23 22:11:16.294486
354588249270103349,2026-09-23,SHNTY,2026-12-31,NO TRADE,NO_EDGE,1,,2026-09-23 22:11:16.294486
354775616678800468,2026-09-23,SNY,2026-08-25,NO TRADE,NO_EDGE,2,,2026-09-23 22:11:16.294486
357287162242363955,2026-09-23,PCVX,2027-03-01,NO TRADE,NO_EDGE,3,,2026-09-23 22:11:16.294486
363388718250708093,2026-09-23,KRYS,2027-02-01,NO TRADE,NO_EDGE,2,,2026-09-23 22:11:16.294486
366537419728637632,2026-09-23,BMY,2026-10-12,NO TRADE,NO_EDGE,1,,2026-09-23 22:11:16.294486
369263753648152639,2026-09-23,AMGN,2026-11-30,NO TRADE,NO_EDGE,2,,2026-09-23 22:11:16.294486
376576342285556046,2026-09-23,ABBV,2027-03-01,NO TRADE,NO_EDGE,1,,2026-09-23 22:11:16.294486
377458400005581541,2026-09-23,INCY,2026-11-20,NO TRADE,NO_EDGE,2,,2026-09-23 22:11:16.294486
378615743626034077,2026-09-23,INCY,2026-11-05,NO TRADE,NO_EDGE,2,,2026-09-23 22:11:16.294486
385659681757210970,2026-09-23,EWTX,2027-03-01,SHORT,DILUTION_SHORT,3,supported,2026-09-23 22:11:16.294486
389471589743524773,2026-09-23,SNY,2026-09-30,NO TRADE,NO_EDGE,2,,2026-09-23 22:11:16.294486
390616530852334748,2026-09-23,NBIX,2027-02-01,NO TRADE,NO_EDGE,2,,2026-09-23 22:11:16.294486
392297285546134333,2026-09-23,ESLA,2026-12-31,SHORT,DILUTION_SHORT,24,supported,2026-09-23 22:11:16.294486
399699137397599967,2026-09-23,NAMS,2026-11-01,BUY VOL,VOL_BUY_CHEAP,31,untested,2026-09-23 22:11:16.294486
402220546077580440,2026-09-23,HELP,2027-03-18,NO TRADE,NO_EDGE,0,,2026-09-23 22:11:16.294486
403226355168887021,2026-09-23,ARGX,2027-02-01,NO TRADE,NO_EDGE,2,,2026-09-23 22:11:16.294486
407033985381428632,2026-09-23,AZN,2026-11-30,NO TRADE,NO_EDGE,2,,2026-09-23 22:11:16.294486
407434422317765700,2026-09-23,MIRM,2027-01-01,NO TRADE,NO_EDGE,2,,2026-09-23 22:11:16.294486
407684900205283212,2026-09-23,SNY,2026-09-04,NO TRADE,NO_EDGE,2,,2026-09-23 22:11:16.294486
408014851454434370,2026-09-23,LLY,2026-11-01,NO TRADE,NO_EDGE,0,,2026-09-23 22:11:16.294486
414499561703375333,2026-09-23,BIIB,2027-01-01,NO TRADE,NO_EDGE,1,,2026-09-23 22:11:16.294486
414690323667417394,2026-09-23,SBFM,2027-02-01,NO TRADE,NO_EDGE,1,,2026-09-23 22:11:16.294486
416361423507090142,2026-09-23,NTHI,2026-11-30,SHORT,DILUTION_SHORT,19,supported,2026-09-23 22:11:16.294486
417975517322335243,2026-09-23,SNY,2027-01-18,NO TRADE,NO_EDGE,2,,2026-09-23 22:11:16.294486
424500644863167271,2026-09-23,ARGX,2026-11-01,NO TRADE,NO_EDGE,2,,2026-09-23 22:11:16.294486
424646030731471363,2026-09-23,NVS,2027-02-26,NO TRADE,NO_EDGE,2,,2026-09-23 22:11:16.294486
428492113431599272,2026-09-23,NVO,2027-03-01,NO TRADE,NO_EDGE,0,,2026-09-23 22:11:16.294486
431096917530418116,2026-09-23,SKYE,2026-11-20,SHORT,DILUTION_SHORT,7,supported,2026-09-23 22:11:16.294486
434396532549383721,2026-09-23,TVRD,2027-02-01,SHORT,DILUTION_SHORT,12,supported,2026-09-23 22:11:16.294486
434891829620484575,2026-09-23,SYRE,2026-10-31,NO TRADE,NO_EDGE,3,,2026-09-23 22:11:16.294486
438205696156376319,2026-09-23,SBFM,2027-02-01,NO TRADE,NO_EDGE,2,,2026-09-23 22:11:16.294486
440086776435942126,2026-09-23,ABBV,2026-12-01,NO TRADE,NO_EDGE,1,,2026-09-23 22:11:16.294486
444005609675918019,2026-09-23,BCDA,2026-12-01,NO TRADE,NO_EDGE,2,,2026-09-23 22:11:16.294486
446867278314914199,2026-09-23,SHNTY,2026-12-10,NO TRADE,NO_EDGE,1,,2026-09-23 22:11:16.294486
448568732444518764,2026-09-23,IONS,2027-03-01,NO TRADE,NO_EDGE,3,,2026-09-23 22:11:16.294486
448579930358021997,2026-09-23,AZN,2026-10-07,NO TRADE,NO_EDGE,2,,2026-09-23 22:11:16.294486
450099327560985112,2026-09-23,TPB,2026-09-30,BUY VOL,VOL_BUY_CHEAP,39,untested,2026-09-23 22:11:16.294486
456235875292794218,2026-09-23,OCS,2026-12-01,NO TRADE,NO_EDGE,0,,2026-09-23 22:11:16.294486
457830580311086571,2026-09-23,PEPG,2027-03-01,NO TRADE,NO_EDGE,3,,2026-09-23 22:11:16.294486
465100430693071918,2026-09-23,TGTX,2026-10-31,NO TRADE,NO_EDGE,2,,2026-09-23 22:11:16.294486
466952810223961067,2026-09-23,AMGN,2026-10-31,NO TRADE,NO_EDGE,2,,2026-09-23 22:11:16.294486
471584986604389576,2026-09-23,ABBV,2027-02-01,NO TRADE,NO_EDGE,2,,2026-09-23 22:11:16.294486
476160906439654898,2026-09-23,ABVX,2026-12-01,NO TRADE,NO_EDGE,2,,2026-09-23 22:11:16.294486
483229701999033256,2026-09-23,DNLI,2027-03-01,NO TRADE,NO_EDGE,3,,2026-09-23 22:11:16.294486
484428134107589503,2026-09-23,GKOS,2026-09-01,NO TRADE,NO_EDGE,3,,2026-09-23 22:11:16.294486
485620281039732879,2026-09-23,ARWR,2026-09-30,NO TRADE,NO_EDGE,3,,2026-09-23 22:11:16.294486
486502798716850046,2026-09-23,LLY,2026-09-01,NO TRADE,NO_EDGE,1,,2026-09-23 22:11:16.294486
494015630183486818,2026-09-23,RNAC,2027-01-01,SELL VOL,VOL_SELL_RICH,38,untested,2026-09-23 22:11:16.294486
495701669163483908,2026-09-23,INCY,2026-10-09,NO TRADE,NO_EDGE,1,,2026-09-23 22:11:16.294486
497870441422781163,2026-09-23,NAMS,2026-11-01,BUY VOL,VOL_BUY_CHEAP,12,untested,2026-09-23 22:11:16.294486
502084141253067428,2026-09-23,BMY,2026-09-30,NO TRADE,NO_EDGE,2,,2026-09-23 22:11:16.294486
504475029560748347,2026-09-23,PFE,2027-03-08,NO TRADE,NO_EDGE,2,,2026-09-23 22:11:16.294486
505401560654095103,2026-09-23,ABBV,2026-11-01,NO TRADE,NO_EDGE,2,,2026-09-23 22:11:16.294486
512310984193858411,2026-09-23,OGN,2026-10-01,BUY VOL,VOL_BUY_CHEAP,47,untested,2026-09-23 22:11:16.294486
515561521275700185,2026-09-23,AZN,2027-02-18,NO TRADE,NO_EDGE,1,,2026-09-23 22:11:16.294486
516497347388972942,2026-09-23,SNY,2027-01-19,NO TRADE,NO_EDGE,2,,2026-09-23 22:11:16.294486
516594682611852416,2026-09-23,NVS,2026-12-14,NO TRADE,NO_EDGE,2,,2026-09-23 22:11:16.294486
517179672250610809,2026-09-23,TYRA,2026-11-01,NO TRADE,NO_EDGE,4,,2026-09-23 22:11:16.294486
525237001390404904,2026-09-23,BMY,2026-10-19,NO TRADE,NO_EDGE,1,,2026-09-23 22:11:16.294486
525327393818438071,2026-09-23,AZN,2026-09-30,NO TRADE,NO_EDGE,0,,2026-09-23 22:11:16.294486
529603909307222670,2026-09-23,OCGN,2026-09-28,BUY VOL,VOL_BUY_CHEAP,24,untested,2026-09-23 22:11:16.294486
535451474782482941,2026-09-23,GILD,2026-10-01,NO TRADE,NO_EDGE,2,,2026-09-23 22:11:16.294486
536825938811145613,2026-09-23,BPRE,2027-03-01,NO TRADE,NO_EDGE,0,,2026-09-23 22:11:16.294486
538314392257602653,2026-09-23,SNY,2027-01-08,NO TRADE,NO_EDGE,1,,2026-09-23 22:11:16.294486
539014660488604204,2026-09-23,SNY,2026-12-01,NO TRADE,NO_EDGE,1,,2026-09-23 22:11:16.294486
543925322226572699,2026-09-23,VNDA,2026-09-01,NO TRADE,NO_EDGE,3,,2026-09-23 22:11:16.294486
562302041335734616,2026-09-23,SKBBY,2026-12-30,NO TRADE,NO_EDGE,1,,2026-09-23 22:11:16.294486
563798195078882571,2026-09-23,PFE,2026-12-02,NO TRADE,NO_EDGE,1,,2026-09-23 22:11:16.294486
566622090163402531,2026-09-23,TDAC,2026-08-31,SHORT,DILUTION_SHORT,7,supported,2026-09-23 22:11:16.294486
567254601215390044,2026-09-23,AZN,2026-09-30,NO TRADE,NO_EDGE,0,,2026-09-23 22:11:16.294486
567970907704416605,2026-09-23,MRK,2026-10-22,NO TRADE,NO_EDGE,2,,2026-09-23 22:11:16.294486
573080670483040041,2026-09-23,CMND,2026-12-31,NO TRADE,NO_EDGE,3,,2026-09-23 22:11:16.294486
576101490349224052,2026-09-23,BMY,2026-11-02,NO TRADE,NO_EDGE,2,,2026-09-23 22:11:16.294486
576616336835094038,2026-09-23,PCVX,2027-03-01,NO TRADE,NO_EDGE,3,,2026-09-23 22:11:16.294486
581769260680613230,2026-09-23,AZN,2026-10-23,NO TRADE,NO_EDGE,2,,2026-09-23 22:11:16.294486
583841792119003694,2026-09-23,MNKD,2027-03-01,NO TRADE,NO_EDGE,3,,2026-09-23 22:11:16.294486
584006259936981770,2026-09-23,REGN,2027-02-20,NO TRADE,NO_EDGE,0,,2026-09-23 22:11:16.294486
588663334501047985,2026-09-23,GMAB,2027-03-01,NO TRADE,NO_EDGE,1,,2026-09-23 22:11:16.294486
588801676132977380,2026-09-23,DSGN,2026-12-01,NO TRADE,NO_EDGE,3,,2026-09-23 22:11:16.294486
591102895641557880,2026-09-23,LLY,2026-12-01,NO TRADE,NO_EDGE,2,,2026-09-23 22:11:16.294486
605293657098791556,2026-09-23,AZN,2026-08-10,NO TRADE,NO_EDGE,0,,2026-09-23 22:11:16.294486
611488181082957162,2026-09-23,ABBV,2027-02-01,NO TRADE,NO_EDGE,2,,2026-09-23 22:11:16.294486
611906306832758010,2026-09-23,BMY,2026-10-19,NO TRADE,NO_EDGE,1,,2026-09-23 22:11:16.294486
623695728029807590,2026-09-23,AZN,2027-01-11,NO TRADE,NO_EDGE,1,,2026-09-23 22:11:16.294486
628546143285964598,2026-09-23,ALGS,2027-03-01,SHORT,DILUTION_SHORT,4,supported,2026-09-23 22:11:16.294486
631314769147292334,2026-09-23,TVTX,2027-03-12,NO TRADE,NO_EDGE,3,,2026-09-23 22:11:16.294486
631795320845185348,2026-09-23,BNTX,2026-11-01,NO TRADE,NO_EDGE,2,,2026-09-23 22:11:16.294486
642684033635957846,2026-09-23,NVO,2026-10-01,NO TRADE,NO_EDGE,0,,2026-09-23 22:11:16.294486
646899162777183084,2026-09-23,TNGX,2026-09-01,NO TRADE,NO_EDGE,3,,2026-09-23 22:11:16.294486
651272359782310090,2026-09-23,QNRX,2026-12-30,SHORT,RUNUP_FADE,15,not supported,2026-09-23 22:11:16.294486
653345432307573542,2026-09-23,BIIB,2027-01-01,NO TRADE,NO_EDGE,1,,2026-09-23 22:11:16.294486
655219952691569459,2026-09-23,NVS,2027-02-02,NO TRADE,NO_EDGE,2,,2026-09-23 22:11:16.294486
655310928139233826,2026-09-23,VERX,2026-09-17,NO TRADE,NO_EDGE,0,,2026-09-23 22:11:16.294486
657637252621066173,2026-09-23,MRK,2026-10-28,NO TRADE,NO_EDGE,0,,2026-09-23 22:11:16.294486
660445380378588824,2026-09-23,LLY,2026-10-01,NO TRADE,NO_EDGE,0,,2026-09-23 22:11:16.294486
661498549548727979,2026-09-23,IONS,2026-12-01,NO TRADE,NO_EDGE,3,,2026-09-23 22:11:16.294486
667236484062676299,2026-09-23,AXSM,2026-12-01,NO TRADE,NO_EDGE,2,,2026-09-23 22:11:16.294486
667536044556286082,2026-09-23,IMVT,2026-10-01,SELL VOL,VOL_SELL_RICH,37,untested,2026-09-23 22:11:16.294486
668396160554189035,2026-09-23,ABBV,2027-01-01,NO TRADE,NO_EDGE,1,,2026-09-23 22:11:16.294486
670618718158885917,2026-09-23,AZN,2027-01-18,NO TRADE,NO_EDGE,2,,2026-09-23 22:11:16.294486
672396398116636906,2026-09-23,NVS,2027-02-22,NO TRADE,NO_EDGE,1,,2026-09-23 22:11:16.294486
679354462716371856,2026-09-23,IRON,2026-10-01,BUY VOL,VOL_BUY_CHEAP,32,untested,2026-09-23 22:11:16.294486
692990852841348072,2026-09-23,JAZZ,2026-09-30,BUY VOL,VOL_BUY_CHEAP,30,untested,2026-09-23 22:11:16.294486
694708667645682281,2026-09-23,ENLV,2027-02-01,NO TRADE,NO_EDGE,2,,2026-09-23 22:11:16.294486
698661310656008056,2026-09-23,CLDX,2026-10-01,BUY VOL,VOL_BUY_CHEAP,42,untested,2026-09-23 22:11:16.294486
708034709521217812,2026-09-23,BRTX,2026-12-01,SHORT,DILUTION_SHORT,20,supported,2026-09-23 22:11:16.294486
709074361505343296,2026-09-23,TARA,2026-12-01,SELL VOL,VOL_SELL_RICH,17,untested,2026-09-23 22:11:16.294486
714567846593600733,2026-09-23,OCUL,2027-01-08,NO TRADE,NO_EDGE,2,,2026-09-23 22:11:16.294486
717740156932259330,2026-09-23,AURA,2026-11-30,SHORT,DILUTION_SHORT,10,supported,2026-09-23 22:11:16.294486
724020296618493750,2026-09-23,AZN,2026-08-24,NO TRADE,NO_EDGE,0,,2026-09-23 22:11:16.294486
728261162773703756,2026-09-23,AVIR,2026-12-01,NO TRADE,NO_EDGE,2,,2026-09-23 22:11:16.294486
734924778535255642,2026-09-23,TAK,2027-02-17,NO TRADE,NO_EDGE,2,,2026-09-23 22:11:16.294486
735538332787074902,2026-09-23,BMY,2027-01-06,NO TRADE,NO_EDGE,1,,2026-09-23 22:11:16.294486
749647068490941075,2026-09-23,MANE,2026-12-01,NO TRADE,NO_EDGE,2,,2026-09-23 22:11:16.294486
754465759011534798,2026-09-23,MCUJF,2026-11-01,NO TRADE,NO_EDGE,2,,2026-09-23 22:11:16.294486
763369691522276685,2026-09-23,CADL,2027-02-01,NO TRADE,NO_EDGE,3,,2026-09-23 22:11:16.294486
765947977608466609,2026-09-23,AMGN,2026-10-22,NO TRADE,NO_EDGE,1,,2026-09-23 22:11:16.294486
768137440059647371,2026-09-23,ABBV,2026-11-01,NO TRADE,NO_EDGE,2,,2026-09-23 22:11:16.294486
768266530433644080,2026-09-23,INCY,2026-09-01,NO TRADE,NO_EDGE,1,,2026-09-23 22:11:16.294486
769609227091134360,2026-09-23,VIR,2026-11-01,BUY VOL,VOL_BUY_CHEAP,16,untested,2026-09-23 22:11:16.294486
772809587500617870,2026-09-23,NVO,2027-01-25,NO TRADE,NO_EDGE,0,,2026-09-23 22:11:16.294486
775626148620389064,2026-09-23,PFE,2026-09-23,NO TRADE,NO_EDGE,2,,2026-09-23 22:11:16.294486
780526343830789063,2026-09-23,SRPT,2026-12-31,SHORT,DILUTION_SHORT,4,supported,2026-09-23 22:11:16.294486
782316390325625817,2026-09-23,MLTX,2027-02-04,NO TRADE,NO_EDGE,2,,2026-09-23 22:11:16.294486
788040784423856707,2026-09-23,VERX,2027-02-02,NO TRADE,NO_EDGE,1,,2026-09-23 22:11:16.294486
788928039390131553,2026-09-23,CNTB,2026-12-01,NO TRADE,NO_EDGE,4,,2026-09-23 22:11:16.294486
792294924113570911,2026-09-23,ANNX,2026-10-31,NO TRADE,NO_EDGE,2,,2026-09-23 22:11:16.294486
795982316352104393,2026-09-23,AZN,2026-12-10,NO TRADE,NO_EDGE,2,,2026-09-23 22:11:16.294486
796326409491013438,2026-09-23,SNY,2026-11-30,NO TRADE,NO_EDGE,0,,2026-09-23 22:11:16.294486
800583817149335016,2026-09-23,NUVB,2027-03-01,NO TRADE,NO_EDGE,3,,2026-09-23 22:11:16.294486
804654980574521238,2026-09-23,NVS,2027-02-11,NO TRADE,NO_EDGE,1,,2026-09-23 22:11:16.294486
811025114245517150,2026-09-23,MRK,2027-01-31,NO TRADE,NO_EDGE,0,,2026-09-23 22:11:16.294486
811698952083608057,2026-09-23,NVS,2026-09-30,NO TRADE,NO_EDGE,1,,2026-09-23 22:11:16.294486
811905765038102721,2026-09-23,TGTX,2027-01-21,NO TRADE,NO_EDGE,1,,2026-09-23 22:11:16.294486
818087147751738141,2026-09-23,PFE,2026-12-04,NO TRADE,NO_EDGE,1,,2026-09-23 22:11:16.294486
820635305779794714,2026-09-23,BMEA,2027-03-01,SHORT,DILUTION_SHORT,47,supported,2026-09-23 22:11:16.294486
820803282630463686,2026-09-23,AVLN,2026-12-01,NO TRADE,NO_EDGE,3,,2026-09-23 22:11:16.294486
821460607870790906,2026-09-23,NPCE,2026-11-30,SELL VOL,VOL_SELL_RICH,33,untested,2026-09-23 22:11:16.294486
825860389947599980,2026-09-23,SHNTY,2026-12-01,NO TRADE,NO_EDGE,1,,2026-09-23 22:11:16.294486
828333981072179315,2026-09-23,AZN,2026-09-26,NO TRADE,NO_EDGE,2,,2026-09-23 22:11:16.294486
829433723755702947,2026-09-23,PFE,2026-11-29,NO TRADE,NO_EDGE,0,,2026-09-23 22:11:16.294486
833642104108706778,2026-09-23,NVO,2026-09-01,NO TRADE,NO_EDGE,2,,2026-09-23 22:11:16.294486
833743950153789265,2026-09-23,MRK,2026-08-21,NO TRADE,NO_EDGE,2,,2026-09-23 22:11:16.294486
837580118920564805,2026-09-23,SUNI,2027-01-01,SHORT,DILUTION_SHORT,8,supported,2026-09-23 22:11:16.294486
837639158273625838,2026-09-23,DMAC,2026-12-01,SELL VOL,VOL_SELL_RICH,20,untested,2026-09-23 22:11:16.294486
839278023134111755,2026-09-23,VNDA,2026-12-01,NO TRADE,NO_EDGE,2,,2026-09-23 22:11:16.294486
844289564899810674,2026-09-23,BMY,2026-11-01,NO TRADE,NO_EDGE,0,,2026-09-23 22:11:16.294486
848840863010336332,2026-09-23,AXSM,2026-12-01,NO TRADE,NO_EDGE,2,,2026-09-23 22:11:16.294486
849513962289496631,2026-09-23,PFE,2026-12-08,NO TRADE,NO_EDGE,2,,2026-09-23 22:11:16.294486
851685641825673618,2026-09-23,AZN,2027-02-10,NO TRADE,NO_EDGE,2,,2026-09-23 22:11:16.294486
851777744678248305,2026-09-23,ARGX,2027-03-01,NO TRADE,NO_EDGE,1,,2026-09-23 22:11:16.294486
852157241882478553,2026-09-23,ALDX,2026-12-01,BUY VOL,VOL_BUY_CHEAP,9,untested,2026-09-23 22:11:16.294486
856035872579690593,2026-09-23,CELZ,2027-01-20,NO TRADE,NO_EDGE,4,,2026-09-23 22:11:16.294486
858197949078869508,2026-09-23,PMVP,2026-12-15,NO TRADE,NO_EDGE,4,,2026-09-23 22:11:16.294486
860066790923908175,2026-09-23,APOG,2026-11-01,BUY VOL,VOL_BUY_CHEAP,20,untested,2026-09-23 22:11:16.294486
860203401911295116,2026-09-23,SHNTY,2026-12-31,NO TRADE,NO_EDGE,1,,2026-09-23 22:11:16.294486
861857119223164154,2026-09-23,PCRX,2026-12-01,BUY VOL,VOL_BUY_CHEAP,11,untested,2026-09-23 22:11:16.294486
862855519307415951,2026-09-23,AZN,2027-02-11,NO TRADE,NO_EDGE,1,,2026-09-23 22:11:16.294486
864853890685547704,2026-09-23,GILD,2026-09-01,NO TRADE,NO_EDGE,1,,2026-09-23 22:11:16.294486
868936592618902285,2026-09-23,NVO,2027-01-29,NO TRADE,NO_EDGE,1,,2026-09-23 22:11:16.294486
870187084373146506,2026-09-23,PFE,2027-03-17,NO TRADE,NO_EDGE,1,,2026-09-23 22:11:16.294486
870502414728028750,2026-09-23,SUPN,2026-09-01,NO TRADE,NO_EDGE,1,,2026-09-23 22:11:16.294486
871037491674342400,2026-09-23,NVS,2027-01-25,NO TRADE,NO_EDGE,2,,2026-09-23 22:11:16.294486
871462163043961387,2026-09-23,CYTK,2026-08-31,NO TRADE,NO_EDGE,2,,2026-09-23 22:11:16.294486
876797349521760645,2026-09-23,INCY,2026-10-09,NO TRADE,NO_EDGE,1,,2026-09-23 22:11:16.294486
877390079915155499,2026-09-23,AZN,2026-11-24,NO TRADE,NO_EDGE,2,,2026-09-23 22:11:16.294486
883217882233549775,2026-09-23,AZTR,2027-01-15,SHORT,DILUTION_SHORT,20,supported,2026-09-23 22:11:16.294486
893507545584635318,2026-09-23,NVS,2026-12-23,NO TRADE,NO_EDGE,2,,2026-09-23 22:11:16.294486
902167971264962412,2026-09-23,BHVN,2026-10-01,SHORT,DILUTION_SHORT,25,supported,2026-09-23 22:11:16.294486
902629997104715770,2026-09-23,SOGP,2026-12-01,NO TRADE,NO_EDGE,1,,2026-09-23 22:11:16.294486
913039852658856160,2026-09-23,KPRX,2026-11-01,NO TRADE,NO_EDGE,1,,2026-09-23 22:11:16.294486
922921810366469602,2026-09-23,TAK,2026-10-02,SELL VOL,VOL_SELL_RICH,48,untested,2026-09-23 22:11:16.294486
923487698181578491,2026-09-23,BIOA,2026-11-30,NO TRADE,NO_EDGE,3,,2026-09-23 22:11:16.294486
923621283147089430,2026-09-23,SLN,2026-09-01,NO TRADE,NO_EDGE,3,,2026-09-23 22:11:16.294486
923859133039989086,2026-09-23,KPTI,2026-12-01,SHORT,DILUTION_SHORT,9,supported,2026-09-23 22:11:16.294486
925458673540664931,2026-09-23,TLX,2027-01-01,NO TRADE,NO_EDGE,0,,2026-09-23 22:11:16.294486
927132338893439247,2026-09-23,WVE,2026-09-01,NO TRADE,NO_EDGE,2,,2026-09-23 22:11:16.294486
937517871596846722,2026-09-23,SKBBY,2027-02-20,NO TRADE,NO_EDGE,1,,2026-09-23 22:11:16.294486
939556847062453899,2026-09-23,PFE,2026-09-15,NO TRADE,NO_EDGE,2,,2026-09-23 22:11:16.294486
940783570642050327,2026-09-23,SRRK,2026-11-01,BUY VOL,VOL_BUY_CHEAP,26,untested,2026-09-23 22:11:16.294486
945115806010544385,2026-09-23,ONC,2026-12-31,NO TRADE,NO_EDGE,2,,2026-09-23 22:11:16.294486
945125219717614600,2026-09-23,AZN,2026-11-11,NO TRADE,NO_EDGE,0,,2026-09-23 22:11:16.294486
951128374831612925,2026-09-23,PFE,2026-12-31,NO TRADE,NO_EDGE,2,,2026-09-23 22:11:16.294486
953396599416606954,2026-09-23,VERX,2027-03-12,NO TRADE,NO_EDGE,2,,2026-09-23 22:11:16.294486
958284999508118804,2026-09-23,KARD,2026-12-01,NO TRADE,NO_EDGE,2,,2026-09-23 22:11:16.294486
967744620515068997,2026-09-23,JAZZ,2026-12-31,NO TRADE,NO_EDGE,2,,2026-09-23 22:11:16.294486
968547450927885195,2026-09-23,MRK,2026-09-05,NO TRADE,NO_EDGE,2,,2026-09-23 22:11:16.294486
976435111283587506,2026-09-23,TAK,2026-10-31,NO TRADE,NO_EDGE,2,,2026-09-23 22:11:16.294486
978944727963173206,2026-09-23,INCY,2026-12-26,NO TRADE,NO_EDGE,1,,2026-09-23 22:11:16.294486
979467900373930316,2026-09-23,QNRX,2027-01-31,SHORT,RUNUP_FADE,15,not supported,2026-09-23 22:11:16.294486
982654231169957854,2026-09-23,PGEN,2026-11-11,SHORT,DILUTION_SHORT,4,supported,2026-09-23 22:11:16.294486
988840722296149732,2026-09-23,SHNTY,2026-09-30,NO TRADE,NO_EDGE,1,,2026-09-23 22:11:16.294486
994146950803882955,2026-09-23,BEAM,2026-12-01,NO TRADE,NO_EDGE,3,,2026-09-23 22:11:16.294486
994759914770564705,2026-09-23,MRK,2026-11-20,NO TRADE,NO_EDGE,0,,2026-09-23 22:11:16.294486
997113629541559394,2026-09-23,SNY,2026-10-14,NO TRADE,NO_EDGE,1,,2026-09-23 22:11:16.294486
1006389475713218090,2026-09-23,BMY,2026-10-06,NO TRADE,NO_EDGE,1,,2026-09-23 22:11:16.294486
1012128790983429820,2026-09-23,PCVX,2027-01-01,NO TRADE,NO_EDGE,3,,2026-09-23 22:11:16.294486
1012660263229073893,2026-09-23,RYTM,2027-03-13,LONG,BASE_RATE_LONG,10,weak,2026-09-23 22:11:16.294486
1016425430974869094,2026-09-23,RARE,2027-01-01,SHORT,DILUTION_SHORT,4,supported,2026-09-23 22:11:16.294486
1017230515946356984,2026-09-23,SNDX,2026-10-01,NO TRADE,NO_EDGE,4,,2026-09-23 22:11:16.294486
1017989305011876117,2026-09-23,ONC,2026-11-01,NO TRADE,NO_EDGE,3,,2026-09-23 22:11:16.294486
1018049033239261208,2026-09-23,BMY,2026-11-18,NO TRADE,NO_EDGE,1,,2026-09-23 22:11:16.294486
1023272181368274668,2026-09-23,PFE,2026-12-31,NO TRADE,NO_EDGE,0,,2026-09-23 22:11:16.294486
1029794357569641751,2026-09-23,ABBV,2026-09-01,NO TRADE,NO_EDGE,1,,2026-09-23 22:11:16.294486
1032341533827077879,2026-09-23,GEHC,2026-12-01,NO TRADE,NO_EDGE,2,,2026-09-23 22:11:16.294486
1032364444891250889,2026-09-23,LUMN,2026-08-31,NO TRADE,NO_EDGE,0,,2026-09-23 22:11:16.294486
1034237806183752717,2026-09-23,MRK,2027-01-04,NO TRADE,NO_EDGE,0,,2026-09-23 22:11:16.294486
1042765829938589933,2026-09-23,GILD,2027-01-01,NO TRADE,NO_EDGE,2,,2026-09-23 22:11:16.294486
1043821364377885698,2026-09-23,VNDA,2026-10-01,BUY VOL,VOL_BUY_CHEAP,10,untested,2026-09-23 22:11:16.294486
1050398997829947068,2026-09-23,ABBV,2026-11-01,NO TRADE,NO_EDGE,2,,2026-09-23 22:11:16.294486
1054777446166613805,2026-09-23,PII,2027-02-28,NO TRADE,NO_EDGE,3,,2026-09-23 22:11:16.294486
1062535489128233008,2026-09-23,MDGL,2027-03-01,NO TRADE,NO_EDGE,2,,2026-09-23 22:11:16.294486
1063821472965661839,2026-09-23,PFE,2026-08-30,NO TRADE,NO_EDGE,1,,2026-09-23 22:11:16.294486
1065905675086261832,2026-09-23,ABBV,2026-10-01,NO TRADE,NO_EDGE,1,,2026-09-23 22:11:16.294486
1067920957507264874,2026-09-23,PRAX,2026-12-01,NO TRADE,NO_EDGE,2,,2026-09-23 22:11:16.294486
1068194007452975676,2026-09-23,NVS,2027-02-01,NO TRADE,NO_EDGE,2,,2026-09-23 22:11:16.294486
1069584790085000152,2026-09-23,PFE,2026-12-31,NO TRADE,NO_EDGE,2,,2026-09-23 22:11:16.294486
1078299464783592561,2026-09-23,REGN,2026-11-13,NO TRADE,NO_EDGE,2,,2026-09-23 22:11:16.294486
1093189179973565426,2026-09-23,AMGN,2027-01-06,NO TRADE,NO_EDGE,2,,2026-09-23 22:11:16.294486
1097300294376757044,2026-09-23,LLY,2026-11-01,NO TRADE,NO_EDGE,0,,2026-09-23 22:11:16.294486
1101388807324719149,2026-09-23,LLY,2026-11-01,NO TRADE,NO_EDGE,2,,2026-09-23 22:11:16.294486
1106606287890149402,2026-09-23,NVS,2026-08-25,NO TRADE,NO_EDGE,0,,2026-09-23 22:11:16.294486
1110323919195463790,2026-09-23,ABCL,2027-02-01,NO TRADE,NO_EDGE,4,,2026-09-23 22:11:16.294486
1116743990168416366,2026-09-23,DCTH,2026-12-01,NO TRADE,NO_EDGE,3,,2026-09-23 22:11:16.294486
1120362493856332617,2026-09-23,IRON,2027-02-01,NO TRADE,NO_EDGE,3,,2026-09-23 22:11:16.294486
1121238359733698814,2026-09-23,NVS,2026-12-30,NO TRADE,NO_EDGE,2,,2026-09-23 22:11:16.294486
1136155253417537345,2026-09-23,ARGX,2026-10-01,NO TRADE,NO_EDGE,0,,2026-09-23 22:11:16.294486
1146349292555773079,2026-09-23,IMUX,2026-11-01,NO TRADE,NO_EDGE,2,,2026-09-23 22:11:16.294486
1147195992912494586,2026-09-23,CRDL,2026-09-21,NO TRADE,NO_EDGE,1,,2026-09-23 22:11:16.294486
2040958445020164,2026-09-24,EIKN,2026-12-01,NO TRADE,NO_EDGE,4,n/a,2026-09-24 03:33:58.367058
3774197331942907,2026-09-24,HAFC,2027-01-01,NO TRADE,NO_EDGE,2,n/a,2026-09-24 03:33:58.367058
4832440370480978,2026-09-24,AZN,2026-08-28,NO TRADE,NO_EDGE,2,n/a,2026-09-24 03:33:58.367058
13536735271395623,2026-09-24,DSGN,2026-09-01,NO TRADE,NO_EDGE,2,n/a,2026-09-24 03:33:58.367058
21344800226044355,2026-09-24,ABOS,2026-10-01,NO TRADE,NO_EDGE,6,n/a,2026-09-24 03:33:58.367058
22003881259555582,2026-09-24,GILD,2027-03-01,NO TRADE,NO_EDGE,1,n/a,2026-09-24 03:33:58.367058
26287268774066147,2026-09-24,ZLAB,2027-03-14,NO TRADE,NO_EDGE,2,n/a,2026-09-24 03:33:58.367058
29170764595472729,2026-09-24,SKBBY,2026-12-01,NO TRADE,NO_EDGE,0,n/a,2026-09-24 03:33:58.367058
33780954436919181,2026-09-24,ANNX,2026-12-31,NO TRADE,NO_EDGE,3,n/a,2026-09-24 03:33:58.367058
34292288621742435,2026-09-24,VNDA,2026-09-01,NO TRADE,NO_EDGE,3,n/a,2026-09-24 03:33:58.367058
36211594750352460,2026-09-24,MRK,2026-08-18,NO TRADE,NO_EDGE,2,n/a,2026-09-24 03:33:58.367058
39655341464214207,2026-09-24,NVS,2027-01-29,NO TRADE,NO_EDGE,1,n/a,2026-09-24 03:33:58.367058
40173692341518013,2026-09-24,SNY,2026-12-17,NO TRADE,NO_EDGE,2,n/a,2026-09-24 03:33:58.367058
49685209125437183,2026-09-24,COCP,2026-10-01,NO TRADE,NO_EDGE,3,n/a,2026-09-24 03:33:58.367058
59461478780323741,2026-09-24,ENTA,2026-12-01,NO TRADE,NO_EDGE,3,n/a,2026-09-24 03:33:58.367058
60676128956965869,2026-09-24,AZN,2026-08-10,NO TRADE,NO_EDGE,2,n/a,2026-09-24 03:33:58.367058
68024507841421366,2026-09-24,CGEN,2027-03-01,NO TRADE,NO_EDGE,1,n/a,2026-09-24 03:33:58.367058
69618634553583032,2026-09-24,SKBBY,2026-12-31,NO TRADE,NO_EDGE,0,n/a,2026-09-24 03:33:58.367058
72403349228683974,2026-09-24,CRDF,2026-11-01,SHORT,RUNUP_FADE,5,not supported,2026-09-24 03:33:58.367058
75431700708299400,2026-09-24,ABBV,2026-11-01,NO TRADE,NO_EDGE,1,n/a,2026-09-24 03:33:58.367058
78122767944017542,2026-09-24,TLSA,2026-09-01,NO TRADE,NO_EDGE,1,n/a,2026-09-24 03:33:58.367058
78755624690348242,2026-09-24,PRAX,2027-01-01,NO TRADE,NO_EDGE,1,n/a,2026-09-24 03:33:58.367058
81755227632725144,2026-09-24,VNDA,2026-12-12,LONG,BASE_RATE_LONG,29,weak,2026-09-24 03:33:58.367058
84082560484402082,2026-09-24,CRBP,2026-11-01,NO TRADE,NO_EDGE,4,n/a,2026-09-24 03:33:58.367058
86021429154612346,2026-09-24,BBIO,2026-11-27,NO TRADE,NO_EDGE,10,n/a,2026-09-24 03:33:58.367058
93108439502766171,2026-09-24,AZN,2026-10-31,NO TRADE,NO_EDGE,0,n/a,2026-09-24 03:33:58.367058
109801316871451022,2026-09-24,NVS,2026-10-15,NO TRADE,NO_EDGE,2,n/a,2026-09-24 03:33:58.367058
110606932296341210,2026-09-24,BMY,2027-02-16,NO TRADE,NO_EDGE,0,n/a,2026-09-24 03:33:58.367058
111151383584651636,2026-09-24,BMY,2027-03-18,NO TRADE,NO_EDGE,2,n/a,2026-09-24 03:33:58.367058
117714742304006623,2026-09-24,ZURA,2026-11-01,SELL VOL,VOL_SELL_RICH,60,untested,2026-09-24 03:33:58.367058
121098110095907745,2026-09-24,PFE,2026-12-02,NO TRADE,NO_EDGE,0,n/a,2026-09-24 03:33:58.367058
129264643347252318,2026-09-24,AAPG,2026-12-01,NO TRADE,NO_EDGE,1,n/a,2026-09-24 03:33:58.367058
129743196051847545,2026-09-24,PFE,2026-10-19,NO TRADE,NO_EDGE,2,n/a,2026-09-24 03:33:58.367058
130033070068571534,2026-09-24,MIRM,2027-01-01,NO TRADE,NO_EDGE,4,n/a,2026-09-24 03:33:58.367058
134962693569392742,2026-09-24,OCUL,2027-03-01,NO TRADE,NO_EDGE,2,n/a,2026-09-24 03:33:58.367058
135555395962559140,2026-09-24,LXEO,2026-12-01,NO TRADE,NO_EDGE,4,n/a,2026-09-24 03:33:58.367058
135985645997799673,2026-09-24,ALKS,2026-11-01,NO TRADE,NO_EDGE,2,n/a,2026-09-24 03:33:58.367058
145837316150516383,2026-09-24,REGN,2026-10-01,NO TRADE,NO_EDGE,2,n/a,2026-09-24 03:33:58.367058
145970663636511886,2026-09-24,INCY,2027-01-06,NO TRADE,NO_EDGE,2,n/a,2026-09-24 03:33:58.367058
147526813363366886,2026-09-24,REGN,2026-12-29,NO TRADE,NO_EDGE,2,n/a,2026-09-24 03:33:58.367058
152416673699301433,2026-09-24,GNLX,2027-02-01,NO TRADE,NO_EDGE,2,n/a,2026-09-24 03:33:58.367058
159667543942525892,2026-09-24,RCUS,2027-01-01,NO TRADE,NO_EDGE,3,n/a,2026-09-24 03:33:58.367058
160090772499064824,2026-09-24,AMGN,2027-01-21,NO TRADE,NO_EDGE,0,n/a,2026-09-24 03:33:58.367058
162740936425436153,2026-09-24,ONC,2026-11-01,NO TRADE,NO_EDGE,3,n/a,2026-09-24 03:33:58.367058
164859759516067863,2026-09-24,SHNTY,2026-12-31,NO TRADE,NO_EDGE,1,n/a,2026-09-24 03:33:58.367058
171511541672933515,2026-09-24,NVS,2027-02-04,NO TRADE,NO_EDGE,1,n/a,2026-09-24 03:33:58.367058
185317842428738254,2026-09-24,ABBV,2027-02-01,NO TRADE,NO_EDGE,1,n/a,2026-09-24 03:33:58.367058
187562190626558240,2026-09-24,SNY,2027-02-17,NO TRADE,NO_EDGE,1,n/a,2026-09-24 03:33:58.367058
188488292460551413,2026-09-24,GRCE,2027-03-01,NO TRADE,NO_EDGE,2,n/a,2026-09-24 03:33:58.367058
189967747722748042,2026-09-24,ATOS,2026-11-01,NO TRADE,NO_EDGE,2,n/a,2026-09-24 03:33:58.367058
190948796692578335,2026-09-24,CSLLY,2026-10-26,NO TRADE,NO_EDGE,1,n/a,2026-09-24 03:33:58.367058
193751023431624980,2026-09-24,ARGX,2026-09-01,NO TRADE,NO_EDGE,0,n/a,2026-09-24 03:33:58.367058
196163649142388761,2026-09-24,ABBV,2027-02-01,NO TRADE,NO_EDGE,2,n/a,2026-09-24 03:33:58.367058
201634020959465657,2026-09-24,AZN,2026-09-30,NO TRADE,NO_EDGE,0,n/a,2026-09-24 03:33:58.367058
201805239157683755,2026-09-24,ANRO,2026-12-01,SELL VOL,VOL_SELL_RICH,30,untested,2026-09-24 03:33:58.367058
213250672234912554,2026-09-24,TAK,2026-10-31,NO TRADE,NO_EDGE,0,n/a,2026-09-24 03:33:58.367058
213699131008100806,2026-09-24,TLTFF,2026-12-01,NO TRADE,NO_EDGE,1,n/a,2026-09-24 03:33:58.367058
214015122100704304,2026-09-24,KOD,2027-02-01,NO TRADE,NO_EDGE,3,n/a,2026-09-24 03:33:58.367058
215079921909060486,2026-09-24,ADAG,2026-10-31,NO TRADE,NO_EDGE,1,n/a,2026-09-24 03:33:58.367058
220172835346836955,2026-09-24,SKBBY,2026-11-30,NO TRADE,NO_EDGE,0,n/a,2026-09-24 03:33:58.367058
220951656751284890,2026-09-24,HTOO,2026-12-23,NO TRADE,NO_EDGE,1,n/a,2026-09-24 03:33:58.367058
222722794980540582,2026-09-24,REGN,2026-10-12,NO TRADE,NO_EDGE,1,n/a,2026-09-24 03:33:58.367058
226578123860041164,2026-09-24,ARVN,2026-11-30,SELL VOL,VOL_SELL_RICH,19,untested,2026-09-24 03:33:58.367058
229732598138196777,2026-09-24,CORT,2026-12-01,NO TRADE,NO_EDGE,2,n/a,2026-09-24 03:33:58.367058
234894332471052103,2026-09-24,KPTI,2026-09-01,NO TRADE,NO_EDGE,3,n/a,2026-09-24 03:33:58.367058
235369045599790266,2026-09-24,BMY,2027-03-11,NO TRADE,NO_EDGE,0,n/a,2026-09-24 03:33:58.367058
237268251522906262,2026-09-24,DNTH,2026-12-01,NO TRADE,NO_EDGE,3,n/a,2026-09-24 03:33:58.367058
244897065606305337,2026-09-24,PFE,2026-10-30,NO TRADE,NO_EDGE,0,n/a,2026-09-24 03:33:58.367058
249465807002134772,2026-09-24,ALZN,2026-12-01,NO TRADE,NO_EDGE,4,n/a,2026-09-24 03:33:58.367058
257909905331991535,2026-09-24,SBFM,2026-12-30,NO TRADE,NO_EDGE,2,n/a,2026-09-24 03:33:58.367058
259293606164123025,2026-09-24,OMER,2026-12-01,NO TRADE,NO_EDGE,3,n/a,2026-09-24 03:33:58.367058
261906438386444361,2026-09-24,NVS,2027-02-26,NO TRADE,NO_EDGE,2,n/a,2026-09-24 03:33:58.367058
263098642518024931,2026-09-24,VIR,2026-12-31,NO TRADE,NO_EDGE,2,n/a,2026-09-24 03:33:58.367058
269914577626961280,2026-09-24,MDGL,2026-12-01,NO TRADE,NO_EDGE,2,n/a,2026-09-24 03:33:58.367058
273354911487245795,2026-09-24,PHAT,2026-10-01,BUY VOL,VOL_BUY_CHEAP,20,untested,2026-09-24 03:33:58.367058
273477915440250515,2026-09-24,AZN,2027-02-22,NO TRADE,NO_EDGE,0,n/a,2026-09-24 03:33:58.367058
274524616932721641,2026-09-24,SNY,2027-01-07,NO TRADE,NO_EDGE,1,n/a,2026-09-24 03:33:58.367058
275423972510889716,2026-09-24,ABBV,2026-10-01,NO TRADE,NO_EDGE,2,n/a,2026-09-24 03:33:58.367058
275529426545360206,2026-09-24,CORT,2026-09-01,NO TRADE,NO_EDGE,2,n/a,2026-09-24 03:33:58.367058
277778883530085385,2026-09-24,MAZE,2026-09-01,NO TRADE,NO_EDGE,4,n/a,2026-09-24 03:33:58.367058
278015959414834345,2026-09-24,STOK,2027-03-01,NO TRADE,NO_EDGE,1,n/a,2026-09-24 03:33:58.367058
283688094905461036,2026-09-24,INCY,2026-09-30,NO TRADE,NO_EDGE,2,n/a,2026-09-24 03:33:58.367058
284250030838530712,2026-09-24,TAK,2027-01-18,NO TRADE,NO_EDGE,1,n/a,2026-09-24 03:33:58.367058
287851770778242386,2026-09-24,SKBBY,2026-11-01,NO TRADE,NO_EDGE,0,n/a,2026-09-24 03:33:58.367058
291766879031997640,2026-09-24,ABBV,2027-03-01,NO TRADE,NO_EDGE,2,n/a,2026-09-24 03:33:58.367058
292303448579215494,2026-09-24,SGIOF,2026-12-31,NO TRADE,NO_EDGE,1,n/a,2026-09-24 03:33:58.367058
293688569476674192,2026-09-24,CNSY,2026-10-02,SHORT,DILUTION_SHORT,10,supported,2026-09-24 03:33:58.367058
294207738625003637,2026-09-24,KRYS,2026-12-01,NO TRADE,NO_EDGE,2,n/a,2026-09-24 03:33:58.367058
301296944320425757,2026-09-24,REGN,2027-03-22,NO TRADE,NO_EDGE,0,n/a,2026-09-24 03:33:58.367058
305667119210048200,2026-09-24,LLY,2027-03-01,NO TRADE,NO_EDGE,2,n/a,2026-09-24 03:33:58.367058
309287013946400457,2026-09-24,VSTM,2026-08-31,NO TRADE,NO_EDGE,3,n/a,2026-09-24 03:33:58.367058
310231950393409518,2026-09-24,PRAX,2026-12-01,NO TRADE,NO_EDGE,2,n/a,2026-09-24 03:33:58.367058
311627460685091568,2026-09-24,ABBV,2027-03-01,NO TRADE,NO_EDGE,1,n/a,2026-09-24 03:33:58.367058
316035730884334310,2026-09-24,REGN,2026-12-03,NO TRADE,NO_EDGE,1,n/a,2026-09-24 03:33:58.367058
316707346474732978,2026-09-24,LLY,2027-02-01,NO TRADE,NO_EDGE,2,n/a,2026-09-24 03:33:58.367058
317540180411150621,2026-09-24,AZN,2027-01-06,NO TRADE,NO_EDGE,1,n/a,2026-09-24 03:33:58.367058
321077222356761246,2026-09-24,PFE,2026-12-25,NO TRADE,NO_EDGE,2,n/a,2026-09-24 03:33:58.367058
321491470283188518,2026-09-24,REGN,2026-10-07,NO TRADE,NO_EDGE,1,n/a,2026-09-24 03:33:58.367058
322560930820869075,2026-09-24,PFE,2027-02-26,NO TRADE,NO_EDGE,2,n/a,2026-09-24 03:33:58.367058
322836055788178093,2026-09-24,ORIC,2026-09-01,NO TRADE,NO_EDGE,3,n/a,2026-09-24 03:33:58.367058
332472580338232532,2026-09-24,GMAB,2027-02-01,NO TRADE,NO_EDGE,0,n/a,2026-09-24 03:33:58.367058
333753876283161197,2026-09-24,TAK,2026-12-31,NO TRADE,NO_EDGE,1,n/a,2026-09-24 03:33:58.367058
336612522934723264,2026-09-24,AAPG,2026-12-31,NO TRADE,NO_EDGE,1,n/a,2026-09-24 03:33:58.367058
338212856055025312,2026-09-24,ARDX,2027-02-26,NO TRADE,NO_EDGE,2,n/a,2026-09-24 03:33:58.367058
340872393406663067,2026-09-24,VNTG,2027-03-01,NO TRADE,NO_EDGE,1,n/a,2026-09-24 03:33:58.367058
343274961073921009,2026-09-24,KRYS,2026-12-01,NO TRADE,NO_EDGE,1,n/a,2026-09-24 03:33:58.367058
349065816416993860,2026-09-24,AZN,2027-02-23,NO TRADE,NO_EDGE,1,n/a,2026-09-24 03:33:58.367058
349602536475904843,2026-09-24,GILD,2027-03-01,NO TRADE,NO_EDGE,2,n/a,2026-09-24 03:33:58.367058
350161315378182905,2026-09-24,CERS,2026-12-15,NO TRADE,NO_EDGE,3,n/a,2026-09-24 03:33:58.367058
354588249270103349,2026-09-24,SHNTY,2026-12-31,NO TRADE,NO_EDGE,1,n/a,2026-09-24 03:33:58.367058
357287162242363955,2026-09-24,PCVX,2027-03-01,NO TRADE,NO_EDGE,3,n/a,2026-09-24 03:33:58.367058
366537419728637632,2026-09-24,BMY,2026-10-12,NO TRADE,NO_EDGE,1,n/a,2026-09-24 03:33:58.367058
369263753648152639,2026-09-24,AMGN,2026-11-30,NO TRADE,NO_EDGE,2,n/a,2026-09-24 03:33:58.367058
376576342285556046,2026-09-24,ABBV,2027-03-01,NO TRADE,NO_EDGE,1,n/a,2026-09-24 03:33:58.367058
377458400005581541,2026-09-24,INCY,2026-11-20,NO TRADE,NO_EDGE,2,n/a,2026-09-24 03:33:58.367058
378615743626034077,2026-09-24,INCY,2026-11-05,NO TRADE,NO_EDGE,2,n/a,2026-09-24 03:33:58.367058
383439547153699460,2026-09-24,MLTX,2027-01-15,NO TRADE,NO_EDGE,2,n/a,2026-09-24 03:33:58.367058
390616530852334748,2026-09-24,NBIX,2027-02-01,NO TRADE,NO_EDGE,2,n/a,2026-09-24 03:33:58.367058
399867029582841623,2026-09-24,DBVT,2026-11-01,NO TRADE,NO_EDGE,2,n/a,2026-09-24 03:33:58.367058
402220546077580440,2026-09-24,HELP,2027-03-18,NO TRADE,NO_EDGE,0,n/a,2026-09-24 03:33:58.367058
403226355168887021,2026-09-24,ARGX,2027-02-01,NO TRADE,NO_EDGE,2,n/a,2026-09-24 03:33:58.367058
407033985381428632,2026-09-24,AZN,2026-11-30,NO TRADE,NO_EDGE,2,n/a,2026-09-24 03:33:58.367058
407434422317765700,2026-09-24,MIRM,2027-01-01,NO TRADE,NO_EDGE,2,n/a,2026-09-24 03:33:58.367058
408014851454434370,2026-09-24,LLY,2026-11-01,NO TRADE,NO_EDGE,0,n/a,2026-09-24 03:33:58.367058
414499561703375333,2026-09-24,BIIB,2027-01-01,NO TRADE,NO_EDGE,1,n/a,2026-09-24 03:33:58.367058
417975517322335243,2026-09-24,SNY,2027-01-18,NO TRADE,NO_EDGE,2,n/a,2026-09-24 03:33:58.367058
424500644863167271,2026-09-24,ARGX,2026-11-01,NO TRADE,NO_EDGE,2,n/a,2026-09-24 03:33:58.367058
424646030731471363,2026-09-24,NVS,2027-02-26,NO TRADE,NO_EDGE,2,n/a,2026-09-24 03:33:58.367058
431959431684778725,2026-09-24,IRON,2026-10-01,NO TRADE,NO_EDGE,2,n/a,2026-09-24 03:33:58.367058
438205696156376319,2026-09-24,SBFM,2027-02-01,NO TRADE,NO_EDGE,2,n/a,2026-09-24 03:33:58.367058
439543496536204558,2026-09-24,SNY,2027-02-09,NO TRADE,NO_EDGE,2,n/a,2026-09-24 03:33:58.367058
440086776435942126,2026-09-24,ABBV,2026-12-01,NO TRADE,NO_EDGE,1,n/a,2026-09-24 03:33:58.367058
446867278314914199,2026-09-24,SHNTY,2026-12-10,NO TRADE,NO_EDGE,1,n/a,2026-09-24 03:33:58.367058
448343303688078000,2026-09-24,BMY,2027-01-30,NO TRADE,NO_EDGE,1,n/a,2026-09-24 03:33:58.367058
448471298318426997,2026-09-24,SBFM,2027-01-14,NO TRADE,NO_EDGE,1,n/a,2026-09-24 03:33:58.367058
448579930358021997,2026-09-24,AZN,2026-10-07,NO TRADE,NO_EDGE,2,n/a,2026-09-24 03:33:58.367058
448706200979545550,2026-09-24,SMMT,2026-11-14,LONG,BASE_RATE_LONG,28,weak,2026-09-24 03:33:58.367058
448819921833870972,2026-09-24,SIGA,2027-01-01,NO TRADE,NO_EDGE,3,n/a,2026-09-24 03:33:58.367058
450099327560985112,2026-09-24,TPB,2026-09-30,BUY VOL,VOL_BUY_CHEAP,29,untested,2026-09-24 03:33:58.367058
451067343725658348,2026-09-24,SPTX,2027-03-01,NO TRADE,NO_EDGE,3,n/a,2026-09-24 03:33:58.367058
456235875292794218,2026-09-24,OCS,2026-12-01,NO TRADE,NO_EDGE,0,n/a,2026-09-24 03:33:58.367058
457783916766283866,2026-09-24,MRK,2026-08-21,NO TRADE,NO_EDGE,2,n/a,2026-09-24 03:33:58.367058
457830580311086571,2026-09-24,PEPG,2027-03-01,NO TRADE,NO_EDGE,3,n/a,2026-09-24 03:33:58.367058
458611514737922502,2026-09-24,IMCR,2026-10-01,BUY VOL,VOL_BUY_CHEAP,15,untested,2026-09-24 03:33:58.367058
465100430693071918,2026-09-24,TGTX,2026-10-31,NO TRADE,NO_EDGE,2,n/a,2026-09-24 03:33:58.367058
465946511869021980,2026-09-24,MRK,2027-01-12,NO TRADE,NO_EDGE,0,n/a,2026-09-24 03:33:58.367058
466952810223961067,2026-09-24,AMGN,2026-10-31,NO TRADE,NO_EDGE,2,n/a,2026-09-24 03:33:58.367058
471552853190505465,2026-09-24,ARWR,2027-02-01,NO TRADE,NO_EDGE,3,n/a,2026-09-24 03:33:58.367058
471584986604389576,2026-09-24,ABBV,2027-02-01,NO TRADE,NO_EDGE,2,n/a,2026-09-24 03:33:58.367058
476160906439654898,2026-09-24,ABVX,2026-12-01,NO TRADE,NO_EDGE,2,n/a,2026-09-24 03:33:58.367058
476256570422467679,2026-09-24,LTRN,2026-12-01,SHORT,DILUTION_SHORT,20,supported,2026-09-24 03:33:58.367058
477632238372111098,2026-09-24,COYA,2027-01-01,NO TRADE,NO_EDGE,1,n/a,2026-09-24 03:33:58.367058
482146199879393393,2026-09-24,AMGN,2026-12-14,NO TRADE,NO_EDGE,0,n/a,2026-09-24 03:33:58.367058
483229701999033256,2026-09-24,DNLI,2027-03-01,NO TRADE,NO_EDGE,3,n/a,2026-09-24 03:33:58.367058
484428134107589503,2026-09-24,GKOS,2026-09-01,NO TRADE,NO_EDGE,3,n/a,2026-09-24 03:33:58.367058
486502798716850046,2026-09-24,LLY,2026-09-01,NO TRADE,NO_EDGE,1,n/a,2026-09-24 03:33:58.367058
502084141253067428,2026-09-24,BMY,2026-09-30,NO TRADE,NO_EDGE,2,n/a,2026-09-24 03:33:58.367058
505401560654095103,2026-09-24,ABBV,2026-11-01,NO TRADE,NO_EDGE,2,n/a,2026-09-24 03:33:58.367058
512310984193858411,2026-09-24,OGN,2026-10-01,NO TRADE,NO_EDGE,1,n/a,2026-09-24 03:33:58.367058
515561521275700185,2026-09-24,AZN,2027-02-18,NO TRADE,NO_EDGE,1,n/a,2026-09-24 03:33:58.367058
516497347388972942,2026-09-24,SNY,2027-01-19,NO TRADE,NO_EDGE,2,n/a,2026-09-24 03:33:58.367058
517179672250610809,2026-09-24,TYRA,2026-11-01,NO TRADE,NO_EDGE,4,n/a,2026-09-24 03:33:58.367058
522238113134435449,2026-09-24,CELZ,2027-01-31,NO TRADE,NO_EDGE,3,n/a,2026-09-24 03:33:58.367058
525237001390404904,2026-09-24,BMY,2026-10-19,NO TRADE,NO_EDGE,1,n/a,2026-09-24 03:33:58.367058
535451474782482941,2026-09-24,GILD,2026-10-01,NO TRADE,NO_EDGE,2,n/a,2026-09-24 03:33:58.367058
536825938811145613,2026-09-24,BPRE,2027-03-01,NO TRADE,NO_EDGE,0,n/a,2026-09-24 03:33:58.367058
539014660488604204,2026-09-24,SNY,2026-12-01,NO TRADE,NO_EDGE,1,n/a,2026-09-24 03:33:58.367058
543925322226572699,2026-09-24,VNDA,2026-09-01,NO TRADE,NO_EDGE,3,n/a,2026-09-24 03:33:58.367058
551299569320614026,2026-09-24,ABBV,2026-12-01,NO TRADE,NO_EDGE,2,n/a,2026-09-24 03:33:58.367058
552168489997189033,2026-09-24,SNY,2026-11-06,NO TRADE,NO_EDGE,1,n/a,2026-09-24 03:33:58.367058
552307982459120859,2026-09-24,EXEL,2026-12-15,NO TRADE,NO_EDGE,0,n/a,2026-09-24 03:33:58.367058
559010524425248641,2026-09-24,SLS,2026-12-30,NO TRADE,NO_EDGE,4,n/a,2026-09-24 03:33:58.367058
563798195078882571,2026-09-24,PFE,2026-12-02,NO TRADE,NO_EDGE,1,n/a,2026-09-24 03:33:58.367058
566320185747259664,2026-09-24,CLDX,2026-10-01,BUY VOL,VOL_BUY_CHEAP,45,untested,2026-09-24 03:33:58.367058
567254601215390044,2026-09-24,AZN,2026-09-30,NO TRADE,NO_EDGE,0,n/a,2026-09-24 03:33:58.367058
567970907704416605,2026-09-24,MRK,2026-10-22,NO TRADE,NO_EDGE,2,n/a,2026-09-24 03:33:58.367058
570681510733305785,2026-09-24,IRD,2026-10-17,LONG,BASE_RATE_LONG,30,weak,2026-09-24 03:33:58.367058
572417518202283997,2026-09-24,NVS,2026-09-03,NO TRADE,NO_EDGE,0,n/a,2026-09-24 03:33:58.367058
573080670483040041,2026-09-24,CMND,2026-12-31,NO TRADE,NO_EDGE,3,n/a,2026-09-24 03:33:58.367058
575650415619794391,2026-09-24,BMY,2026-09-05,NO TRADE,NO_EDGE,2,n/a,2026-09-24 03:33:58.367058
576101490349224052,2026-09-24,BMY,2026-11-02,NO TRADE,NO_EDGE,2,n/a,2026-09-24 03:33:58.367058
584006259936981770,2026-09-24,REGN,2027-02-20,NO TRADE,NO_EDGE,0,n/a,2026-09-24 03:33:58.367058
588663334501047985,2026-09-24,GMAB,2027-03-01,NO TRADE,NO_EDGE,1,n/a,2026-09-24 03:33:58.367058
591102895641557880,2026-09-24,LLY,2026-12-01,NO TRADE,NO_EDGE,2,n/a,2026-09-24 03:33:58.367058
598712006209516936,2026-09-24,SNY,2026-12-17,NO TRADE,NO_EDGE,2,n/a,2026-09-24 03:33:58.367058
599283233705125353,2026-09-24,EPRX,2026-12-01,NO TRADE,NO_EDGE,2,n/a,2026-09-24 03:33:58.367058
605293657098791556,2026-09-24,AZN,2026-08-10,NO TRADE,NO_EDGE,0,n/a,2026-09-24 03:33:58.367058
608682318931922041,2026-09-24,ONC,2026-11-01,NO TRADE,NO_EDGE,2,n/a,2026-09-24 03:33:58.367058
632217079234121424,2026-09-24,SBFM,2026-12-01,NO TRADE,NO_EDGE,2,n/a,2026-09-24 03:33:58.367058
634458506573379404,2026-09-24,TAK,2026-11-30,NO TRADE,NO_EDGE,2,n/a,2026-09-24 03:33:58.367058
642684033635957846,2026-09-24,NVO,2026-10-01,NO TRADE,NO_EDGE,0,n/a,2026-09-24 03:33:58.367058
643280457148306541,2026-09-24,LLY,2027-03-01,NO TRADE,NO_EDGE,2,n/a,2026-09-24 03:33:58.367058
646899162777183084,2026-09-24,TNGX,2026-09-01,NO TRADE,NO_EDGE,3,n/a,2026-09-24 03:33:58.367058
647543400842947349,2026-09-24,GILD,2026-12-23,NO TRADE,NO_EDGE,7,n/a,2026-09-24 03:33:58.367058
650747071480531229,2026-09-24,BMRN,2027-03-01,NO TRADE,NO_EDGE,2,n/a,2026-09-24 03:33:58.367058
653610479679886919,2026-09-24,CORT,2026-10-01,NO TRADE,NO_EDGE,2,n/a,2026-09-24 03:33:58.367058
655219952691569459,2026-09-24,NVS,2027-02-02,NO TRADE,NO_EDGE,2,n/a,2026-09-24 03:33:58.367058
658332689419779689,2026-09-24,AZN,2026-09-28,NO TRADE,NO_EDGE,2,n/a,2026-09-24 03:33:58.367058
660445380378588824,2026-09-24,LLY,2026-10-01,NO TRADE,NO_EDGE,0,n/a,2026-09-24 03:33:58.367058
661498549548727979,2026-09-24,IONS,2026-12-01,NO TRADE,NO_EDGE,3,n/a,2026-09-24 03:33:58.367058
667236484062676299,2026-09-24,AXSM,2026-12-01,NO TRADE,NO_EDGE,2,n/a,2026-09-24 03:33:58.367058
670328588272313485,2026-09-24,SNY,2026-12-23,NO TRADE,NO_EDGE,2,n/a,2026-09-24 03:33:58.367058
670618718158885917,2026-09-24,AZN,2027-01-18,NO TRADE,NO_EDGE,2,n/a,2026-09-24 03:33:58.367058
672396398116636906,2026-09-24,NVS,2027-02-22,NO TRADE,NO_EDGE,1,n/a,2026-09-24 03:33:58.367058
692990852841348072,2026-09-24,JAZZ,2026-09-30,BUY VOL,VOL_BUY_CHEAP,29,untested,2026-09-24 03:33:58.367058
694708667645682281,2026-09-24,ENLV,2027-02-01,NO TRADE,NO_EDGE,2,n/a,2026-09-24 03:33:58.367058
696038465108493166,2026-09-24,BIIB,2027-01-01,NO TRADE,NO_EDGE,1,n/a,2026-09-24 03:33:58.367058
698774636548533722,2026-09-24,AZN,2027-01-04,NO TRADE,NO_EDGE,1,n/a,2026-09-24 03:33:58.367058
708816187581956710,2026-09-24,NVS,2026-10-29,NO TRADE,NO_EDGE,1,n/a,2026-09-24 03:33:58.367058
709074361505343296,2026-09-24,TARA,2026-12-01,SELL VOL,VOL_SELL_RICH,35,untested,2026-09-24 03:33:58.367058
711602740086811907,2026-09-24,EWTX,2027-01-01,SHORT,DILUTION_SHORT,3,supported,2026-09-24 03:33:58.367058
714567846593600733,2026-09-24,OCUL,2027-01-08,NO TRADE,NO_EDGE,2,n/a,2026-09-24 03:33:58.367058
715419556849511800,2026-09-24,GMAB,2026-09-01,NO TRADE,NO_EDGE,1,n/a,2026-09-24 03:33:58.367058
718310029901596648,2026-09-24,TAK,2027-02-10,NO TRADE,NO_EDGE,1,n/a,2026-09-24 03:33:58.367058
723534750578746997,2026-09-24,IDYA,2027-01-29,NO TRADE,NO_EDGE,3,n/a,2026-09-24 03:33:58.367058
724020296618493750,2026-09-24,AZN,2026-08-24,NO TRADE,NO_EDGE,0,n/a,2026-09-24 03:33:58.367058
728261162773703756,2026-09-24,AVIR,2026-12-01,NO TRADE,NO_EDGE,2,n/a,2026-09-24 03:33:58.367058
734924778535255642,2026-09-24,TAK,2027-02-17,NO TRADE,NO_EDGE,2,n/a,2026-09-24 03:33:58.367058
742266394905021526,2026-09-24,MLTX,2026-09-28,BUY VOL,VOL_BUY_CHEAP,35,untested,2026-09-24 03:33:58.367058
747055792415433180,2026-09-24,SHNTY,2026-12-31,NO TRADE,NO_EDGE,1,n/a,2026-09-24 03:33:58.367058
749647068490941075,2026-09-24,MANE,2026-12-01,NO TRADE,NO_EDGE,2,n/a,2026-09-24 03:33:58.367058
754465759011534798,2026-09-24,MCUJF,2026-11-01,NO TRADE,NO_EDGE,2,n/a,2026-09-24 03:33:58.367058
754713313050910463,2026-09-24,XENE,2027-01-01,NO TRADE,NO_EDGE,3,n/a,2026-09-24 03:33:58.367058
758826880072310300,2026-09-24,NAMS,2026-09-01,NO TRADE,NO_EDGE,3,n/a,2026-09-24 03:33:58.367058
763369691522276685,2026-09-24,CADL,2027-02-01,NO TRADE,NO_EDGE,3,n/a,2026-09-24 03:33:58.367058
765947977608466609,2026-09-24,AMGN,2026-10-22,NO TRADE,NO_EDGE,1,n/a,2026-09-24 03:33:58.367058
767662838639222208,2026-09-24,MIRM,2026-09-26,BUY VOL,VOL_BUY_CHEAP,29,untested,2026-09-24 03:33:58.367058
768137440059647371,2026-09-24,ABBV,2026-11-01,NO TRADE,NO_EDGE,2,n/a,2026-09-24 03:33:58.367058
772809587500617870,2026-09-24,NVO,2027-01-25,NO TRADE,NO_EDGE,0,n/a,2026-09-24 03:33:58.367058
775181626416212376,2026-09-24,DFNS,2027-02-28,SHORT,DILUTION_SHORT,31,supported,2026-09-24 03:33:58.367058
775626148620389064,2026-09-24,PFE,2026-09-23,NO TRADE,NO_EDGE,2,n/a,2026-09-24 03:33:58.367058
782316390325625817,2026-09-24,MLTX,2027-02-04,NO TRADE,NO_EDGE,2,n/a,2026-09-24 03:33:58.367058
788040784423856707,2026-09-24,VERX,2027-02-02,NO TRADE,NO_EDGE,1,n/a,2026-09-24 03:33:58.367058
792294924113570911,2026-09-24,ANNX,2026-10-31,NO TRADE,NO_EDGE,2,n/a,2026-09-24 03:33:58.367058
796326409491013438,2026-09-24,SNY,2026-11-30,NO TRADE,NO_EDGE,0,n/a,2026-09-24 03:33:58.367058
800583817149335016,2026-09-24,NUVB,2027-03-01,NO TRADE,NO_EDGE,3,n/a,2026-09-24 03:33:58.367058
809177877374961280,2026-09-24,CL,2026-11-01,NO TRADE,NO_EDGE,1,n/a,2026-09-24 03:33:58.367058
811905765038102721,2026-09-24,TGTX,2027-01-21,NO TRADE,NO_EDGE,1,n/a,2026-09-24 03:33:58.367058
823724575474237371,2026-09-24,GILD,2027-03-01,NO TRADE,NO_EDGE,2,n/a,2026-09-24 03:33:58.367058
827582898430257081,2026-09-24,IBRX,2026-10-01,NO TRADE,NO_EDGE,3,n/a,2026-09-24 03:33:58.367058
828333981072179315,2026-09-24,AZN,2026-09-26,NO TRADE,NO_EDGE,2,n/a,2026-09-24 03:33:58.367058
829433723755702947,2026-09-24,PFE,2026-11-29,NO TRADE,NO_EDGE,0,n/a,2026-09-24 03:33:58.367058
833642104108706778,2026-09-24,NVO,2026-09-01,NO TRADE,NO_EDGE,2,n/a,2026-09-24 03:33:58.367058
833743950153789265,2026-09-24,MRK,2026-08-21,NO TRADE,NO_EDGE,2,n/a,2026-09-24 03:33:58.367058
839278023134111755,2026-09-24,VNDA,2026-12-01,NO TRADE,NO_EDGE,2,n/a,2026-09-24 03:33:58.367058
844289564899810674,2026-09-24,BMY,2026-11-01,NO TRADE,NO_EDGE,0,n/a,2026-09-24 03:33:58.367058
847831593776598328,2026-09-24,TECX,2026-11-24,NO TRADE,NO_EDGE,5,n/a,2026-09-24 03:33:58.367058
848380170919772157,2026-09-24,ELDN,2027-01-01,NO TRADE,NO_EDGE,4,n/a,2026-09-24 03:33:58.367058
849513962289496631,2026-09-24,PFE,2026-12-08,NO TRADE,NO_EDGE,2,n/a,2026-09-24 03:33:58.367058
851777744678248305,2026-09-24,ARGX,2027-03-01,NO TRADE,NO_EDGE,1,n/a,2026-09-24 03:33:58.367058
854516611742761023,2026-09-24,CYTK,2026-09-01,NO TRADE,NO_EDGE,3,n/a,2026-09-24 03:33:58.367058
858197949078869508,2026-09-24,PMVP,2026-12-15,NO TRADE,NO_EDGE,4,n/a,2026-09-24 03:33:58.367058
860203401911295116,2026-09-24,SHNTY,2026-12-31,NO TRADE,NO_EDGE,1,n/a,2026-09-24 03:33:58.367058
862855519307415951,2026-09-24,AZN,2027-02-11,NO TRADE,NO_EDGE,1,n/a,2026-09-24 03:33:58.367058
864853890685547704,2026-09-24,GILD,2026-09-01,NO TRADE,NO_EDGE,1,n/a,2026-09-24 03:33:58.367058
870187084373146506,2026-09-24,PFE,2027-03-17,NO TRADE,NO_EDGE,1,n/a,2026-09-24 03:33:58.367058
871037491674342400,2026-09-24,NVS,2027-01-25,NO TRADE,NO_EDGE,2,n/a,2026-09-24 03:33:58.367058
871462163043961387,2026-09-24,CYTK,2026-08-31,NO TRADE,NO_EDGE,2,n/a,2026-09-24 03:33:58.367058
876797349521760645,2026-09-24,INCY,2026-10-09,NO TRADE,NO_EDGE,1,n/a,2026-09-24 03:33:58.367058
880021070498714784,2026-09-24,SGIOF,2026-12-30,NO TRADE,NO_EDGE,1,n/a,2026-09-24 03:33:58.367058
887082308902187101,2026-09-24,AZN,2026-11-17,NO TRADE,NO_EDGE,2,n/a,2026-09-24 03:33:58.367058
893507545584635318,2026-09-24,NVS,2026-12-23,NO TRADE,NO_EDGE,2,n/a,2026-09-24 03:33:58.367058
902629997104715770,2026-09-24,SOGP,2026-12-01,NO TRADE,NO_EDGE,1,n/a,2026-09-24 03:33:58.367058
910065736619061581,2026-09-24,SKM,2027-02-13,NO TRADE,NO_EDGE,1,n/a,2026-09-24 03:33:58.367058
913039852658856160,2026-09-24,KPRX,2026-11-01,NO TRADE,NO_EDGE,1,n/a,2026-09-24 03:33:58.367058
923487698181578491,2026-09-24,BIOA,2026-11-30,NO TRADE,NO_EDGE,3,n/a,2026-09-24 03:33:58.367058
923621283147089430,2026-09-24,SLN,2026-09-01,NO TRADE,NO_EDGE,3,n/a,2026-09-24 03:33:58.367058
925458673540664931,2026-09-24,TLX,2027-01-01,NO TRADE,NO_EDGE,0,n/a,2026-09-24 03:33:58.367058
927132338893439247,2026-09-24,WVE,2026-09-01,NO TRADE,NO_EDGE,2,n/a,2026-09-24 03:33:58.367058
935186026491282612,2026-09-24,ACET,2026-12-01,NO TRADE,NO_EDGE,3,n/a,2026-09-24 03:33:58.367058
937322181399828706,2026-09-24,VRTX,2026-11-30,NO TRADE,NO_EDGE,6,n/a,2026-09-24 03:33:58.367058
939556847062453899,2026-09-24,PFE,2026-09-15,NO TRADE,NO_EDGE,2,n/a,2026-09-24 03:33:58.367058
945125219717614600,2026-09-24,AZN,2026-11-11,NO TRADE,NO_EDGE,0,n/a,2026-09-24 03:33:58.367058
947380052997439981,2026-09-24,NVO,2027-01-14,NO TRADE,NO_EDGE,2,n/a,2026-09-24 03:33:58.367058
949189647011169794,2026-09-24,KPTI,2026-12-01,SHORT,DILUTION_SHORT,8,supported,2026-09-24 03:33:58.367058
951128374831612925,2026-09-24,PFE,2026-12-31,NO TRADE,NO_EDGE,2,n/a,2026-09-24 03:33:58.367058
953396599416606954,2026-09-24,VERX,2027-03-12,NO TRADE,NO_EDGE,2,n/a,2026-09-24 03:33:58.367058
955252076161769738,2026-09-24,BTAI,2026-11-14,NO TRADE,NO_EDGE,4,n/a,2026-09-24 03:33:58.367058
958284999508118804,2026-09-24,KARD,2026-12-01,NO TRADE,NO_EDGE,3,n/a,2026-09-24 03:33:58.367058
967744620515068997,2026-09-24,JAZZ,2026-12-31,NO TRADE,NO_EDGE,2,n/a,2026-09-24 03:33:58.367058
968547450927885195,2026-09-24,MRK,2026-09-05,NO TRADE,NO_EDGE,2,n/a,2026-09-24 03:33:58.367058
976435111283587506,2026-09-24,TAK,2026-10-31,NO TRADE,NO_EDGE,2,n/a,2026-09-24 03:33:58.367058
978944727963173206,2026-09-24,INCY,2026-12-26,NO TRADE,NO_EDGE,1,n/a,2026-09-24 03:33:58.367058
979467900373930316,2026-09-24,QNRX,2027-01-31,NO TRADE,NO_EDGE,2,n/a,2026-09-24 03:33:58.367058
988840722296149732,2026-09-24,SHNTY,2026-09-30,NO TRADE,NO_EDGE,1,n/a,2026-09-24 03:33:58.367058
997113629541559394,2026-09-24,SNY,2026-10-14,NO TRADE,NO_EDGE,1,n/a,2026-09-24 03:33:58.367058
1003402959830426772,2026-09-24,SUPN,2026-12-31,NO TRADE,NO_EDGE,2,n/a,2026-09-24 03:33:58.367058
1006389475713218090,2026-09-24,BMY,2026-10-06,NO TRADE,NO_EDGE,1,n/a,2026-09-24 03:33:58.367058
1012128790983429820,2026-09-24,PCVX,2027-01-01,NO TRADE,NO_EDGE,3,n/a,2026-09-24 03:33:58.367058
1017989305011876117,2026-09-24,ONC,2026-11-01,NO TRADE,NO_EDGE,3,n/a,2026-09-24 03:33:58.367058
1018049033239261208,2026-09-24,BMY,2026-11-18,NO TRADE,NO_EDGE,1,n/a,2026-09-24 03:33:58.367058
1023272181368274668,2026-09-24,PFE,2026-12-31,NO TRADE,NO_EDGE,0,n/a,2026-09-24 03:33:58.367058
1032341533827077879,2026-09-24,GEHC,2026-12-01,NO TRADE,NO_EDGE,2,n/a,2026-09-24 03:33:58.367058
1032364444891250889,2026-09-24,LUMN,2026-08-31,NO TRADE,NO_EDGE,0,n/a,2026-09-24 03:33:58.367058
1034237806183752717,2026-09-24,MRK,2027-01-04,NO TRADE,NO_EDGE,0,n/a,2026-09-24 03:33:58.367058
1046381002312757325,2026-09-24,DWTX,2026-12-01,SHORT,DILUTION_SHORT,23,supported,2026-09-24 03:33:58.367058
1050161932380356704,2026-09-24,REGN,2026-11-13,NO TRADE,NO_EDGE,3,n/a,2026-09-24 03:33:58.367058
1058039109783047705,2026-09-24,GILD,2027-02-01,NO TRADE,NO_EDGE,0,n/a,2026-09-24 03:33:58.367058
1063821472965661839,2026-09-24,PFE,2026-08-30,NO TRADE,NO_EDGE,1,n/a,2026-09-24 03:33:58.367058
1065905675086261832,2026-09-24,ABBV,2026-10-01,NO TRADE,NO_EDGE,1,n/a,2026-09-24 03:33:58.367058
1066319493503201815,2026-09-24,DFTX,2026-09-01,NO TRADE,NO_EDGE,2,n/a,2026-09-24 03:33:58.367058
1067920957507264874,2026-09-24,PRAX,2026-12-01,NO TRADE,NO_EDGE,2,n/a,2026-09-24 03:33:58.367058
1069584790085000152,2026-09-24,PFE,2026-12-31,NO TRADE,NO_EDGE,2,n/a,2026-09-24 03:33:58.367058
1077345411479608814,2026-09-24,NVS,2026-09-24,NO TRADE,NO_EDGE,2,n/a,2026-09-24 03:33:58.367058
1082155255031556053,2026-09-24,AZN,2026-09-30,NO TRADE,NO_EDGE,2,n/a,2026-09-24 03:33:58.367058
1083648177380337834,2026-09-24,SUPN,2026-12-30,NO TRADE,NO_EDGE,2,n/a,2026-09-24 03:33:58.367058
1090442318526189002,2026-09-24,ACLX,2026-12-23,NO TRADE,NO_EDGE,4,n/a,2026-09-24 03:33:58.367058
1090560063351998710,2026-09-24,ALKS,2026-09-01,NO TRADE,NO_EDGE,0,n/a,2026-09-24 03:33:58.367058
1093258063055650097,2026-09-24,ABBV,2027-03-01,NO TRADE,NO_EDGE,2,n/a,2026-09-24 03:33:58.367058
1093522248184747019,2026-09-24,GILD,2026-12-01,NO TRADE,NO_EDGE,0,n/a,2026-09-24 03:33:58.367058
1101388807324719149,2026-09-24,LLY,2026-11-01,NO TRADE,NO_EDGE,2,n/a,2026-09-24 03:33:58.367058
1110323919195463790,2026-09-24,ABCL,2027-02-01,NO TRADE,NO_EDGE,4,n/a,2026-09-24 03:33:58.367058
1116743990168416366,2026-09-24,DCTH,2026-12-01,NO TRADE,NO_EDGE,3,n/a,2026-09-24 03:33:58.367058
1125343314553557596,2026-09-24,INCY,2026-10-19,NO TRADE,NO_EDGE,1,n/a,2026-09-24 03:33:58.367058
1127233108609436032,2026-09-24,NVS,2027-01-29,NO TRADE,NO_EDGE,2,n/a,2026-09-24 03:33:58.367058
1136155253417537345,2026-09-24,ARGX,2026-10-01,NO TRADE,NO_EDGE,0,n/a,2026-09-24 03:33:58.367058
1145578153141299705,2026-09-24,NVS,2027-03-23,NO TRADE,NO_EDGE,2,n/a,2026-09-24 03:33:58.367058
1146243988604162400,2026-09-24,INCY,2026-09-28,NO TRADE,NO_EDGE,2,n/a,2026-09-24 03:33:58.367058
1146349292555773079,2026-09-24,IMUX,2026-11-01,NO TRADE,NO_EDGE,2,n/a,2026-09-24 03:33:58.367058
1147195992912494586,2026-09-24,CRDL,2026-09-21,NO TRADE,NO_EDGE,1,n/a,2026-09-24 03:33:58.367058
1150490191539088460,2026-09-24,LLY,2026-11-01,NO TRADE,NO_EDGE,2,n/a,2026-09-24 03:33:58.367058
